portal_key,portal_season,player_id,portal_first_name,portal_last_name,portal_position,model_position_group,origin,destination,target_metric,predicted_post_transfer_production,baseline_pre_production,baseline_pre_production_missing,model_feature_missing_count,chosen_alpha,training_rows,forecast_status
5e8aa35dc2e0cfbe43b1be3edb0c4e76e1fe61d8ffdd24b318b21d71a2f679eb,2026,5224325,Knai,Cook,S,DB,Charleston Southern,Troy,defensive_tot,25.58376298556416,5.0,False,2,10.0,1479,unobserved_2026_outcome
8abe6c09afb83ce68b1563607a8c69285dca8f4e97c6978798d54205caad5e64,2026,5226581,Caesar,Magee III,CB,DB,Northwestern State,Sam Houston,defensive_tot,27.117187413152926,7.0,False,0,10.0,1479,unobserved_2026_outcome
9c4ac128b4f5af0290aee5540a8e6deb8b207819d8009f18656049d6d1e07a84,2026,5214510,Steve,Miller,S,DB,USC,UConn,defensive_tot,24.299329844454807,1.0,False,2,10.0,1479,unobserved_2026_outcome
31e7604199df0d7fddc08d4803b15fc5cc5d04be6a62f56e4a4eb28cf59361b0,2026,5382929,Dilan,Williamson,CB,DB,Concordia St. Paul,Memphis,defensive_tot,19.901759610305657,,True,7,10.0,1479,unobserved_2026_outcome
9c4388b83d09fffefa05340cac1e234afac004b3f97f2a593f63b2ff6bcfb93f,2026,5147180,Nikko,Klemm,S,DB,Arizona State,Sacramento State,defensive_tot,14.556887667531052,,True,8,10.0,1479,unobserved_2026_outcome
fd878fe5a8a0104f75809d0623cc8620eb797c50c5807521ddc69bb66e571fb3,2026,5107937,Selman,Bridges,CB,DB,Arkansas,Nevada,defensive_tot,15.793180962023662,,True,8,10.0,1479,unobserved_2026_outcome
1667f4b9bd00cfe707aa146844752615b2dc56238fe6f64a6f36cf95712d17b1,2026,4870718,Ahmere,Foster,S,DB,Southern Miss,Memphis,defensive_tot,43.95492134578853,47.0,False,1,10.0,1479,unobserved_2026_outcome
f8c8976226da9120c2a9a469268eada990a57fea3d4282a0beccb498aa007946,2026,5083106,Nick,Sawyer,CB,DB,Charleston Southern,Bowling Green,defensive_tot,18.720909006328082,3.0,False,1,10.0,1479,unobserved_2026_outcome
c7a653db1df0a27263d97ad7abbf3e74eee5813a0e3acb28c1772eba16c443e2,2026,5155504,LaTristan,Thompson,CB,DB,Utah,UTEP,defensive_tot,24.812831278022404,4.0,False,2,10.0,1479,unobserved_2026_outcome
a633b3149bd28b158dcaec1b658b0da6738875eedd399d635210930f564d1e3d,2026,5146976,Tyler,McKinstry,CB,DB,Toledo,UConn,defensive_tot,24.591021543532275,4.0,False,2,10.0,1479,unobserved_2026_outcome
644eb8f0e3b7246168ee03b14d6d291c518f87c5a9fe59949726c3d3d34558f1,2026,5306330,Aumad,Edwards,CB,DB,Kentucky,Marshall,defensive_tot,18.792710937855,,True,7,10.0,1479,unobserved_2026_outcome
d3c5fe435fc9a3a752e1d5effd288a81d24d4681fc8054f3e755e97890409810,2026,4950397,Tracy,Revels,S,DB,Michigan State,UConn,defensive_tot,19.458140141325394,,True,7,10.0,1479,unobserved_2026_outcome
14b66df6c4a9b384084f6392357b45176fd06fcc9c0b87daafe610ff609fc1e4,2026,5211749,James,Finley IV,S,DB,Northern Illinois,Illinois,defensive_tot,33.75827265879282,15.0,False,0,10.0,1479,unobserved_2026_outcome
47016dd1dc809f8a7e6fe2af50dd20492189c9eacda8233c53cbe4d7949badd2,2026,4922985,Randon,Fontenette,S,DB,Vanderbilt,Colorado,defensive_tot,34.50266227909358,51.0,False,2,10.0,1479,unobserved_2026_outcome
bf33d6317369542a46c6aa532c9077195f97d11d844ffb09f451d1348dae8c44,2026,5225413,Ty,Jones,S,DB,Norfolk State,Louisiana Tech,defensive_tot,26.074321113985242,6.0,False,2,10.0,1479,unobserved_2026_outcome
7bf36bb5ebabf496833345b9befb38cfdc2a0e1011341553ca2de8ccfd2142da,2026,5382826,Keiyon,Turner,CB,DB,Fort Hays,Jacksonville State,defensive_tot,14.556887667531052,,True,8,10.0,1479,unobserved_2026_outcome
5bb0fe19d15bf4f91039b4aaee5f18846ab67181dd1001384600b8323432acef,2026,5303415,Jonavan,Carr,CB,DB,Albany State,Jacksonville State,defensive_tot,20.4044175790119,,True,7,10.0,1479,unobserved_2026_outcome
6d063d491c984fbbf6ec7539e14f8f33502a7b181516b91d9b6354ce5198d7e3,2026,5141971,Justin,Denson Jr.,S,DB,Michigan State,Purdue,defensive_tot,24.503329309202925,2.0,False,2,10.0,1479,unobserved_2026_outcome
894d0a674944dd6ec10ecd9eb80b7b7aa91dfb11a5875625c88f94ce4bca0524,2026,5207896,Jacob,Bradford,S,DB,LSU,West Virginia,defensive_tot,20.34537907928592,,True,7,10.0,1479,unobserved_2026_outcome
4969a19c60f30f0c82178d788129a19a8167cc82d90788931b3b73e274f0c89d,2026,5212990,Darius,Johnson Jr.,CB,DB,Gardner-Webb,Georgia State,defensive_tot,19.901759610305657,,True,7,10.0,1479,unobserved_2026_outcome
6de2aa68fed4e6a113ee0221806d9c4f7d803c3f649b3a194dc85840d94f2035,2026,4905245,Jason,Oliver,CB,DB,Sacramento State,San Diego State,defensive_tot,29.24667620937859,1.0,False,0,10.0,1479,unobserved_2026_outcome
2490b252e41a259e74e7f7aff473601c5b1e57ddea28d4eb8708ae5d03cfe4a8,2026,5154222,JeRico,Washington Jr.,CB,DB,Kennesaw State,Boise State,defensive_tot,20.718210442909534,43.0,False,2,10.0,1479,unobserved_2026_outcome
991111a4756968dacdecc87d53c9349fa1c1a3c32ebb72d51f5b6c2296e9effc,2026,5231155,Gabe,White,CB,DB,Bethune-Cookman,Coastal Carolina,defensive_tot,31.303471501504138,12.0,False,0,10.0,1479,unobserved_2026_outcome
80a9bd4b10de8382f43cf4a1fa435658f7cc34e15caa8364010f5ce79fdbf4c9,2026,5223122,Hiroshi,Carr,CB,DB,Morgan State,Southern Miss,defensive_tot,29.933375401858008,12.0,False,0,10.0,1479,unobserved_2026_outcome
757c95b4f5e186bba87211b2399ff077ae4974caf50610aae6995fdfeee0824f,2026,5110457,Kris,Wokomah,S,DB,Baylor,UAB,defensive_tot,18.6093353933767,1.0,False,3,10.0,1479,unobserved_2026_outcome
380f0a9e49adf3267d9a2ae9b6c232abec1fd0eda2373b19ee8a2084ebb27eab,2026,4840124,D.J.,Moore,S,DB,Georgia Tech,South Alabama,defensive_tot,24.591021543532275,4.0,False,2,10.0,1479,unobserved_2026_outcome
e5205d52d663c3d47781a00739befb81ebd0dad54d2cdc4176ff700b44cb551b,2026,5151090,Kendel,Dolby,S,DB,Oklahoma,Mississippi State,defensive_tot,26.41213101366123,9.0,False,2,10.0,1479,unobserved_2026_outcome
492b4678224a7b6451e135036d8988684344a2e0c94b24f33daa1fe056d7753d,2026,5300317,KJ,Thomas,CB,DB,Mercer,Toledo,defensive_tot,23.035100135196842,3.0,False,2,10.0,1479,unobserved_2026_outcome
400143746085531d81cf9b44bc76fa67ba8bc2ab66c498e35eb1423448e2e88c,2026,4918447,Amare,Snowden,CB,DB,Toledo,Syracuse,defensive_tot,19.901759610305657,,True,7,10.0,1479,unobserved_2026_outcome
43f5305bbe0cb55cefc2ffedbfff5957ba6abaf4c2f643744a126930297a7c70,2026,5146577,Davion,Pritchard,CB,DB,Pittsburgh,Kent State,defensive_tot,24.077520109964674,1.0,False,2,10.0,1479,unobserved_2026_outcome
f0addc63424aec59be3f0323b1abdd01fa71b18521f3bdfa5c37d82264db400d,2026,5079741,Jaylen,Thompson,S,DB,Memphis,UAB,defensive_tot,19.679949875815524,,True,7,10.0,1479,unobserved_2026_outcome
a48f38938732a980ddd6eee1cf8b2f019acfd3685947f428a6027633eb8ef903,2026,4870710,Isaiah,Hardge,CB,DB,Colorado,Tennessee,defensive_tot,27.30263047903617,14.0,False,2,10.0,1479,unobserved_2026_outcome
e9e0e82c2c68eb48fb60f69f9ac4b4956ac22ef0de7ec5e2cfd10d74c49fdec8,2026,5225546,Amaurey,Brooks,CB,DB,Fordham,New Mexico State,defensive_tot,19.679949875815524,,True,7,10.0,1479,unobserved_2026_outcome
99f5fcdb72ff80b4848d95341d088c0fed570840cb9cbd168013672de35c9ee9,2026,5092260,Jalen,Thomeson,S,DB,Ohio,San Diego State,defensive_tot,51.83555279029389,86.0,False,1,10.0,1479,unobserved_2026_outcome
23522d6208e685558d93376b4425b7d2201b3c61d7fc395dbe6d3ca3100150b1,2026,5302089,Sayre,Smothers,CB,DB,The Citadel,Buffalo,defensive_tot,24.72513904369306,2.0,False,2,10.0,1479,unobserved_2026_outcome
a8ff288741a3d37b4d2fb834e28af1c95c1da998a066f9544bbd1f482a081424,2026,4594332,John,Howse IV,S,DB,Middle Tennessee,Arkansas,defensive_tot,25.767551857463047,13.0,False,2,10.0,1479,unobserved_2026_outcome
2396e44588af598646fbb86a6e4ed29b0d5b1023f59a7b8e633c07baf28d2ced,2026,4988081,Vincent,Holmes,S,DB,Washington,Oklahoma State,defensive_tot,24.56620573039567,4.0,False,2,10.0,1479,unobserved_2026_outcome
9bfb0bc8a6860fb2dcaaeb8f521f0b23fc42e68ad821bda2f902787d4a9443ed,2026,5394207,D'Cambren,Verrett,S,DB,Texas A&M-Kingsville,Western Kentucky,defensive_tot,19.679949875815524,,True,7,10.0,1479,unobserved_2026_outcome
c25e671462fdacd257923c59bb8528ac557c82133c0d51599ef59779b162156a,2026,5121711,Ayden,Jackson,S,DB,Georgia Southern,South Florida,defensive_tot,52.52151284200691,74.0,False,2,10.0,1479,unobserved_2026_outcome
d6ce160d86a84ff12c5140dab241b6906d461b1214fe12e12a8ed3c505026c79,2026,5381376,Andre,Jocelyn,CB,DB,Benedict,Georgia State,defensive_tot,18.046630634655347,,True,9,10.0,1479,unobserved_2026_outcome
ea12984d15dae81fda923aada46576663d104923cf70d508d6449562226c4ec7,2026,5161640,Dre,Walker,CB,DB,Virginia,App State,defensive_tot,19.458140141325394,,True,7,10.0,1479,unobserved_2026_outcome
52c61804eef22402848ca7d8fd1689e0716d2a6412d99c321a9b869331da55a2,2026,4685353,Jaeden,Gould,S,DB,UCF,Temple,defensive_tot,19.47564345996647,4.0,False,3,10.0,1479,unobserved_2026_outcome
213fd4fd9855b2bb6838babc48193ca2ecd0a3dfdf744acbd48f9c719aa4f8ea,2026,5125153,Che,Ojarikre,S,DB,Stanford,Duke,defensive_tot,32.61462691198804,30.0,False,2,10.0,1479,unobserved_2026_outcome
e0e5c21d1c692ff5e74cc19ded3481f43286e94cd2a60f33f4542f696d059e71,2026,5091788,Aaron,Sears,CB,DB,Stephen F. Austin,Georgia Southern,defensive_tot,27.718872830125544,7.0,False,0,10.0,1479,unobserved_2026_outcome
b7ce3c0de88a1df595f178ea7555098e40a69d5ef8e46e74ce8527731115cacc,2026,4433868,Jalen,McNair,S,DB,Buffalo,Virginia,defensive_tot,41.773081932140286,50.0,False,0,10.0,1479,unobserved_2026_outcome
bd8161ee448cc315a691d84101b67162ab7d100d49a82d1f92fe527cb7c861d1,2026,4870673,Kodi,DeCambra,S,DB,UNLV,Hawai'i,defensive_tot,20.457627082113675,4.0,False,3,10.0,1479,unobserved_2026_outcome
39c77386042e5c4545971d016cd74eb70b61dbaa2435f3880a15540245cf6363,2026,5219024,A'mon,Lane-Ganus,CB,DB,Auburn,South Florida,defensive_tot,20.12356934479579,,True,7,10.0,1479,unobserved_2026_outcome
42fe22eda9db22eeddf83f5155972e95f53ef4d1898ae9e94dbc8a3ca1554071,2026,5296126,Jonah,Martinez,CB,DB,TCU,Southern Miss,defensive_tot,20.12356934479579,,True,7,10.0,1479,unobserved_2026_outcome
f8a9f2049581588fb21de3a970be18d8dd55594d2a880e028e5c138b423a973f,2026,4685616,Gentry,Williams,CB,DB,Oklahoma,Georgia,defensive_tot,25.089597618542914,10.0,False,2,10.0,1479,unobserved_2026_outcome
2d244faeb2f87e96c020c8f5e0504e8cd999742b0b19cf6e0f431ab245a584e3,2026,5151374,Charles,McCartherens,CB,DB,Buffalo,Marshall,defensive_tot,15.025931483694938,9.0,False,3,10.0,1479,unobserved_2026_outcome
046f87127d979024c210a3fb3b18689740b57b9b477e751c6ac2f6ea1e830b7c,2026,5300327,Kamari,Todd,CB,DB,Chattanooga,Auburn,defensive_tot,26.07735011851597,1.0,False,0,10.0,1479,unobserved_2026_outcome
32a3b036c9063a87924619def48ab9db71b94e29105a5d3c47e9ec287ebb34c9,2026,4685588,Markeith,Williams,S,DB,Miami,Oklahoma State,defensive_tot,19.901759610305657,,True,7,10.0,1479,unobserved_2026_outcome
160cb14e7d50d90ba3568f3595b8b93d78696f02d0f093fd16bbdae59951ba11,2026,5149492,Lawrence,Johnson,CB,DB,Florida Atlantic,Florida International,defensive_tot,23.653236707530766,9.0,False,2,10.0,1479,unobserved_2026_outcome
b8f98ac71660083e86cdf61b673c11ee9e4642c8cb7d607545073bcfc936fb4a,2026,4430629,Jeremiah,Piper,CB,DB,Youngstown State,Oklahoma State,defensive_tot,19.679949875815524,,True,7,10.0,1479,unobserved_2026_outcome
a75d1c94bbacc4b71bbd044a0e64680706e62a363baeeaff6a229f083fa425be,2026,5195681,James,Johnson,CB,DB,USC,Middle Tennessee,defensive_tot,19.901759610305657,,True,7,10.0,1479,unobserved_2026_outcome
92bedb094e5b4d5dacdf454d510427d69562496af3fdbe1089e8d253f0ab3973,2026,4707184,DJ,McKinney,CB,DB,Colorado,Notre Dame,defensive_tot,31.520953082865894,34.0,False,0,10.0,1479,unobserved_2026_outcome
9073eff38bd31fa6fe2e4bbff0b2c84a925b80b51d5bd32f6f8269dee272afd6,2026,5075675,Carter,Stoutmire,S,DB,Colorado,Arkansas,defensive_tot,27.51969437336279,33.0,False,2,10.0,1479,unobserved_2026_outcome
e45c3830c99f14acc0b4b1bb39411c42301bf5596f3cb6aaed9a7e4123976a02,2026,4685584,Jalil,Tucker,CB,DB,Oregon State,Washington State,defensive_tot,27.09137872468794,25.0,False,0,10.0,1479,unobserved_2026_outcome
f689b94d1703aa8e7a3990523fcdafd6c7f2805586807066d033928994a8512e,2026,5158914,Ja'Marley,Riddle,S,DB,East Carolina,Georgia,defensive_tot,50.07880858555006,70.0,False,0,10.0,1479,unobserved_2026_outcome
66a6dc0039d2706784d5b4b0d492d3812a24585efbb0ff31cbc33beb4bbc18f8,2026,5159136,Tayden,Barnes,S,DB,Cincinnati,New Mexico State,defensive_tot,32.35023074057212,24.0,False,2,10.0,1479,unobserved_2026_outcome
36cd9c158fa80465f2722d859de1aae5b5efa23b96a0f1d7461be0d1600a587b,2026,5079325,Jamir,Benjamin,CB,DB,UCLA,Rice,defensive_tot,26.621570579046775,9.0,False,2,10.0,1479,unobserved_2026_outcome
db3397deb86e22154032111bb692be61fcbe038095a9cf4e43fbe699405d6581,2026,5263572,Tyrone,Cotton III,CB,DB,Washington State,Iowa State,defensive_tot,19.901759610305657,,True,7,10.0,1479,unobserved_2026_outcome
d96013f12027af40ecd07cfc3155b283e87d10cf938fb7faffbfb93ba170fe3c,2026,5155562,Marcus,Wimberly,S,DB,Oklahoma,Utah,defensive_tot,19.901759610305657,,True,7,10.0,1479,unobserved_2026_outcome
bd7ab64172c24b5d105fdf43b4ac172d0d1ff3f57faec7c728adc94eca0e47bd,2026,5208133,Dominick,Kelly,CB,DB,Georgia,Ohio State,defensive_tot,23.071352349542202,3.0,False,2,10.0,1479,unobserved_2026_outcome
6d92557d332a90db8491dd2f05813a492942976f18b6b30c207f2e31dfd47ed4,2026,5146977,Jaire,Rawlinson,CB,DB,Kent State,West Virginia,defensive_tot,32.139548156476394,52.0,False,2,10.0,1479,unobserved_2026_outcome
feb640fb2b43259a8d535fad453c0b88d75298d29f2ab47d14d4faf230094324,2026,5081815,Diante,Griffin,CB,DB,Ohio State,Ball State,defensive_tot,18.792710937855,,True,7,10.0,1479,unobserved_2026_outcome
d2d9230fde419891016e9b6deffc15884867160368ac04d772fd5581231d15c4,2026,5079483,Dejuan,Lane,S,DB,Penn State,Tennessee,defensive_tot,29.032548436118038,29.0,False,2,10.0,1479,unobserved_2026_outcome
b034e34f96e14e5a87717d8e7bb046dd509c3c643f9d6939bf64986f48f843e2,2026,4870618,Dwight,Bootle II,CB,DB,Charlotte,Arizona,defensive_tot,36.10691297172342,38.0,False,2,10.0,1479,unobserved_2026_outcome
269a972bf462f4fabc439542e94281d09b238ef19d212a1da327367609586f6f,2026,5084520,Javis,Mynatt,S,DB,Texas State,James Madison,defensive_tot,33.03189034951961,30.0,False,2,10.0,1479,unobserved_2026_outcome
ea0d3e412bb9475acefa45adec8ef18ad36940bcf54c0782358472a9130716aa,2026,5163078,Ian,Foster,S,DB,Southern Miss,Memphis,defensive_tot,50.44948141113773,76.0,False,0,10.0,1479,unobserved_2026_outcome
38ee6de74e701fea0e7418da5f9d86aed58b12755c6ebd1de681d8f0928f74a7,2026,4701937,Myles,Pollard,S,DB,Memphis,East Carolina,defensive_tot,19.679949875815524,,True,7,10.0,1479,unobserved_2026_outcome
b5a845420c46c00014eaee5b7955098ae2b820fbe1b1114d5ea0c0df5ba84e25,2026,4870753,Daniel,Harris,CB,DB,Georgia,California,defensive_tot,26.879000853020926,7.0,False,2,10.0,1479,unobserved_2026_outcome
99838d69329b60d1fb5a28a0072145664fdadd4f54b99261bda14a8c0a400cfe,2026,5146814,Carson,Van Dinter,S,DB,Iowa State,Wisconsin,defensive_tot,28.575698593725992,18.0,False,2,10.0,1479,unobserved_2026_outcome
1e20982b7be1bad5a3e073ce23f36720eba415a206ad87db5d5ed5fc36006eab,2026,5148417,Dontrae,Henderson,CB,DB,Indiana,Arkansas State,defensive_tot,17.334607908872258,,True,7,10.0,1479,unobserved_2026_outcome
4edb848eb4da3abdad26c744d060a2a2b3c74c9165f1cb1d2887fcb10d2836d1,2026,4870242,Evan,Smith,CB,DB,Northwestern,Duke,defensive_tot,24.214030772234835,6.0,False,2,10.0,1479,unobserved_2026_outcome
324568711bcf35aa1c7df4831a8972a50f14dc12179b97d7d4980ccadd1482d3,2026,4870146,DJ,Burks,S,DB,App State,Tennessee,defensive_tot,50.79979822526202,73.0,False,0,10.0,1479,unobserved_2026_outcome
8219034feaa41935ec85f5e20080ea346c5a61bbacd9758c51e234b66e7a349e,2026,5224059,Mike,Lindsay,CB,DB,Idaho State,San Diego State,defensive_tot,27.376134304829016,3.0,False,0,10.0,1479,unobserved_2026_outcome
375db1aa171165a112860254a5a2b4ea749f00ffa0c2810306b3bf56b14f721e,2026,5147679,Nehemiah,Chandler,CB,DB,South Alabama,Florida State,defensive_tot,22.158266754499394,31.0,False,0,10.0,1479,unobserved_2026_outcome
0114095ec7871990b80112275ae02f88587dc63b1918559e12c9dc38e0f2939a,2026,5117455,Ty,Benefield,S,DB,Boise State,LSU,defensive_tot,62.88106821596376,105.0,False,0,10.0,1479,unobserved_2026_outcome
cc670cdd218b8c173b2099e59ae39eb2fe4d7689134b589a98ee59499638e11a,2026,5263782,Brody,Miller,S,DB,Washington State,Iowa State,defensive_tot,24.059709840222663,2.0,False,2,10.0,1479,unobserved_2026_outcome
2ba374f641e35c3763587483cf5b944cdc76ba7d5e81caf40ee5628446eac287,2026,4833357,Jeremiah,Cooper,S,DB,Iowa State,Penn State,defensive_tot,25.22665832719499,9.0,False,0,10.0,1479,unobserved_2026_outcome
81f34890cd97f398f51d05f3eb3144140402b5b6578aaee771719f3d2c3a3398,2026,5078918,Ashton,Stamps,CB,DB,LSU,Arizona State,defensive_tot,21.86692731804353,1.0,False,2,10.0,1479,unobserved_2026_outcome
d3ee9b1d5a7251add3f417e82e2960e80f434799f383d510ec7f2d3fa7cd7052,2026,5295463,Stilton,McKelvey,CB,DB,New Mexico State,Baylor,defensive_tot,22.583688794963905,18.0,False,2,10.0,1479,unobserved_2026_outcome
70736866fca7ae6ec595cc53e5986f2c2b0c7a312ec1d1ce9eee7cb597d27d08,2026,5193332,Ty,Goodwill,S,DB,South Alabama,Cincinnati,defensive_tot,30.284743398780662,35.0,False,0,10.0,1479,unobserved_2026_outcome
cdc7ed04af738e77cab0789b9c3404965c462cccf00d2583adbfe0584f543889,2026,5083052,Ellis,Ellis Jr.,CB,DB,Austin Peay,Memphis,defensive_tot,25.939296602566593,17.0,False,2,10.0,1479,unobserved_2026_outcome
36b3cf109ae39efb1a1c1caf9738a43d589616a7d454b0ed303128c9e9fa327b,2026,5221314,Sione,Laulea,CB,DB,Oregon,Missouri,defensive_tot,24.22478859211952,7.0,False,2,10.0,1479,unobserved_2026_outcome
d486ea9e4930f72682280f41c4beb0ddc4271dff430a85f8c04f7118e208b37c,2026,5083172,Ormanie,Arnold,CB,DB,Cincinnati,New Mexico,defensive_tot,24.899616501093888,15.0,False,2,10.0,1479,unobserved_2026_outcome
9152cce8f88aeac161de46afe08db90b18c733b9fad1b070fab558c42ccc55f0,2026,5168843,Elijah,McKenzie,CB,DB,Bowie State,Liberty,defensive_tot,19.458140141325394,,True,7,10.0,1479,unobserved_2026_outcome
ab7ebce99095e975a624308f66222179994d67258f667bfcb5c23cbb3f57fbd4,2026,4869698,Koen,Entringer,S,DB,Iowa,Louisville,defensive_tot,46.35500709800927,73.0,False,2,10.0,1479,unobserved_2026_outcome
157bfb5c6f7b35c9970bb1df27353b320525021ceda3bca162f1af48b1de81a0,2026,5085779,Jalen,Lee,S,DB,South Dakota State,Coastal Carolina,defensive_tot,28.89665138122032,,True,5,10.0,1479,unobserved_2026_outcome
a5f81777cebdd69789782336ff9d9af5b319f87bc39d7a685a641191ee0ccbe5,2026,5154001,Zahmir,Dawud,CB,DB,Villanova,Rutgers,defensive_tot,29.698778571690625,5.0,False,0,10.0,1479,unobserved_2026_outcome
c18db0bdaca0050bedf131c9297b0ef465f898c7612b740e4e44033996178205,2026,5236370,LaMarcus,Hicks II,CB,DB,Iowa State,Arkansas,defensive_tot,19.458140141325394,,True,7,10.0,1479,unobserved_2026_outcome
13a5b19701f9bf69d5c8f30c6c134a2123653e102bf8c65d385bffb34075885f,2026,5192677,Jeremiah,Jordan,S,DB,Memphis,UAB,defensive_tot,20.193777246523712,19.0,False,2,10.0,1479,unobserved_2026_outcome
62c968d21c0fd239144a396619baf84f8ef70e5bd1b33916da82117a8f377c5d,2026,4685258,Tayvion,Beasley,CB,DB,BYU,South Florida,defensive_tot,20.410975338081006,11.0,False,3,10.0,1479,unobserved_2026_outcome
341e1be848660616481f7ff198627fe4a2f99f2f593687c26c07bca4966bf2f9,2026,4870700,Sharif,Denson,CB,DB,Florida,Ole Miss,defensive_tot,38.220281701511865,52.0,False,2,10.0,1479,unobserved_2026_outcome
6bf2f7d8af3a5c412a6e6b222bb163bf2f240ab18ca5e42d1de15edec9ed8749,2026,4431195,DeAndre,Boykins,S,DB,Oklahoma State,Florida International,defensive_tot,19.679949875815524,,True,7,10.0,1479,unobserved_2026_outcome
a1eabcc862cf0b33282af6f940c026b66e8e07f9536e8afa7be9d8971a0ade2d,2026,5086498,Jaylen,Jones,S,DB,Georgia State,Virginia,defensive_tot,49.70112862103871,66.0,False,0,10.0,1479,unobserved_2026_outcome
c44ccfc8dd6318cb2841233b966ef0730174ffb459875c04d00ddf2ab2f0c2a3,2026,5121895,Mose,Phillips III,S,DB,Missouri,Oklahoma State,defensive_tot,24.54321551878642,5.0,False,2,10.0,1479,unobserved_2026_outcome
2201275a2099ca2e08f725bd8ffc16e59ed75d01561f707b1498237e4fd62202,2026,5381373,Donovan,Faria,CB,DB,Gannon,Georgia State,defensive_tot,19.901759610305657,,True,7,10.0,1479,unobserved_2026_outcome
d201626e65859de05e68b39c48e758210cf5adce99731d53fdfdbe06e88a4f0b,2026,5296144,Jasper,Beeler,S,DB,Northern Illinois,Cincinnati,defensive_tot,56.668437456446384,74.0,False,0,10.0,1479,unobserved_2026_outcome
3330e3859cd33bd69630eb853502302712dcdaf50decb994c2db4e7181fddab5,2026,5220493,Justin,Ross,CB,DB,Navy,Virginia,defensive_tot,31.451850447888614,32.0,False,0,10.0,1479,unobserved_2026_outcome
d300a79805e80db971f338ec5d5634bc6abe73985dcc656a00eb25cbd84bd99e,2026,5385735,Jordan,Rogers,S,DB,Pittsburg State,Texas Tech,defensive_tot,18.046630634655347,,True,9,10.0,1479,unobserved_2026_outcome
af70af94cfb363855344298089f6b965bc92b01720148f540d3b0df7025bd7fa,2026,5158259,Maliki,Wright,S,DB,Duke,Kennesaw State,defensive_tot,19.679949875815524,,True,7,10.0,1479,unobserved_2026_outcome
ef4e94ec68e875bffd36f057a59603dadec73e47019bdb8b7a768493dca69bf5,2026,5103802,Nazir,Ward,CB,DB,Western Kentucky,Syracuse,defensive_tot,29.795538229064196,35.0,False,0,10.0,1479,unobserved_2026_outcome
5b356cf20929ff19e3c36c34b9fe08894bfe096d6215cf111515d38794ba6dd5,2026,5226953,Damill,Bostic Jr.,CB,DB,Villanova,Coastal Carolina,defensive_tot,22.115992934242378,5.0,False,2,10.0,1479,unobserved_2026_outcome
796fcff7973bbf205ff6bf0770cec67c556276bb98abc83f6dba6703eff62672,2026,4588194,Dyson,McCutcheon,S,DB,Washington,Middle Tennessee,defensive_tot,19.901759610305657,,True,7,10.0,1479,unobserved_2026_outcome
b64990aab94023279c5d419d75633ce4c71500c9b1ac2d8d100f47502e5e4275,2026,4870698,Aaron,Gates,S,DB,Florida,Kentucky,defensive_tot,26.435381384040664,7.0,False,2,10.0,1479,unobserved_2026_outcome
f590f16adce06a2c66c9858a8b981b46402420da3fab0990f408a8ffa61d2ee8,2026,5083242,Noah,Mangham,CB,DB,Abilene Christian,Georgia Southern,defensive_tot,30.119919682266588,2.0,False,0,10.0,1479,unobserved_2026_outcome
ffc098400ad69c0420450b68ecfdbf1ae397d61ec5cc5258a205edc5a732e33c,2026,4605838,Preston,Zachman,S,DB,Wisconsin,Indiana,defensive_tot,31.36581003098001,7.0,False,0,10.0,1479,unobserved_2026_outcome
b4b9ccbf0297e55aed370f2aeac4f7109349393192776f143aa89e95e5430d32,2026,5079312,TJ,Banks,S,DB,Ole Miss,Louisville,defensive_tot,29.895752274319367,20.0,False,2,10.0,1479,unobserved_2026_outcome
5886cb987f232ae35d523a6c0acee0a83a3e2929a766b860b2acc5784d4aaad8,2026,5166833,George,Mullins,S,DB,Michigan State,Delaware,defensive_tot,18.9544579016802,1.0,False,3,10.0,1479,unobserved_2026_outcome
f747464202906df02fd4882642f0264170223bebfc58b5762c99e392c6529bb9,2026,5075544,Luke,Evans,CB,DB,Miami (OH),Kennesaw State,defensive_tot,23.189374160746283,10.0,False,2,10.0,1479,unobserved_2026_outcome
9972765f6bddefb14eb547aa9e75a12739bdc00fbb46e1f11545957bf9fb1f7b,2026,5033015,Eddie,Pleasant III,CB,DB,Buffalo,Marshall,defensive_tot,18.6093353933767,1.0,False,3,10.0,1479,unobserved_2026_outcome
00d815ccfd50acfcd0395730a738aa5ebdb21b85587aaa2ba714ac37f52d5372,2026,4870721,A.J.,Harris,CB,DB,Penn State,Indiana,defensive_tot,34.61271370386754,33.0,False,2,10.0,1479,unobserved_2026_outcome
45d437dae289e88a2d15eb3dda0e9024714173ad48025f090a2e5ea52fc5efe2,2026,4910223,Malcolm,Hartzog,S,DB,Nebraska,Arizona,defensive_tot,25.206697884547285,1.0,False,0,10.0,1479,unobserved_2026_outcome
95bfbfde70431450d39421cf97147a90122d19ebdc32bcbaec39d4e30c5eb4be,2026,5079437,Fred,Gaskin,S,DB,South Florida,Auburn,defensive_tot,43.526826945211894,53.0,False,0,10.0,1479,unobserved_2026_outcome
0448ba303c24cae143254047180642ddfae2ae6b6f317cd20ce27ddb1e5f4c8b,2026,5295538,CJ,Bell Jr.,CB,DB,Iowa,UConn,defensive_tot,19.901759610305657,,True,7,10.0,1479,unobserved_2026_outcome
8e64b3b9e2e34edb33c051273d83e7832c93ace6049adda8bf1a8ed346c256e8,2026,5224370,Seth,Johnson,CB,DB,Montana State,Iowa State,defensive_tot,23.436046614835753,7.0,False,2,10.0,1479,unobserved_2026_outcome
263a565b85b532f141c11f8165b6198f9bea606dff7fda4b49b0420b765c2275,2026,5224368,Jhase,McMillan,CB,DB,Montana State,UCLA,defensive_tot,27.838514917678168,17.0,False,2,10.0,1479,unobserved_2026_outcome
138222a072bc9b133c5a39a45224a51f78fb67a704d6a1037d4c335f83762f3d,2026,5225274,Isaiah,Houi,CB,DB,Eastern Illinois,Oregon State,defensive_tot,28.14245400927362,8.0,False,0,10.0,1479,unobserved_2026_outcome
1177db64c4a8b7581e69069b4df9c79932c1c09b2d5531a5380ad66e235e3c05,2026,4833353,Trudell,Berry,CB,DB,Vanderbilt,Oklahoma State,defensive_tot,20.12356934479579,,True,7,10.0,1479,unobserved_2026_outcome
8f1ef9b09a0d763cc1dc1051df409f8bd419d85992df0199022b3a2062a6cdc3,2026,5178078,Shamar,McIntosh,S,DB,Maryland,Charlotte,defensive_tot,23.28877813268091,1.0,False,2,10.0,1479,unobserved_2026_outcome
b3b5552c02c5eed9117cc273331daf50841b8a98c01ad9546c62f9bd401ee02f,2026,4775257,Caleb,Brown,CB,DB,Virginia Tech,Hawai'i,defensive_tot,17.486228727674117,2.0,False,3,10.0,1479,unobserved_2026_outcome
2a980efcbedc146512c99ce61635fcacfa39dc45a8b24bdeb9452f2d31928dae,2026,5159190,Jaylen,Bowden,CB,DB,Minnesota,East Carolina,defensive_tot,22.507077289997234,3.0,False,4,10.0,1479,unobserved_2026_outcome
f66092e91cc048eaa9a47d4054835653d240fa64af7c6fdfa93d0949ffd1c872,2026,5147222,Cedric,Franklin II,CB,DB,Arkansas State,Ball State,defensive_tot,19.458140141325394,,True,7,10.0,1479,unobserved_2026_outcome
f83f7f3f2cdf3a60d9c5ca119b0a319e3b69a87e85c361c5e0b10a2e9dd85d1f,2026,5220589,Nigel,Pringle,CB,DB,Arkansas,Arizona State,defensive_tot,24.158206800899425,2.0,False,2,10.0,1479,unobserved_2026_outcome
34f95e6aeb87b82711198608907de46a7d4cfb1ec14e49479802a295fb91d48d,2026,5231369,Demario,Bookhart,CB,DB,South Carolina State,Louisiana Tech,defensive_tot,25.94669576360967,4.0,False,2,10.0,1479,unobserved_2026_outcome
0cb37b77c52fa9c94dde4a4cc003967601f7eab3b55c84b057cf19779499e216,2026,5078101,Zyeir,Gamble,S,DB,App State,East Carolina,defensive_tot,45.97218074892125,72.0,False,1,10.0,1479,unobserved_2026_outcome
70184778df1332efc7fd4aea21726c246e37871ada1f94b73fc148edb04ca2dc,2026,5155789,Darren,James-Hamilton,S,DB,Elon,Ohio,defensive_tot,32.496507038256794,11.0,False,0,10.0,1479,unobserved_2026_outcome
3566a920dbed46dc0b2a9610ee9068d2cda4ba43307ce7753c25f6bbcf77723f,2026,4870746,Jshawn,Frausto-Ramos,S,DB,Arizona,Washington State,defensive_tot,19.901759610305657,,True,7,10.0,1479,unobserved_2026_outcome
a0592eb779d8235574610a36e12b62adcb8cc9ff33d497688dd7cf4dc2c6448b,2026,5167188,Elijah,Pratt,S,DB,SMU,UAB,defensive_tot,20.12356934479579,,True,7,10.0,1479,unobserved_2026_outcome
017655d71ce872ca66788c5d3d63774f728b82a7fdbdf5816f168e0b178c7e2a,2026,4868899,Mason,Moore,S,DB,Lehigh,Coastal Carolina,defensive_tot,21.969663219514516,,True,5,10.0,1479,unobserved_2026_outcome
8b358247812f97bfcb67ab972f4a1f8c1cb1ded1384057cc7dbdf4213e0e2073,2026,4808758,Kajuan,Banks,CB,DB,South Florida,Tulane,defensive_tot,25.974956788003446,8.0,False,2,10.0,1479,unobserved_2026_outcome
7a0c10e75e0c3150e2dbb310474c0e87cadd7e47e23a622297f281e2eb5925eb,2026,5219162,Ty,White,CB,DB,North Carolina,NC State,defensive_tot,24.707328773951048,3.0,False,2,10.0,1479,unobserved_2026_outcome
e5f9e15887fac2ae1bc95c6fe0d3b4dedc400b8d477e8e8258dfbe994735f138,2026,5157419,Carson,Williams,CB,DB,Montana State,Indiana,defensive_tot,22.642692256266773,13.0,False,2,10.0,1479,unobserved_2026_outcome
5a5c286e5831f108c5359c938a86df3838e745d19a396e0622a0a1bb192d8dda,2026,4923256,Jai,Eugene Jr.,S,DB,Western Kentucky,Syracuse,defensive_tot,22.43106562008146,21.0,False,2,10.0,1479,unobserved_2026_outcome
2395c88b8fd58dab9913011608cc7b2639e463cf19c10794e45b410498837acf,2026,4804842,Croix,Stewart,S,DB,UCLA,Fresno State,defensive_tot,24.503329309202925,2.0,False,2,10.0,1479,unobserved_2026_outcome
4143285a815ee79b410f9818a8afd3e8f098e5a7c0f3779de89658d46cc7b96d,2026,5080479,Taye,Seymore,S,DB,Auburn,North Texas,defensive_tot,14.556887667531052,,True,8,10.0,1479,unobserved_2026_outcome
d2a6e35d9ff343f981bac59045df3a869ba227418df488ab12d1a81d09b74468,2026,5141655,Kaylib,Singleton,CB,DB,Syracuse,Mississippi State,defensive_tot,27.094318437725846,11.0,False,2,10.0,1479,unobserved_2026_outcome
f7545e3bc28ab42de6fd8be224ddb5de9111ed928cbc8db994e0d4dbcab337c1,2026,5077694,Michael,Patterson,CB,DB,Stephen F. Austin,Texas State,defensive_tot,24.700276324093718,5.0,False,2,10.0,1479,unobserved_2026_outcome
15a9fc725a0bc62d35dc501d59b2d0b3623df5d5143694146bc38daae1f1af8e,2026,5383037,Zach,Johnson,CB,DB,Southeastern Louisiana,North Texas,defensive_tot,20.12356934479579,,True,7,10.0,1479,unobserved_2026_outcome
4d4ab0a7252c230ff946b0d35f061ef0025a6046fa75910c6355b061d043472e,2026,5081803,JK,Johnson,CB,DB,Oklahoma State,Florida Atlantic,defensive_tot,26.307409322479344,16.0,False,2,10.0,1479,unobserved_2026_outcome
9502f61644e3ee9d3de6c4a9d4b8d7798b67aece73292c826197eaf1f6fed17b,2026,4891196,Jeremiah,Hughes,CB,DB,Michigan State,Hawai'i,defensive_tot,24.485519039460915,3.0,False,2,10.0,1479,unobserved_2026_outcome
de548a0e3ed4e2ce491fc883cda73067788ff696eba296c5177195f79a966f7f,2026,5194657,Eric,McClain,CB,DB,Ball State,New Mexico,defensive_tot,29.046535931821737,26.0,False,1,10.0,1479,unobserved_2026_outcome
05b29eef979d536b2a5a1d776e6988807c59dbb61574ea3e1c04c7c5a07a3d55,2026,5158867,Treylan,James,S,DB,Southern,LSU,defensive_tot,23.732397601661173,1.0,False,2,10.0,1479,unobserved_2026_outcome
25f7fd6606c5f1735e0f877a12c45763f538b4f506c5e797dc3bc2c4dc0acea8,2026,5298298,Caleb,Ricks,CB,DB,Idaho,San Diego State,defensive_tot,27.48114698586261,5.0,False,0,10.0,1479,unobserved_2026_outcome
bfd7cf31a98e3d30676fec80038d198467c58545c78b33d1ebf6e87b22e5d0c5,2026,5222550,Ja'Lyen,Judson,CB,DB,UAB,Kennesaw State,defensive_tot,19.23633040683526,,True,7,10.0,1479,unobserved_2026_outcome
7cef48500c5ee95faa0a25fadb8e0fae6df4f29fe19b8fad535d7066c9abcf18,2026,5089863,Norey,Johnson,S,DB,Houston Christian,Kent State,defensive_tot,27.152807952636945,5.0,False,0,10.0,1479,unobserved_2026_outcome
2e9df180c22aae6f1011fff8677cd53df80adad268824d3b3eb984802e2431e0,2026,5384715,De'Marcus,Peters,CB,DB,Texas A&M-Kingsville,New Mexico State,defensive_tot,19.23633040683526,,True,7,10.0,1479,unobserved_2026_outcome
c9b7b76a8bb5eb6cf38f1f1fa135c9a298f07c4bb6067583be73893f84106575,2026,5153403,Donovan,Watkins,CB,DB,Mercer,Toledo,defensive_tot,28.74165766914276,2.0,False,0,10.0,1479,unobserved_2026_outcome
df5f38e24a262dd1c38e9afc9dcf292297bd171505daaa53df224684e0b9db1e,2026,5214547,Cam,Jamerson,CB,DB,TCU,Boise State,defensive_tot,20.12356934479579,,True,7,10.0,1479,unobserved_2026_outcome
ffe97af4cb31496d61f5db6e90bd89cca2773eb997fa9ca36f77cf5943395123,2026,5222256,Taijh,Overton,S,DB,Arkansas,UL Monroe,defensive_tot,24.176017070641436,1.0,False,2,10.0,1479,unobserved_2026_outcome
f3e7a3fbdca93ccb8ad1e9a5bc81f7b008cb232b54a3e4376a3946d470f9b41f,2026,5083105,Jayven,Williams,CB,DB,Mississippi State,BYU,defensive_tot,31.27514913200471,18.0,False,0,10.0,1479,unobserved_2026_outcome
9c054b2d0059de398714d77b88e4f55889340383d04bc553faed94034277fba8,2026,5147166,Kyren,Condoll,CB,DB,Duke,Rice,defensive_tot,19.679949875815524,,True,7,10.0,1479,unobserved_2026_outcome
73541b128f08a1298400b6b1dc0d7242ee643c56f4005ecc9c2af47c7379c3b5,2026,4808749,Chris,Graves Jr.,CB,DB,Ole Miss,Missouri,defensive_tot,30.04541391858359,33.0,False,2,10.0,1479,unobserved_2026_outcome
d751922976baf5067679dd90e7950db97b6371e348a9a953b9b393ba190f661e,2026,5083141,Don,Saunders,CB,DB,Utah,Purdue,defensive_tot,23.781169123139254,7.0,False,2,10.0,1479,unobserved_2026_outcome
d88dc8a3eb9a7a8d27212c37a2f2da274e0a9f6cfce4b86551a4d0756d460b41,2026,5157388,Cam,Jones,CB,DB,Holy Cross,Toledo,defensive_tot,25.476179711033655,1.0,False,0,10.0,1479,unobserved_2026_outcome
49294921713e46986504b15ed13564b8cb80e1eeef478e1ed84f8f107c5e3868,2026,5147164,James,Chenault,CB,DB,South Florida,Utah,defensive_tot,35.02797840442858,32.0,False,0,10.0,1479,unobserved_2026_outcome
4b2101f4bc97298c9a603ff8f082c0a6c21e3b929dafa8d372f6257a063b5323,2026,5085501,Patrick,Campbell,CB,DB,Dartmouth,Virginia,defensive_tot,21.799143610604105,,True,5,10.0,1479,unobserved_2026_outcome
065e75dad82cdf11006cabacbfb7a2d59ec4ba6c8be65c15f61b4fa6c6aec5b1,2026,5089262,Brayden,Hall,CB,DB,Central Connecticut,Marshall,defensive_tot,23.380222643500343,3.0,False,2,10.0,1479,unobserved_2026_outcome
3ce5ba658981c09e224f325deffbd8bed83697956d833e2f33a3f2309124f036,2026,5226456,Will,Hicks,S,DB,Hampton,New Mexico,defensive_tot,20.21684600921045,,True,7,10.0,1479,unobserved_2026_outcome
ae6dd364b1adbe94577c32b4275154b2cae0bc59984f101a1c33fa4e431dfa9f,2026,4893102,Amariyun,Knighten,CB,DB,Indiana,Miami (OH),defensive_tot,22.444200868804494,1.0,False,4,10.0,1479,unobserved_2026_outcome
5153953fd6593b5ea42e56090a5753b790e4683f3d5fd231919554209d04e4d7,2026,5147723,Jackson,Barton,S,DB,Nevada,San José State,defensive_tot,19.01452067234513,,True,7,10.0,1479,unobserved_2026_outcome
0cf999e47123495f1edd86e5010aa3d8ef4ef63ccb0ffc4b982be6e954948a5e,2026,4683014,Armorion,Smith,S,DB,Michigan State,Toledo,defensive_tot,37.15083132003889,36.0,False,0,10.0,1479,unobserved_2026_outcome
72ca167844110ba5a6dcd7b009f9a1bb64333629490a87e3580865af889ab9a2,2026,5295049,Jaylen,Webb,S,DB,Boise State,Nevada,defensive_tot,20.12356934479579,,True,7,10.0,1479,unobserved_2026_outcome
3cec2e0b0e257ba63e9cbd60c32a651cac3a0f74ee4b7120bb40f286f2175922,2026,4602921,Dylan,Flowers,CB,DB,Western Kentucky,Duke,defensive_tot,28.16274057175879,33.0,False,2,10.0,1479,unobserved_2026_outcome
08bd7bebe9dd1a12770b62d92206070f60681f857cfa01d7ab16735712733f82,2026,5168714,Paul,Omodia,CB,DB,Lamar,Colorado,defensive_tot,22.115992934242378,5.0,False,2,10.0,1479,unobserved_2026_outcome
1c3877becc29386f0e6c5be2857425802ca295789b42c2da1e3845d84ee3119e,2026,4685294,Jyaire,Brown,CB,DB,UCF,Southern Miss,defensive_tot,24.32571836085849,7.0,False,2,10.0,1479,unobserved_2026_outcome
7574c838d3735ef8ab34d774f0b988c672a06733af1fe26c2cae492a2e458555,2026,5093939,Lavon,Williams,S,DB,East Texas A&M,Illinois,defensive_tot,28.725411660420022,13.0,False,0,10.0,1479,unobserved_2026_outcome
07e3df18fa3c3f24ac1dfe325101ae2a70b4152ea72404389868d33f869bb0ca,2026,5193074,Mike,Wright III,S,DB,Florida Atlantic,Bowling Green,defensive_tot,25.85063887150502,8.0,False,2,10.0,1479,unobserved_2026_outcome
42e92e80214985bc4ccfec81c0b9bdc0b85209acf1ff2ed3126870ccb2661bcf,2026,5141428,Faheem,Delane,S,DB,Ohio State,LSU,defensive_tot,30.398653815207073,12.0,False,2,10.0,1479,unobserved_2026_outcome
eca106581608c3334e95eacb857a2ab338a6803eecd4c50a0864a934b38c5dd0,2026,5142798,Tevis,Metcalf,CB,DB,Michigan,Tennessee,defensive_tot,25.80557272005429,5.0,False,2,10.0,1479,unobserved_2026_outcome
df01befaece7b843b8ef6442ef95c270403e4b4b911c2233c0777d5bed25917f,2026,5147728,Devin,Henderson,S,DB,Liberty,App State,defensive_tot,27.475582139632657,18.0,False,2,10.0,1479,unobserved_2026_outcome
6779daee8cada36430eba9f632f6642701574c5be1613c03cec006dee2a01666,2026,5083804,Roman,Pearson,CB,DB,Ball State,Kansas,defensive_tot,28.32367609492273,27.0,False,0,10.0,1479,unobserved_2026_outcome
0b95f68c404231943ff688cf5eddf85808c3d2502d89135ec09c66e2bc028e2f,2026,5174651,Dawayne,Galloway Jr.,CB,DB,West Virginia,Akron,defensive_tot,20.12356934479579,,True,7,10.0,1479,unobserved_2026_outcome
698b1fc04ef37f624033ece8f0443d126fd937d32c9c5b0bfdb40bb0f2a1c7b0,2026,5226770,Tre,Mittman,S,DB,North Carolina A&T,Georgia State,defensive_tot,20.771972230050288,1.0,False,4,10.0,1479,unobserved_2026_outcome
dd7227e513a937d04e5e3f884d22ccdaaaeab88c1ec2a7e91ff3d26a4100b884,2026,5207843,Jason,Stokes Jr.,CB,DB,Utah,Colorado,defensive_tot,23.602032377990476,3.0,False,2,10.0,1479,unobserved_2026_outcome
2efd829d9f2ac1adfe93c698a6f894a17c231f914fe0b0f4daf5d72a9391fc15,2026,4899709,Jahmad,Harmon,S,DB,Ball State,Massachusetts,defensive_tot,24.24189817898013,24.0,False,2,10.0,1479,unobserved_2026_outcome
197b73da179ee565359e247d9fd6944bfb34747f75ea916d728e6e8c705fa924,2026,5331180,Kahmel,Johnson,S,DB,Wayne State College,UCF,defensive_tot,19.901759610305657,,True,7,10.0,1479,unobserved_2026_outcome
b8c27beb9f1dd509700e856a9f6de10e9b5483aec287c72774f7bb755918a7ca,2026,5078162,Bo,Mascoe,CB,DB,Rutgers,Texas,defensive_tot,38.81548633720718,48.0,False,0,10.0,1479,unobserved_2026_outcome
d0626c150a6807a624cc43d32e26b20e41506f4fa0dd6bc07f9d0e232b4cb724,2026,5195461,Ibn,McDaniels,CB,DB,Syracuse,Penn State,defensive_tot,24.72513904369306,2.0,False,2,10.0,1479,unobserved_2026_outcome
987f221b966d6b833f9f4109e715f4a7c7204bca3efbe3570b234a189ba669e4,2026,5383051,Jason,Hardy,CB,DB,Grand Valley State,Middle Tennessee,defensive_tot,13.320594373038443,,True,8,10.0,1479,unobserved_2026_outcome
755557119b7501134af836c1d6dd25b36ae5c17bde357d9d1dcdc53173aba7c7,2026,5083234,LaDavion,Osborn,CB,DB,Northern Colorado,Toledo,defensive_tot,19.901759610305657,,True,7,10.0,1479,unobserved_2026_outcome
cdb6913641262160becfbfc7d8118a6b61c7e01bee774ae7521a245bdf76022b,2026,5196025,Omar,Thornton,S,DB,Boston College,Miami,defensive_tot,50.017700418904056,82.0,False,0,10.0,1479,unobserved_2026_outcome
37ca71da4cc39de5d5a1480b8cfdcdaab58526804929155d250814d91a974180,2026,5222645,Jayden,Price,S,DB,Toledo,UConn,defensive_tot,24.91132823869917,4.0,False,2,10.0,1479,unobserved_2026_outcome
70cdb13d209a68838e9a7aa262953fa946f7810feb33f65ea8ac146bd0ecb292,2026,5077268,Jaylen,Moson,CB,DB,Utah,South Alabama,defensive_tot,19.23633040683526,,True,7,10.0,1479,unobserved_2026_outcome
5f6baed3dc3c02cdefbba793d5c013e3e0abdbddd4bb6e8490803f8cd5206ad8,2026,5382848,Chris,Payne,S,DB,Lake Erie,UL Monroe,defensive_tot,19.458140141325394,,True,7,10.0,1479,unobserved_2026_outcome
10d5e9c6ad760ab9fb6755821498d6f1accb3309001264ce1ea386ba0e2c149c,2026,5226921,Jasin,Shiggs,S,DB,Towson,Nebraska,defensive_tot,28.78019965798886,7.0,False,0,10.0,1479,unobserved_2026_outcome
57b58151e96b37b683eaff0ac4aedd2d961e9dfd7e8b35638439b3c5eb059e92,2026,5394630,Xavier,Walton,S,DB,Angelo State,UTSA,defensive_tot,19.458140141325394,,True,7,10.0,1479,unobserved_2026_outcome
3dfe39edc9dc32960a4d5a2aa5fcc37279a13763b48f5356bc2fe1544198679d,2026,5295932,Zach,Hobson,CB,DB,Old Dominion,Akron,defensive_tot,23.63390064098441,1.0,False,2,10.0,1479,unobserved_2026_outcome
529cffb95748d8c220368c6824e0fc3ba121c88b727cb5ade3687def4bb9d2d9,2026,5295751,Larell,Howling,CB,DB,Coastal Carolina,UL Monroe,defensive_tot,19.679949875815524,,True,7,10.0,1479,unobserved_2026_outcome
d08261ddd6bf9e7596a85da8162a764677d2f83ad458f6bc18d45b3497ed0bc1,2026,5153880,Izzy,Clark-White,CB,DB,Monmouth,New Mexico State,defensive_tot,23.678881147458462,2.0,False,2,10.0,1479,unobserved_2026_outcome
4ff01899426333d3e62f6c0dd5209b6156f1086dd441d7c8a5dc952e20d1612f,2026,5162535,Donavan,Howard,S,DB,Virginia State,UTEP,defensive_tot,19.901759610305657,,True,7,10.0,1479,unobserved_2026_outcome
b9ab9c4c4f144b4309eedfcc15b6042b5094e1e15000eccb6f7a601be3c8b132,2026,4709685,Marcus,Williams,S,DB,Rice,Mississippi State,defensive_tot,35.878969714224375,61.0,False,2,10.0,1479,unobserved_2026_outcome
03a951bc24bfb80cb268851f1010a7427010e27e6bbcb6735f6d3b34b1a80b08,2026,5147185,Ashton,McShane,CB,DB,Boston College,Liberty,defensive_tot,24.503329309202925,2.0,False,2,10.0,1479,unobserved_2026_outcome
6d41b421f7645426c74abdd068772dc5f6e183a2b6a5a9408601a0c5acc163da,2026,4923251,Jonas,Duclona,CB,DB,South Florida,Georgia Tech,defensive_tot,28.130830464000397,35.0,False,0,10.0,1479,unobserved_2026_outcome
f030d4239b3292671edade72ed0d37855b2a89bfd70342e81759b8437558f809,2026,4871075,Jayvon,Thomas,CB,DB,Texas A&M,SMU,defensive_tot,24.176017070641436,1.0,False,2,10.0,1479,unobserved_2026_outcome
377014607c540fc18379b2a309abab13fb959ba1d950acc5442f81f95605c34c,2026,5156218,Barry,Dillon,CB,DB,Incarnate Word,Ohio,defensive_tot,24.79036262797133,2.0,False,2,10.0,1479,unobserved_2026_outcome
e21d3f9c4a7ba796a0c74cdc3690c2ef4c3fe07d6c6c99c5ff7e32d370743c15,2026,5390038,Da'Marion,Brownlee,S,DB,Missouri Southern State,Wyoming,defensive_tot,19.679949875815524,,True,7,10.0,1479,unobserved_2026_outcome
ccf444bf7e865266e9c007677145aa6d28e6a86759759af42ae7f39f07ba010b,2026,5169212,Tyrese,Stanley,S,DB,Morehouse,Northern Illinois,defensive_tot,19.901759610305657,,True,7,10.0,1479,unobserved_2026_outcome
2b35355648eb9cae0bf460e133b62c60dbb7de05dfc5e1ac65a68aae0e0a4791,2026,5153615,Kanye,Clark,CB,DB,UCLA,Florida,defensive_tot,28.333338716198725,23.0,False,2,10.0,1479,unobserved_2026_outcome
8b5bfac49952e56c3da0a65a374f619e8d30c9411f75c21ffec72b2e630a322b,2026,5078109,Macho,Stevenson,CB,DB,Texas Tech,Tulane,defensive_tot,18.6093353933767,1.0,False,3,10.0,1479,unobserved_2026_outcome
6d938fab1a583fbe8c68529aa6b100427820d11f17cc410384132018e2794dfd,2026,5083150,Mason,Rivera,S,DB,Cal Poly,UCLA,defensive_tot,26.85735266181215,6.0,False,2,10.0,1479,unobserved_2026_outcome
01503476406fce0ac38f7a9c17fb5cc56902a9182fe3e5d1d3a4e5904ebc6ef9,2026,5147162,Jivan,Baly,CB,DB,NC State,Old Dominion,defensive_tot,26.966693087350276,9.0,False,2,10.0,1479,unobserved_2026_outcome
65d210e6521d1d4c1f496d3f84fb82d8e1ac373836f70e988da1a8ab5744fbc0,2026,4869387,Ricky,Fletcher,CB,DB,Ole Miss,California,defensive_tot,24.350541434505,11.0,False,2,10.0,1479,unobserved_2026_outcome
e2908c6fc30a71e728a501240d99866bb3224229b42a7dcee88ace4172afb043,2026,5156748,Josh,Williams,CB,DB,Dayton,App State,defensive_tot,36.19972188070113,,True,5,10.0,1479,unobserved_2026_outcome
1992918a3ead64e49c2185cefd25362528301db07e51dd0cda1cc979807b9fe1,2026,4920148,Rob,Billings IV,S,DB,Clemson,Jacksonville State,defensive_tot,24.929138508441177,3.0,False,2,10.0,1479,unobserved_2026_outcome
90cbd06edb2c7d0e5a022e42189b734f65eeb8a3d094b2249b93bf4cee7b2ff4,2026,4923299,Emmanuel,Karnley,CB,DB,Virginia,Washington,defensive_tot,23.790291825627968,26.0,False,0,10.0,1479,unobserved_2026_outcome
3eaf3aae80915e3a7d848d98356a6ebd0c3dd4461f60ccab5a3f36d9bbd729e9,2026,5229997,Cam,Chapa,S,DB,Northern Colorado,Arizona,defensive_tot,36.685206512500926,8.0,False,0,10.0,1479,unobserved_2026_outcome
39a6a38163d53e5d6dd885629d03ac0228b95d5a1c9a1b90fb5f7803a100b7bb,2026,5102179,Koa,Akui,S,DB,Sacramento State,Rice,defensive_tot,38.89026427581651,2.0,False,0,10.0,1479,unobserved_2026_outcome
2b69f7dd7f5fc513ba7648aa6d25d0c0519235976e2396021a9548b8fe9092cf,2026,5127804,Marcus,Goree Jr.,CB,DB,Tennessee,Troy,defensive_tot,23.954207336151306,1.0,False,2,10.0,1479,unobserved_2026_outcome
c1c3ff57cc555d7318f01eae2ce4855c66ef207cbb42ae26ed2e65c28a2118cd,2026,5328370,Jayon,Harvey,CB,DB,Findlay,James Madison,defensive_tot,20.12356934479579,,True,7,10.0,1479,unobserved_2026_outcome
63a83355a5cb4c23a733b3e520a42e09f5cdb575a1852dffabff329c70defc88,2026,5078469,Darrell,Sweeting,CB,DB,Marshall,UAB,defensive_tot,31.4728016043384,37.0,False,1,10.0,1479,unobserved_2026_outcome
0e8b0f8174817762bdf1f268c1959f9cb1ef2fd2f2f017d5311e7e7ffedcd364,2026,5087950,Kingston,Lopa,S,DB,Oregon,California,defensive_tot,29.76179270136337,12.0,False,2,10.0,1479,unobserved_2026_outcome
c99a06103c6ddd4d932bc83d5ceaa5d0c4dceb6ad7f18a7159fd117794343fd5,2026,4701591,Boogsie,Silvera,S,DB,South Florida,Sacramento State,defensive_tot,24.696524047603635,5.0,False,2,10.0,1479,unobserved_2026_outcome
28df3694b8e490551c7ccac0b21f1fd8042a33115ed67a9cb4f0b5ba2a84e64a,2026,5148848,Javion,White,S,DB,Tulane,Houston,defensive_tot,39.93839971926586,44.0,False,0,10.0,1479,unobserved_2026_outcome
8da1b5fa7ffcb1b1d6eee2c9810c1ecb65abd6fb6c28cd403100f1b759e857c2,2026,5225908,Mekhai,Smith,S,DB,Lehigh,Minnesota,defensive_tot,31.72915578765141,,True,5,10.0,1479,unobserved_2026_outcome
a9ccaffb17b70c1a9dee1f3f14b14b10ce1a40a026468ca26bf93ce469b32f88,2026,4921509,Rickey,Gibson III,CB,DB,Tennessee,Texas A&M,defensive_tot,26.96497850656497,1.0,False,2,10.0,1479,unobserved_2026_outcome
34d1ce7d7bd99d2957cf71e255c391cfd09de07a4982624036f0e095096dd4c3,2026,4918115,John,Slaughter,S,DB,Colorado,Purdue,defensive_tot,35.56209891766323,24.0,False,0,10.0,1479,unobserved_2026_outcome
85b4ba935c2fe6bfb8ebdc97863e2aed2b0b067896abac4bfd0663efa84758f0,2026,5157271,Javon,Gillespie,CB,DB,East Texas A&M,New Mexico State,defensive_tot,29.96147643413287,7.0,False,0,10.0,1479,unobserved_2026_outcome
0d72a178fa0a71ce6d70f89da7229dd7ad41098796829880c997cb37fa2f4921,2026,4808718,Wesley,Miller,S,DB,South Alabama,Florida International,defensive_tot,43.50311506099832,53.0,False,0,10.0,1479,unobserved_2026_outcome
67bf9051a2996ee162a25b4b09bd84e4cc3533e449f90cc0d573f5e73a1658b4,2026,4924146,Ricky,Lee III,CB,DB,Sacramento State,Middle Tennessee,defensive_tot,21.67977988436682,,True,5,10.0,1479,unobserved_2026_outcome
4d28c7ba50db39ae5da364440d1d8d2011c6c02a67d6ccf167af5ca85b6891fa,2026,5219025,Kensley,Louidor-Faustin,S,DB,Auburn,Missouri,defensive_tot,28.10441142667218,20.0,False,0,10.0,1479,unobserved_2026_outcome
a950e89d2c93f303f84aafbd3b79d4cc43aae64abeea60a104ef497fd1897014,2026,5222382,Armahn,Hale,S,DB,New Mexico State,Bowling Green,defensive_tot,39.099893368523134,44.0,False,2,10.0,1479,unobserved_2026_outcome
93245b4f72a2e9c212090c511417187ab3042b5638e4ae44e1d780ea9d35c0ef,2026,5148620,JaDon,Blair,S,DB,Notre Dame,Missouri,defensive_tot,24.74294931343507,1.0,False,2,10.0,1479,unobserved_2026_outcome
048edab517ffd141fa29143524f665cc9555b0c93ccfcc0946fb17c5affba9da,2026,5109795,Rae'mon,Mosby,CB,DB,Louisville,East Carolina,defensive_tot,19.503579874731823,2.0,False,3,10.0,1479,unobserved_2026_outcome
f052019b5aba82fcd12f2e880b4ec44e3e5da1c5f6c23fc44f7a9e0c198e1b05,2026,5086080,Tre,Bell,CB,DB,Iowa State,Michigan State,defensive_tot,37.728001800695594,36.0,False,0,10.0,1479,unobserved_2026_outcome
82ab7d14c2969d940c8312888542cae2b8fdff4861f080849b727f7dca97e347,2026,4685525,Jaheim,Singletary,CB,DB,Arkansas,Iowa State,defensive_tot,26.128272577330563,12.0,False,2,10.0,1479,unobserved_2026_outcome
56e2a24f7674fe47efd4578cda6e5a575b4d2f4a566f214efa97a24866aa8448,2026,5156253,Anthony,Richard Jr.,CB,DB,Southern Miss,Memphis,defensive_tot,26.90299142786538,27.0,False,2,10.0,1479,unobserved_2026_outcome
2ff019e8b19ae005d6c306677dcbe8207b3752d2eff1f274ee142ca634b3e599,2026,4870588,Joenel,Aguero,S,DB,Georgia,Ole Miss,defensive_tot,36.079282955572246,36.0,False,0,10.0,1479,unobserved_2026_outcome
b6b98a756e6e973e1fe4f69c71cb3d847c60a0de117c529764b5643e6fd08837,2026,4870855,Kayin,Lee,CB,DB,Auburn,Tennessee,defensive_tot,29.859717954440065,31.0,False,0,10.0,1479,unobserved_2026_outcome
ee24f5261fa6e1dca37865eff853a55c6c63c44daf731a42907381071e224f37,2026,5079737,Bryce,West,CB,DB,Ohio State,Wisconsin,defensive_tot,26.843380313536905,9.0,False,2,10.0,1479,unobserved_2026_outcome
a8a11f1eafce14031fff17ebc1fb44704e5ec3f96b052333f028b33ed3ba3ea6,2026,4710276,Caldra,Williford,CB,DB,Baylor,Tulsa,defensive_tot,22.180395152239463,16.0,False,2,10.0,1479,unobserved_2026_outcome
ab7dcb4dc554fcfb799e2c2d929e5b4fc17f55ff4bccf87a4368d8a904bf62f0,2026,5295615,Noah,King,CB,DB,Colorado,Sacramento State,defensive_tot,20.12356934479579,,True,7,10.0,1479,unobserved_2026_outcome
e6634dc11751fd4b34b8529aebf1549559dbfe425b0857bbb39403ef89e2fc73,2026,4431120,Micah,Harper,S,DB,Montana,Iowa State,defensive_tot,29.390729386669754,7.0,False,0,10.0,1479,unobserved_2026_outcome
75a15594a28b57458c80b7fa62b845e4b11776ee93037991dc3a337ad870e6df,2026,5216702,Aydan,West,CB,DB,Michigan State,Minnesota,defensive_tot,27.87062547471102,19.0,False,2,10.0,1479,unobserved_2026_outcome
ac40c8e16dc06f6aaeff52f0b6de8be74b7e4de555e40746ec1455b56e96ebac,2026,5227705,CJ,Richard Jr.,S,DB,Illinois State,Florida State,defensive_tot,39.11231984697454,21.0,False,0,10.0,1479,unobserved_2026_outcome
b27219e2e1d732988ae602880adbddd0b316dde81817ac0d2ab7cc9a53454070,2026,5171015,Isaiah,Green,S,DB,Portland State,San Diego State,defensive_tot,30.886613947851256,19.0,False,2,10.0,1479,unobserved_2026_outcome
867c269d02747dfaafbd1622bcd9dfa1ca9bca80bcf31ada8a3023742a2b52fc,2026,4869804,Jacobie,Henderson,CB,DB,Rutgers,Virginia,defensive_tot,31.786396997849913,39.0,False,2,10.0,1479,unobserved_2026_outcome
9d7afc2695737cd230351a8f12901280c9ff5160c1c77312d5ecc113b5f3d0cc,2026,5085616,Montae,Pate,CB,DB,Weber State,Northwestern,defensive_tot,28.050497645249237,10.0,False,0,10.0,1479,unobserved_2026_outcome
ad42b6859b3a18229eb824000be44e5339480dbcc37c231aa0c8af7652733e63,2026,5173604,Marcus,Neal Jr.,S,DB,Iowa State,Penn State,defensive_tot,54.85723035470125,77.0,False,0,10.0,1479,unobserved_2026_outcome
2123f8597fdf6e899c60c552a85c04a43ffe9fa9cb11522bdc76abb8c9eed635,2026,4950395,Jamison,Patton,S,DB,Iowa State,Penn State,defensive_tot,41.711080514950545,48.0,False,0,10.0,1479,unobserved_2026_outcome
c4239d21407da6651e8ff029b06e78cf15dcc0387b94af60e9759894e1f8d3f1,2026,5087223,MJ,Cannon,CB,DB,Bowling Green,Cincinnati,defensive_tot,46.211268679167425,57.0,False,0,10.0,1479,unobserved_2026_outcome
e69b8765bf8db7f2ee9acddce98236d90845ca81ff7397d40596488556255cf4,2026,5214512,Jayden,Sanders,CB,DB,Michigan,Notre Dame,defensive_tot,32.3199084242073,23.0,False,2,10.0,1479,unobserved_2026_outcome
6d9d9f749a107d1a19b0e1460cf2d217a30abfbb4c02ef636b1618a81546586a,2026,5149152,Eric,Fletcher,CB,DB,Oklahoma State,Wisconsin,defensive_tot,24.995413234428355,12.0,False,2,10.0,1479,unobserved_2026_outcome
1190ff5d75967c27b1ab2e9bb05707f5caa37cc3f7f62eae11f4b47227b4f942,2026,5124002,Joel,Rogers,S,DB,LSU,UTSA,defensive_tot,24.584016000137677,3.0,False,2,10.0,1479,unobserved_2026_outcome
78c1c07c334043684abe73d7d4031101aad8e46bbb1b99bd36bbb288b18059b7,2026,5224708,Qua,Moss,S,DB,Kansas State,Tennessee,defensive_tot,38.52840144812406,41.0,False,0,10.0,1479,unobserved_2026_outcome
bd6388f4e054b18fd61e3afa45c2839d171a1bbb269d8e792e3938a6f6bb9790,2026,4685483,Keenan,Nelson Jr.,S,DB,Ohio State,Georgia State,defensive_tot,15.793180962023662,,True,8,10.0,1479,unobserved_2026_outcome
ac9040a5deab1fddc8ebfb9407a1ad6f7a22e1ac5626023563c040fbc0dec227,2026,4870877,King,Mack,S,DB,Penn State,NC State,defensive_tot,44.48631253834286,58.0,False,0,10.0,1479,unobserved_2026_outcome
f009775feab2aee4a1def528047748b3c19fa0d7aa2ae461b4803704e998e87e,2026,4432689,Jaylin,Davies,CB,DB,Oklahoma State,Vanderbilt,defensive_tot,24.299329844454807,1.0,False,2,10.0,1479,unobserved_2026_outcome
dc2b5bc57522a3fff22372f379f92a9521008b261888e7d4406857be38bb4fb4,2026,5122552,Khalil,Conley,CB,DB,North Carolina,App State,defensive_tot,18.813334858124822,2.0,False,3,10.0,1479,unobserved_2026_outcome
f9f1109b9afaefe67df049e4034a1029c9b61222caab40708623059308f12009,2026,5226950,Anthony,Hawkins,S,DB,Villanova,Iowa,defensive_tot,28.972535405301254,11.0,False,0,10.0,1479,unobserved_2026_outcome
ddcd02b9266d0d702c204a2b8a939a9ac2ad5833f29f36fce6d730ca19d63f3e,2026,4880276,Ashton,Whitner,S,DB,Ball State,Liberty,defensive_tot,32.41250029180893,38.0,False,2,10.0,1479,unobserved_2026_outcome
8aa4c9cada24f9d3f6ae07d5b5a7f71e30288b7ebda2e7bbe29fbd824e429ae7,2026,4913037,Jontez,Williams,CB,DB,Iowa State,USC,defensive_tot,31.073345176439588,15.0,False,0,10.0,1479,unobserved_2026_outcome
1a889a7c20d91e212e352b67cb7c75b8e4f596f4d3021ee01f6cade95e2e0717,2026,4923053,Tawfiq,Byard,S,DB,Colorado,Texas A&M,defensive_tot,43.87138808193181,78.0,False,0,10.0,1479,unobserved_2026_outcome
3502d20aa865e0daec898a7927bda59381d6cfdb65f0ee8c69ae45dc7e6adabb,2026,5147195,Jiquan,Sanks,S,DB,Cincinnati,Indiana,defensive_tot,35.97563347628495,45.0,False,2,10.0,1479,unobserved_2026_outcome
5b2b3ed935e516f6961d2914177450ded37f309db6d6c6f9f1de2b1c14d6a860,2026,5159816,Jack,Bal,S,DB,Arizona State,Washington State,defensive_tot,24.848451817506426,2.0,False,2,10.0,1479,unobserved_2026_outcome
69be4266f28eb9ff53c17659f2d220e4d467e68723357baf8bfebf2329311f65,2026,5079436,Jaydan,Hardy,S,DB,Oklahoma,Colorado,defensive_tot,29.954288695693197,11.0,False,0,10.0,1479,unobserved_2026_outcome
159e982eaecb3aa31ee664e0e2dfa865b4bbf4c083f76e80bae623c9c7a0443a,2026,5147199,Guylijah,Theodule,CB,DB,Southern Miss,UAB,defensive_tot,24.904275788841836,6.0,False,2,10.0,1479,unobserved_2026_outcome
d91830e41e5f5cd077595fd2f153fbe28754a202501a63224f7d8a7d29cc7d82,2026,5086467,Ben,Minich,S,DB,Notre Dame,Miami (OH),defensive_tot,19.84562868786931,1.0,False,3,10.0,1479,unobserved_2026_outcome
4fa68b3cbacc87e0923c6da02a580b56b2d57ed178fafd5cfc4acecfa7a7e623,2026,5295900,Dylan,King,S,DB,Southern Miss,Memphis,defensive_tot,27.07280795432265,27.0,False,3,10.0,1479,unobserved_2026_outcome
ac20e9ea350c4ec857962dd67ac177abd8c600a5594f97fa960d3731be71a283,2026,4923052,Cam,Calhoun,CB,DB,Alabama,Ohio State,defensive_tot,25.693017766125603,6.0,False,2,10.0,1479,unobserved_2026_outcome
c2b97009b8e28ca239ff8975b81f91beff2b0aa67a7eb6e9292ab2d2b3b3f49c,2026,4685592,Dillon,Tatum,S,DB,Northwestern,Miami (OH),defensive_tot,23.30412707015792,16.0,False,3,10.0,1479,unobserved_2026_outcome
487f5dadb60ac5d30cdb6a8db389e25772a1712be55d23ec796d436560a9f148,2026,4869593,Perry,Fisher,CB,DB,UAB,Kennesaw State,defensive_tot,27.158980814493116,21.0,False,2,10.0,1479,unobserved_2026_outcome
b3482b4f24b8f62fb69510d6af8b71550bb4c073bf6b9244200e2908048f1f5c,2026,5234258,Ian,Williams,S,DB,Memphis,Arkansas,defensive_tot,26.027382454544423,5.0,False,2,10.0,1479,unobserved_2026_outcome
f6f6f3fbb0d965e58e2ed0dd39f34789dedf8877ecb9a559b22c8948317044f6,2026,5089172,Jadais,Richard,CB,DB,Miami,Tennessee,defensive_tot,24.674690401801065,5.0,False,2,10.0,1479,unobserved_2026_outcome
b857dee25c3926caba031f86b4b581b8c316f66d9b95413258515ed7affa4962,2026,4837327,Christian,Ellis,S,DB,Virginia Tech,Virginia,defensive_tot,22.238438342750715,7.0,False,2,10.0,1479,unobserved_2026_outcome
03a05a20bbc2a936accb527c2b0a8ad820cec9d79c0d8efd87f563355f372717,2026,5147178,Devon,Jordan,CB,DB,Oklahoma,Baylor,defensive_tot,25.773736942015343,13.0,False,2,10.0,1479,unobserved_2026_outcome
7fcb9730cff8f45f1d990981ea6d391a75133207e5d053133c5a8a3b1121ef00,2026,4923219,Solomon,Davis,S,DB,Oregon,San Diego State,defensive_tot,19.65713069758795,6.0,False,3,10.0,1479,unobserved_2026_outcome
060dd78f1a6442a1d8481bbd25a5a0d02c3cb9475a0ccef4b79592d540cb29cf,2026,4921504,Dante,Lovett,CB,DB,Virginia Tech,UCLA,defensive_tot,26.23138191929254,6.0,False,2,10.0,1479,unobserved_2026_outcome
1c219fa7235ff534b9ebe09d828c6f763704cf2316b5b681d708bfed25ac80fd,2026,5225215,Kyon,Loud,CB,DB,Montana,Duke,defensive_tot,26.027382454544423,5.0,False,2,10.0,1479,unobserved_2026_outcome
f09d1e67b4a2dfdc9c54e02b3d21d274f951835683b4a1a7bd7676e24c02f6fa,2026,5167181,Chandler,Jordan,S,DB,Georgia State,Boston College,defensive_tot,28.20850014558101,14.0,False,2,10.0,1479,unobserved_2026_outcome
4547328fd21b1c75f9f7d73bcc69ffd2886902106fdb0a255472e8e055ddc304,2026,5144685,Ma'Khi,Jones,S,DB,Duke,Florida State,defensive_tot,34.754763017741986,34.0,False,2,10.0,1479,unobserved_2026_outcome
4f1fdfd7ebf93e15f64ec09a34ab96808a25f84647aaf42534163ed5d64f9ba4,2026,5079381,Boo,Carter,S,DB,Tennessee,Colorado,defensive_tot,29.627852724047496,26.0,False,2,10.0,1479,unobserved_2026_outcome
0476a8eb771f51a2915a843fd749236bf1f11f71e81d1a1ce64d926aeea83ca5,2026,5224236,Carmelo,O'Neal,S,DB,Mercer,Alabama,defensive_tot,23.25690986968697,3.0,False,2,10.0,1479,unobserved_2026_outcome
fb5aed9ef23ee79058af83ee4b7f15a04610e129cfcbe74fade8e55e420d115e,2026,4868341,Champ,Lewis,CB,DB,Tulsa,Southern Miss,defensive_tot,22.758078792272315,16.0,False,3,10.0,1479,unobserved_2026_outcome
5b78964b26400ec01098113839182ecf626f2f6f8bb035b4f38d2456af95b4fe,2026,5134552,Taylor,Powell,S,DB,Northern Illinois,Fresno State,defensive_tot,29.076661408200547,30.0,False,3,10.0,1479,unobserved_2026_outcome
e35455e96b28bac2e79ad285d9f55b5a5363ac9cfa8d90f0878ccfe58e996b61,2026,4900153,JayT,Jackson,CB,DB,Louisiana Tech,Bowling Green,defensive_tot,22.852199798300735,3.0,False,4,10.0,1479,unobserved_2026_outcome
110265dd8e436b728e4e4050e28c285022ff8f853863504e9fb1773c02c635a2,2026,4688881,Kyeaure,Magloire,CB,DB,West Georgia,Arkansas,defensive_tot,24.955501031058372,,True,5,10.0,1479,unobserved_2026_outcome
a134cd7aebec3867e8890154d54f938b689efee8d6a6c0ddc54f6f8dbf18d547,2026,4837268,Gregory,Delaine Jr.,CB,DB,Syracuse,Georgia Southern,defensive_tot,23.752601033512562,7.0,False,2,10.0,1479,unobserved_2026_outcome
3fb5610368365ce65f19f589313991b6efd8db7a87b675e362a4d1de2beb1bd2,2026,5096121,Qualyn,McQueen,CB,DB,Nebraska-Kearney,Sacramento State,defensive_tot,19.901759610305657,,True,7,10.0,1479,unobserved_2026_outcome
ae05cc9cbe5a5df325bd803c2bcec5409d11246c7ba3ac0a075a775f0874ff72,2026,5075797,Raion,Strader,CB,DB,Auburn,Pittsburgh,defensive_tot,23.720732770518627,9.0,False,2,10.0,1479,unobserved_2026_outcome
2d1f9df72999afbe6525bc0f25750ab0fbf331b76074e610c81f2b631aeb1a39,2026,5225990,Nate,Robinson Jr.,S,DB,Marist,UTSA,defensive_tot,30.095568060678026,,True,7,10.0,1479,unobserved_2026_outcome
bb223a5c093ecd2f06a5d4d3cd1ee0948ea5d50075f7d291c098c5053dbea7c3,2026,5151813,Terrente,Hinton,S,DB,NC State,Marshall,defensive_tot,19.679949875815524,,True,7,10.0,1479,unobserved_2026_outcome
52e2ba25446e3ab072e245e34d59204637af83e08e19d573085f9c19562676e4,2026,5229975,Darrell,Bryant Jr.,S,DB,Northern Colorado,Central Michigan,defensive_tot,29.082633053060245,8.0,False,0,10.0,1479,unobserved_2026_outcome
7ae5bb461e18b8e2c94c2b78934e2cc5982e99b8878eb8d8fda71231bd37b89a,2026,4918418,Caden,Jenkins,CB,DB,Baylor,North Texas,defensive_tot,16.93863255142684,10.0,False,3,10.0,1479,unobserved_2026_outcome
4cffa91e28668019344e9da9196ce7c9ed172ca22079e80e72cb910ec044e3fd,2026,5227659,Drey,Braxton,CB,DB,North Carolina Central,Bowling Green,defensive_tot,29.145058918979984,6.0,False,0,10.0,1479,unobserved_2026_outcome
9d4c76ecfadbeaa354b2ac133c8e40df59235070cd4374b63ab5190068011e1c,2026,4812379,Jordy,Lowery,CB,DB,East Carolina,Florida,defensive_tot,25.81106438223509,27.0,False,2,10.0,1479,unobserved_2026_outcome
d12ac678f3fd48c3cbaddf6b8cfd1e8283967e420b2a9ae9c0881849e984727c,2026,5148944,Amar,Reynolds,CB,DB,Illinois,Florida Atlantic,defensive_tot,18.9544579016802,1.0,False,3,10.0,1479,unobserved_2026_outcome
acfcee87b9e4660046438d0e1ba07cce0136ed87370b7a7b5dfcdef45355e0a9,2026,5032141,Za'Quan,Bryan,CB,DB,Minnesota,South Florida,defensive_tot,33.06682462762998,37.0,False,2,10.0,1479,unobserved_2026_outcome
917fed96af8ba91534da47206f805fe4d157e8d8a3c875026b9fcce4baed5153,2026,4838539,Amari,Jackson,CB,DB,Boston College,Maryland,defensive_tot,21.126956862237847,7.0,False,2,10.0,1479,unobserved_2026_outcome
48fa1ce0edef6ed12c1a6a4ef9e7d4db260429a53a3d7fb26726552201806955,2026,4870765,Edwin,Joseph,S,DB,Florida State,Ole Miss,defensive_tot,42.03755049636899,37.0,False,0,10.0,1479,unobserved_2026_outcome
d694a0a75b80d2ef233f68bcdc1c86c7e695087ea53af246eeca0cafbd82f41d,2026,5081081,Kobi,Albert,S,DB,UConn,Southern Miss,defensive_tot,19.458140141325394,,True,7,10.0,1479,unobserved_2026_outcome
057a0bafb22787e1ecc1cf8881e123575edd34e5ffebc2fdedfda39f4ffeaa44,2026,5103804,Brandyn,Hillman,S,DB,Michigan,Virginia,defensive_tot,39.32402919591311,49.0,False,0,10.0,1479,unobserved_2026_outcome
2e5359e727a4358af5643d185e04d77944be27bbf0ee3ea1b2098fa3ed96f376,2026,5083200,Joshua,Scott,CB,DB,Eastern Michigan,Nevada,defensive_tot,26.892642961733827,29.0,False,1,10.0,1479,unobserved_2026_outcome
066abff4e241b7559de73ad3a843f7f60dd20bd1644cab2eee2f796161498715,2026,4816073,Colby,McCalister,S,DB,Kansas State,Baylor,defensive_tot,20.12356934479579,,True,7,10.0,1479,unobserved_2026_outcome
10173086485913571c0cb8b1dd2c7599469f52a8a82e4c220830ede40c48a45d,2026,5219072,Preston,Okafor,S,DB,Nebraska,Fresno State,defensive_tot,18.046630634655347,,True,9,10.0,1479,unobserved_2026_outcome
44007f57d2dd0fb5a4ceb58330f077fee4232d9adbfe337a2bed349f83256305,2026,5296248,Kaleb,Gray,S,DB,West Virginia,Kennesaw State,defensive_tot,19.679949875815524,,True,7,10.0,1479,unobserved_2026_outcome
2c581da05b50fae27ba2a4d1e7cc3c30b88dbcfc1fd51e340d9ce374d61b937a,2026,5383036,Peyton,Taylor,CB,DB,Emporia State,North Texas,defensive_tot,20.12356934479579,,True,7,10.0,1479,unobserved_2026_outcome
99ed331962c0119aa1605a849f7dd1f93f1fa63912af7449e668273b00cbb605,2026,5223954,Diezel,Wilkinson,S,DB,Montana,UAB,defensive_tot,28.34962318913639,13.0,False,2,10.0,1479,unobserved_2026_outcome
008946de2637b0485ff442c1bfe169539fa6131a0b5173b0b1bb5df1b45fc5c9,2026,5224053,Rylan,Leathers,S,DB,Idaho State,Tulsa,defensive_tot,31.239760954812184,21.0,False,2,10.0,1479,unobserved_2026_outcome
5335ab05d8e34d02f793705c59f8e9857952bff149d906a5901dd5870b5068ed,2026,5079347,Jay,Crawford,CB,DB,Auburn,Ole Miss,defensive_tot,28.380321327172062,15.0,False,0,10.0,1479,unobserved_2026_outcome
7a617be070afc5093065d65890bd98c1801078b78acb52f60f4c44476ae0980a,2026,5079295,Omillio,Agard,CB,DB,Wisconsin,Virginia,defensive_tot,27.87405396644491,22.0,False,0,10.0,1479,unobserved_2026_outcome
db5265b7a765bcee619ead4ba3f6dc2ae2c2d6eb024c4dee4b8063b98cee5d95,2026,4917948,Malik,Hartford,S,DB,Ohio State,UCLA,defensive_tot,24.72513904369306,2.0,False,2,10.0,1479,unobserved_2026_outcome
30ce8069e910789abf8c1128cb6e1d94fbe5e2d8cffad2a10b029d23f452b125,2026,5097480,Kolin,Dinkins,S,DB,Penn State,Temple,defensive_tot,25.101811434500338,8.0,False,4,10.0,1479,unobserved_2026_outcome
9fb8de1a8253b78c4e638ba664709d78fc1514b47c73dc618cf8e3461ce5248f,2026,5303437,Tyrell,Gainey,CB,DB,Albany State,Liberty,defensive_tot,18.046630634655347,,True,9,10.0,1479,unobserved_2026_outcome
a46364677b1af4d3005fa0df6c34c6053f2f0169c8090f9155d47f659d9e2ee2,2026,5223957,Matt,Irwin,S,DB,Idaho,UCF,defensive_tot,24.27690719342758,8.0,False,2,10.0,1479,unobserved_2026_outcome
0c4d63be82acbda739c3e27e1b398397303d648f080450d9157ab9355ef85c81,2026,5081970,Graham,Gillespie,S,DB,Texas,North Texas,defensive_tot,22.099078360500993,1.0,False,4,10.0,1479,unobserved_2026_outcome
d8e7c6e0174358528b9ab898f0db66a1856539b3f496b8466e5909e8d460116e,2026,5225574,Bryson,Ross,CB,DB,Portland State,Arkansas State,defensive_tot,23.506083467752088,9.0,False,0,10.0,1479,unobserved_2026_outcome
4682b86ff1c703d8618b92a90952eb373305aad45fa7de5bbc49acbc31c57f25,2026,5219841,Quinton,Hammonds,S,DB,North Texas,Oklahoma State,defensive_tot,44.73838737841124,54.0,False,0,10.0,1479,unobserved_2026_outcome
21e9118f289aaf8e0a37e8fa4904ab3abbd6eb5452aebb120e3a9bb3eb1dca7d,2026,5295858,Jaquez,White,CB,DB,Troy,Virginia Tech,defensive_tot,34.08556701332458,67.0,False,0,10.0,1479,unobserved_2026_outcome
9b253ff7f258dc0784bd526ef45b5fa82ef8f2f189beb579a91d0a06499eb6b7,2026,5308776,Mo,Conteh,CB,DB,Ohio Dominican,Toledo,defensive_tot,19.458140141325394,,True,7,10.0,1479,unobserved_2026_outcome
ad915a3c614e4ec5e769070c1d4996a810cdb4cb7f571811f66be79ec6d98137,2026,5147170,Teddy,Foster,CB,DB,Florida,South Florida,defensive_tot,24.72513904369306,2.0,False,2,10.0,1479,unobserved_2026_outcome
37df3608c9e3d088a5a4f06ee735b34617cf56d8fae17ff4efb6ea2377b28db6,2026,5150901,Geimere,Latimer Jr.,CB,DB,Wisconsin,West Virginia,defensive_tot,31.4249853615281,23.0,False,2,10.0,1479,unobserved_2026_outcome
6af6bf33e8682d1e95cd3f7a9f74e4860a34bf1e34b0a1df6c2dfa12fa2cc1d1,2026,5092262,DJ,Waller Jr.,CB,DB,Kentucky,Louisville,defensive_tot,24.52113957894494,1.0,False,2,10.0,1479,unobserved_2026_outcome
a49b811788705d24bb977674bdfc18460d6df5596e158342b995bfe3da1115f4,2026,5164690,Elijah,Dotson,CB,DB,Michigan,Missouri,defensive_tot,31.387575911539336,11.0,False,0,10.0,1479,unobserved_2026_outcome
47e036416444860973a446ef3b896b1a8c21c21d49587bb6b96044af3570bc9f,2026,5148648,Draden,Fullbright,CB,DB,Oklahoma State,UAB,defensive_tot,25.07026155199656,2.0,False,2,10.0,1479,unobserved_2026_outcome
bdcfa891f5d66b9f21068638cf9a876098bcfa1e36d6dc0a9db32a5d856ffadd,2026,5085574,Michael,Hurst,S,DB,Northern Arizona,California,defensive_tot,24.789020607570855,4.0,False,2,10.0,1479,unobserved_2026_outcome
0e064521e05be0ce642dd908635934a280f5c0c6029c03fc1ae53465db61de21,2026,5261482,Joseph,Reddish,CB,DB,Virginia Tech,App State,defensive_tot,27.14367858997164,16.0,False,4,10.0,1479,unobserved_2026_outcome
af60ba49ffb38220a87781c3355edc57b46939d29ece8d242c6def4c5cf33460,2026,5078420,Leroy,Bryant,CB,DB,Washington,Stanford,defensive_tot,34.793931959712154,19.0,False,0,10.0,1479,unobserved_2026_outcome
54e3f23ca8b7a81eb4bdfd52c43720ba96ff3323d8df23f00af4e4e9dc1d59af,2026,4431626,Charles,Brantley,CB,DB,Miami,Michigan State,defensive_tot,24.39782680513157,1.0,False,2,10.0,1479,unobserved_2026_outcome
6374cad6d84bd2edfb3d387864e4c3e8474038ae45e04ed1b2f31d92b7a92339,2026,5390277,Damier,Minkah,CB,DB,Shepherd,James Madison,defensive_tot,20.12356934479579,,True,7,10.0,1479,unobserved_2026_outcome
fc1dafac5d9926cf933f60fbd147fdd8bf911f30e014d7c5b43cc12eca04d40c,2026,5083138,Brian,Dukes Jr.,S,DB,Cal Poly,San José State,defensive_tot,29.951476923099158,5.0,False,0,10.0,1479,unobserved_2026_outcome
74558dbe811d95cf4bb8fa8a26e057ccf89f2c4021ad7c1a3e615398a07ce680,2026,5300364,Brandon,Jones,S,DB,McNeese,North Texas,defensive_tot,26.715756218332857,6.0,False,1,10.0,1479,unobserved_2026_outcome
065aa1a98f17dd6504e015a9996af079088efb9ad39d9b7d0b93c652432c31e1,2026,4870902,Terrance,Love,S,DB,Colorado,Mississippi State,defensive_tot,19.679949875815524,,True,7,10.0,1479,unobserved_2026_outcome
508ccaa582b7f7a85d2acc176709383f32a40d64bb6613c53e46a3dc9d40428b,2026,5229600,Prince,Ijioma,CB,DB,Mississippi Valley State,Oklahoma,defensive_tot,19.458140141325394,,True,7,10.0,1479,unobserved_2026_outcome
bd678b3492711bdb31d846ba950afcc7d86015a424bee0f459473663824111bc,2026,5295050,Ja'Bree,Bickham,S,DB,Boise State,North Texas,defensive_tot,20.12356934479579,,True,7,10.0,1479,unobserved_2026_outcome
372bc2459d86473ce4d7df06bbd575b6aa5fbf9412e3c4bc8de23257968a55e7,2026,5079680,Aaron,Scott Jr.,CB,DB,Ohio State,Oregon,defensive_tot,27.071375132579334,9.0,False,2,10.0,1479,unobserved_2026_outcome
c7e3fdb0438eb93a8767156ce15efa60e5252f01d3b6e50cde6e31e5d025c462,2026,5168715,Teon,Parks,CB,DB,Colorado,TCU,defensive_tot,25.415604909696334,19.0,False,2,10.0,1479,unobserved_2026_outcome
3e080483fa0e64beac06a6929ac6ea53b1acede8251e6b90e8f399808372fcd5,2026,5297578,Junus,McGraw,CB,DB,West Liberty,Wyoming,defensive_tot,18.046630634655347,,True,9,10.0,1479,unobserved_2026_outcome
fd5dd0dccfe336c3f066facf708f6ef5e336cecf2f1a7bc5ec3928051453b6f0,2026,5077878,Carl,Williams IV,S,DB,Baylor,Oregon,defensive_tot,24.74294931343507,1.0,False,2,10.0,1479,unobserved_2026_outcome
3ee640012c4111fd4d235556a5ceb480dcc03dffc56a529b39349215c24de10a,2026,5159672,DJ,Coleman,S,DB,Baylor,Florida,defensive_tot,36.42988974900601,41.0,False,0,10.0,1479,unobserved_2026_outcome
150450863a28b14e4bd1b1b648a3eb3cd15ac5ea343cf4ed69ed77ea6ec742a6,2026,5227848,Esteban,Guillory,S,DB,Western Illinois,UTEP,defensive_tot,23.675572977388132,15.0,False,1,10.0,1479,unobserved_2026_outcome
5b3d1cafd01f64fedfc1227b8a57884a431ca198f5820b527a9ca2e60bb6f4f3,2026,5079493,Braydon,Lee,CB,DB,Maryland,Arkansas,defensive_tot,29.7048763683086,18.0,False,0,10.0,1479,unobserved_2026_outcome
6a26cf835cd58523356ab7bac3d0212e703ba6778cdc8550e2c5c92c6d3f7d27,2026,5159277,Michael,Robinson III,CB,DB,UConn,Southern Miss,defensive_tot,18.792710937855,,True,7,10.0,1479,unobserved_2026_outcome
cad1ce8513b35a0da2245c67b5557e19e703cef39473a81778d87bdef407299f,2026,5079431,Wallace,Foster IV,CB,DB,LSU,Florida Atlantic,defensive_tot,14.556887667531052,,True,8,10.0,1479,unobserved_2026_outcome
47f1d49de00d0d553919af096b9f682518dd8e247012ad1555ec88c7b0172a4f,2026,5152798,Anta'Veon,McKenzie,S,DB,Sacramento State,UAB,defensive_tot,25.769952180570268,7.0,False,2,10.0,1479,unobserved_2026_outcome
0454d64537bcef9caebe7c302d735924d41c2653733a11603c4a862951134f66,2026,5157398,Eli,Thompson,CB,DB,Holy Cross,Ohio,defensive_tot,35.659965481020826,6.0,False,0,10.0,1479,unobserved_2026_outcome
f704171d38342e399508fc02bf6f2798332b24b5bfb48c643e8d733a14e3482a,2026,5084386,Nick,Hudson,CB,DB,Brown,Texas,defensive_tot,19.458140141325394,,True,7,10.0,1479,unobserved_2026_outcome
2e809333e47b1e2c1d59af92aa59a2c958b1dae91b5fb9b59b4c812f48d9edef,2026,5150264,Aidan,McCowan,CB,DB,Nicholls,Georgia Southern,defensive_tot,26.833528052134223,4.0,False,0,10.0,1479,unobserved_2026_outcome
b794e6aabc58f39174db7ca8d40dcdc787105c973815dd7ac6448e4d74a66647,2026,5142588,Koi,Perich,S,DB,Minnesota,Oregon,defensive_tot,56.25985084444221,82.0,False,0,10.0,1479,unobserved_2026_outcome
8b83cfeee3baefa7dd388d1afc88c250d7a0db5e8655a87cbfb4c6f7b69bb846,2026,5167392,Parker,Knutson,CB,DB,Southwest Minnesota State,Minnesota,defensive_tot,20.12356934479579,,True,7,10.0,1479,unobserved_2026_outcome
78840b5a13641e268083ccf158b7247c55effba81667d3749b5dd129d13ab05d,2026,5227437,Kendell,Anderson,S,DB,Morgan State,Marshall,defensive_tot,23.197322306604235,3.0,False,4,10.0,1479,unobserved_2026_outcome
5301d795cefdf0a5cce0ba5612a93220d0e4902f7356282f17c1f907b02c0a27,2026,4916957,Donovan,Turner,CB,DB,Illinois,Sacramento State,defensive_tot,19.458140141325394,,True,7,10.0,1479,unobserved_2026_outcome
ecdc08fd6a6204c8d807840156040b8af61bb4aaddd2289c188b49e37d583814,2026,5154217,Que,Billingsley,CB,DB,Gardner-Webb,UAB,defensive_tot,18.046630634655347,,True,9,10.0,1479,unobserved_2026_outcome
9bbd624e1b9cfd65675b04d1a4af48a576c49b472cd7db96b9bd4f368821f2c5,2026,5159365,Bo,Simpson-Nealy,S,DB,Western Carolina,Florida Atlantic,defensive_tot,23.844085190284826,2.0,False,2,10.0,1479,unobserved_2026_outcome
9c319ac9f5540c15a081ad35b9b414257e3a4b9a1f003bb98b7e4b2bf28bb780,2026,5130410,Jakob,Gude,S,DB,UCF,App State,defensive_tot,14.556887667531052,,True,8,10.0,1479,unobserved_2026_outcome
1f2c0cedee9fd7395f4c1b16aff731bbf00eaeae8c901e35c1f50465c7ba1a90,2026,5382860,Willie,Wilson,S,DB,American International,UL Monroe,defensive_tot,19.458140141325394,,True,7,10.0,1479,unobserved_2026_outcome
f6fcb0ab34b44b623c36c7e2b453a8c27362f6ab731f9e000b71d99bbc495e11,2026,5195570,Cody,Haddad,S,DB,Ohio State,Iowa,defensive_tot,20.12356934479579,,True,7,10.0,1479,unobserved_2026_outcome
54cd9703b712781935c802fe52aa8d163058c433901c5621fb9bdd64715a2f73,2026,5085390,Davin,Martin,CB,DB,UTSA,Texas Tech,defensive_tot,30.7113759988694,26.0,False,0,10.0,1479,unobserved_2026_outcome
59fd2a43c12d55c2908bc5fd060096ec683b3b9648054213c9f8b3ead477994b,2026,5083572,Ty,Bartrum,S,DB,Harvard,UCF,defensive_tot,21.815927085681945,,True,5,10.0,1479,unobserved_2026_outcome
5f96f3c12abb88852774adfec966227640423116440a60a9feeeff5e6bcebc16,2026,5157291,Andre,Jordan Jr.,CB,DB,UCLA,Auburn,defensive_tot,17.214613424215205,19.0,False,2,10.0,1479,unobserved_2026_outcome
9ebacd3910cd688b5efe2c721d7773fe946c163381d9a3cd4bc4e36e31fc4716,2026,4837464,Emory,Floyd,CB,DB,App State,Colorado,defensive_tot,36.722195695089944,49.0,False,0,10.0,1479,unobserved_2026_outcome
697a6f914d8c101b9df9347963f122e29cd76339bda3e3103232a0ea59fb2920,2026,4870279,Corey,Gordon Jr.,S,DB,Louisville,Kansas,defensive_tot,41.49145576763032,53.0,False,2,10.0,1479,unobserved_2026_outcome
cb3e853639fc66a6aa9802cfe85f920620ef4d29d152b209c7f754cd102163f1,2026,4831987,Jaden,Mangham,S,DB,Michigan,Purdue,defensive_tot,30.64262385637281,30.0,False,2,10.0,1479,unobserved_2026_outcome
728162db4f3defb65e59ada6d48bd010be281fdda499b6396ae242c37cfd108c,2026,5084046,Ondre,Evans,CB,DB,Georgia,NC State,defensive_tot,20.34537907928592,,True,7,10.0,1479,unobserved_2026_outcome
b711b9ee8d538adf4c3c795ac9ac706bebb5d7f87efe0e7ca3eb1e615f4cc919,2026,5128051,Jamroc,Grimsley,CB,DB,Florida,Mississippi State,defensive_tot,22.848910940190734,1.0,False,2,10.0,1479,unobserved_2026_outcome
c1d9af45575ceb821a0f691daa29e863639fcaf6c2969f388219eba175db0f35,2026,4685371,Marquis,Groves-Killebrew,CB,DB,Arizona,California,defensive_tot,26.155007804919997,7.0,False,2,10.0,1479,unobserved_2026_outcome
4f7241d85a8949b4919b6151cf8d7db0b75e94e387c4522828248c939306a810,2026,5141685,Amari,Wallace,CB,DB,Miami,Sacramento State,defensive_tot,20.12356934479579,,True,7,10.0,1479,unobserved_2026_outcome
8fb34fe0357354fc1e03e8be25e05b5fed3eee54f1fe4c8f239b9136d70f27bb,2026,5169434,Jacob,Cosby-Mosley,S,DB,Wake Forest,Western Kentucky,defensive_tot,19.458140141325394,,True,7,10.0,1479,unobserved_2026_outcome
f16ae351e835c969a33b062c490af1db6f0a394bd3382e8f29442c1ce66824f3,2026,5298627,Jonathan,Watts,S,DB,Idaho State,San José State,defensive_tot,18.792710937855,,True,7,10.0,1479,unobserved_2026_outcome
d699f976ee1159cd02232e0ccf90941e66481c20f67d1544da4ba34aaae7b4cc,2026,5141667,Cobey,Sellers,CB,DB,Texas A&M,Vanderbilt,defensive_tot,20.12356934479579,,True,7,10.0,1479,unobserved_2026_outcome
c8e993180670bd3b0f6e2de20b4db512726ad354853a48e9504a8841a3cb2d0f,2026,5225305,Elisha,West,CB,DB,Michigan State,Minnesota,defensive_tot,19.458140141325394,,True,7,10.0,1479,unobserved_2026_outcome
0ebeae66683cfe919cdea87d5cfe933012910e9620de08db73048c3a676fd7fb,2026,5165490,RJ,Chapman,S,DB,Merrimack,New Mexico State,defensive_tot,35.36063093130925,11.0,False,2,10.0,1479,unobserved_2026_outcome
3da9e45059fe18f02752eb8d5c02dc2e4344085943fded0dccf9e732cb2c333c,2026,4870611,Daylen,Austin,S,DB,Oregon,Arizona,defensive_tot,26.909020409732523,10.0,False,0,10.0,1479,unobserved_2026_outcome
b45991f41cd9722083db6ce77e6c347e8d1f9711598ad0559a0201e484050879,2026,5154323,Kaleb,Patterson,CB,DB,Illinois,Kansas State,defensive_tot,27.166080170813178,16.0,False,2,10.0,1479,unobserved_2026_outcome
cc3c7576918d123d71e5120eb9c56f03bd166c083595c73015cea3b325b81e79,2026,5148610,Cree,Thomas,CB,DB,Notre Dame,Colorado,defensive_tot,23.070720674680864,1.0,False,2,10.0,1479,unobserved_2026_outcome
554d399802a313cc711b821d6ee536cca2682639c4c553da46b7ad44dd7ec10d,2026,4565357,Brenden,Deasfernandes,CB,DB,Central Michigan,Northwestern,defensive_tot,28.38386950551338,25.0,False,0,10.0,1479,unobserved_2026_outcome
077a6a0d3c2a6946367da1ba3b90d2c8fec9dccb2ff9484cb8b45d00e32b08f3,2026,5086035,Lee,Molette III,S,DB,UConn,Arizona,defensive_tot,48.35660631236579,65.0,False,0,10.0,1479,unobserved_2026_outcome
6de5c45194eed443484fbd28af8b784e99789b8bb6bb8993e47d2f24acc61ec0,2026,5381377,Braylon,Alexander,CB,DB,Washburn,Georgia State,defensive_tot,19.23633040683526,,True,7,10.0,1479,unobserved_2026_outcome
540e91a31365514e09c251f670685fe1aa7c05bd1d9b1c8df67e10ff110147c2,2026,5079544,Ricardo,Jones,S,DB,Clemson,Vanderbilt,defensive_tot,50.98006297483591,39.0,False,0,10.0,1479,unobserved_2026_outcome
5ecab63b38a28f43205c9feda6da24272b1c1676fdc2dbc92b132bcd6422243b,2026,5155049,Roman,Tillmon,S,DB,South Dakota,Boise State,defensive_tot,26.959640637492946,11.0,False,2,10.0,1479,unobserved_2026_outcome
944f9335c48674e8ae4d79e4e13ddff5737ba1921deab619bae29902af7285f2,2026,5224791,Brycen,Scott,CB,DB,Elon,Louisville,defensive_tot,25.8233829897963,4.0,False,2,10.0,1479,unobserved_2026_outcome
0a43cd78e8e7364aff2c4b6fa333c8e86d2de3480f29e4e1cc1f6a0be9d6309c,2026,4923291,Cameren,Jenkins,S,DB,Baylor,North Texas,defensive_tot,23.8093207008486,6.0,False,4,10.0,1479,unobserved_2026_outcome
2cbe588b1719fc6f4a0e5ccb0c135b06db7cc1ee7343f36a4fd98888e5bd145c,2026,5151076,Daniel,Cobbs,S,DB,Kansas State,Baylor,defensive_tot,42.874880097445214,39.0,False,0,10.0,1479,unobserved_2026_outcome
5db2fcba0ba8ac1814a7fb5b05693d10b43187d912e404ecc1afe940ec0a8192,2026,4921499,Shelton,Lewis,CB,DB,Clemson,Arkansas,defensive_tot,24.96715221003458,8.0,False,2,10.0,1479,unobserved_2026_outcome
5bcee59f31a54cfe26bca842307d2e127b665641bc7d896ae25b071561924ee8,2026,5146579,Vernon,Woodward III,CB,DB,Illinois,Jacksonville State,defensive_tot,19.901759610305657,,True,7,10.0,1479,unobserved_2026_outcome
61df120222725e5d84a807be21511888dd31dbbdab9f7a116df587bdfdf69094,2026,5150133,Christian,Pritchett,S,DB,Georgia Tech,Kansas,defensive_tot,25.60157325530617,4.0,False,2,10.0,1479,unobserved_2026_outcome
98bc22f062c9a0654a236b7e4ff85bc806634ad5c462b8122d819c36385ebd02,2026,5220541,Tyrese,Boss,CB,DB,Wyoming,Arizona,defensive_tot,27.78657025930365,36.0,False,2,10.0,1479,unobserved_2026_outcome
42e4d7fa8a8ce026d46890251504f5b2b613cd70a60e07812e6938420e3b3ee3,2026,5154535,Ja'Son,Prevard,CB,DB,Virginia,Kansas State,defensive_tot,35.314711314291664,24.0,False,0,10.0,1479,unobserved_2026_outcome
0958ff0b32cf8c2863166b3415a1c268a95644a0f1c2f6409ebd38fd781c6756,2026,5227272,Malikai,Nichols,CB,DB,Saint Francis (PA),Sacramento State,defensive_tot,19.901759610305657,,True,7,10.0,1479,unobserved_2026_outcome
ec1f73864506dc5a5248c341fe5a69132b7f01402814575c627ab398035810e2,2026,4912337,Justin,Eaglin,CB,DB,James Madison,Colorado,defensive_tot,37.78284504016421,35.0,False,0,10.0,1479,unobserved_2026_outcome
c04632d1270cd83f23247f0854aa08fee4cd6157d3e3e20cfcadcb123332ad4c,2026,5077815,Ta'Shawn,James,S,DB,Iowa State,UCLA,defensive_tot,28.55506189827329,33.0,False,2,10.0,1479,unobserved_2026_outcome
a049c1fe926da07090dfc1f715743ae1b26717ac666e4b8adb8ca1b9674d358a,2026,5084793,Caleb,Flagg,S,DB,Missouri,UCF,defensive_tot,22.25711597779776,4.0,False,2,10.0,1479,unobserved_2026_outcome
9d1ba24c8959b5a50ab31db5f36c9ee30dc6016b0c1074156671cb2a97165cba,2026,5127736,Landyn,Cleveland,S,DB,Oklahoma State,UNLV,defensive_tot,33.4208720937809,33.0,False,2,10.0,1479,unobserved_2026_outcome
7f2a709ab92051047fdcdcd45b4a912ed4a51385a30e2bb68787e0c400e3a55c,2026,4812367,Ade,Willie,CB,DB,Michigan State,North Carolina,defensive_tot,28.92887869457188,16.0,False,2,10.0,1479,unobserved_2026_outcome
e067896f8029f76fbe61cbcd6fd39f0b2684391700c4f3937667f6cf2ee71ebc,2026,5092690,Kollin,Lewis,CB,DB,North Texas,Oklahoma State,defensive_tot,29.22755577429714,15.0,False,0,10.0,1479,unobserved_2026_outcome
d9bbf745d4011c40605cd54e9c9a768520841945ea87ab8ef77f727871b2b23c,2026,5214508,Mark,Manfred III,CB,DB,Missouri,Kentucky,defensive_tot,20.12356934479579,,True,7,10.0,1479,unobserved_2026_outcome
b3c1940c18cc3235835252af9f74d5a0dac2ada469a94f1c61d02fbd410ba782,2026,5226164,Nick,Brown,CB,DB,Lamar,Utah,defensive_tot,22.037736820172075,,True,5,10.0,1479,unobserved_2026_outcome
3e72fd97d2b34c38a79650280ee00a1bbe259f9a12dce6accabacca9dab237dc,2026,5147217,Jason,Cross Jr.,S,DB,West Virginia,North Texas,defensive_tot,14.556887667531052,,True,8,10.0,1479,unobserved_2026_outcome
7c7faf736cb5da1af3d9a31a4851f7dc04ceb35e554c644c9e68485fd471e826,2026,5224416,Baron,Taylor,S,DB,Southern Utah,Southern Miss,defensive_tot,21.57706539030077,,True,5,10.0,1479,unobserved_2026_outcome
6d8834288c78d08df4be8064f9b63d1f26d591b62350fa35f523262de8bf8071,2026,4918445,Smith,Snowden,CB,DB,Utah,Michigan,defensive_tot,31.75508674748555,37.0,False,0,10.0,1479,unobserved_2026_outcome
b7880fdc05f0bf968b2fe0f11da34450723627a5d4bfd50b7cf0565a81e3dbe1,2026,5078250,Khalil,Barnes,S,DB,Clemson,Georgia,defensive_tot,35.35105166062855,40.0,False,2,10.0,1479,unobserved_2026_outcome
872928fd35ae503a05a3b05e026a63fd6a1c8d37bc3db8b0be6aac54561233cf,2026,5141966,La'khi,Roland,CB,DB,Maryland,Arkansas,defensive_tot,36.83388020450397,21.0,False,0,10.0,1479,unobserved_2026_outcome
834140fb2b60f7408d529ea4ea52d26f8f1a6f5787ec82f3c1d455f5f882e264,2026,4820583,Jayden,Rowe,CB,DB,Kansas State,Baylor,defensive_tot,24.707328773951048,3.0,False,2,10.0,1479,unobserved_2026_outcome
e5c8a6e1331cb767de1606685b3c32c91488136514f0d7936fbbc1bf61996428,2026,5154884,Makai,Shahid,S,DB,Youngstown State,Arkansas State,defensive_tot,26.281934381443694,6.0,False,0,10.0,1479,unobserved_2026_outcome
69544b95a7ee7c20b2a0706e493dc305609bd8751f102274b4f13a22548a65b7,2026,4603193,Jardin,Gilbert,S,DB,LSU,Mississippi State,defensive_tot,26.934054715200293,11.0,False,2,10.0,1479,unobserved_2026_outcome
bd73b900e2bd58c9aabd86c7716f3ae073f7dfd76d0e954de6a6e456f95bddb8,2026,5149513,Cam,Dooley,S,DB,Kentucky,Florida,defensive_tot,35.48138946104254,29.0,False,0,10.0,1479,unobserved_2026_outcome
0a07a4f12680aea567b0393007b8d4fcfc233a3eafeb854a3ba25a6d45e4efa9,2026,4880351,Jahlil,Florence,CB,DB,Oregon,Missouri,defensive_tot,20.12356934479579,,True,7,10.0,1479,unobserved_2026_outcome
01eefb8335200e93aefc8f7757a04e01054816bf016dbac15e72deebe25e468c,2026,5219477,Cary,Grant,S,DB,Charlotte,App State,defensive_tot,40.846623613659794,45.0,False,2,10.0,1479,unobserved_2026_outcome
5194ba206a8fc8a898524b1b77a9f41302a6b02ddadef83f1aa3d08e7bb56bb7,2026,4912182,Jacob,Finley,CB,DB,Northern Illinois,Cincinnati,defensive_tot,34.31281080354462,57.0,False,2,10.0,1479,unobserved_2026_outcome
b953c416566b012a3cb0f32414c9744ec77f32e32e733a40f9c3c8f6d8c9ef0f,2026,5148945,Hasaan,Sykes,CB,DB,Western Carolina,Kentucky,defensive_tot,32.219948079233895,1.0,False,0,10.0,1479,unobserved_2026_outcome
4cb8083c274a2638a383f4adf57c24acf811fdeb30f6ae87a99f34f6317eb518,2026,5299332,Kaleb,Miles,CB,DB,East Texas A&M,UTEP,defensive_tot,31.050740260742828,15.0,False,0,10.0,1479,unobserved_2026_outcome
c47fc9e3d2016273c39877655725c76d9eba14ab460c425d79bdce4a705502f3,2026,5141360,Shamar,Arnoux,CB,DB,Florida State,Auburn,defensive_tot,30.91387709006988,27.0,False,2,10.0,1479,unobserved_2026_outcome
20ca2de4ca9439157ce4b8f3b323328fc33042b8da60f3240275b91bafb35871,2026,5227168,Xavier,Styles,S,DB,Robert Morris,Iowa,defensive_tot,27.16805154959821,2.0,False,0,10.0,1479,unobserved_2026_outcome
70fe9f3244f095264475f32b44fc98539acc79efca898b786b3b50def6d82cea,2026,5328487,Kanye,Thompson,CB,DB,Slippery Rock,Pittsburgh,defensive_tot,19.901759610305657,,True,7,10.0,1479,unobserved_2026_outcome
494a8a04726f6809a82fa7d32565e15d1d3f96343550b9eeeceaa49d2b810d46,2026,4685437,Earl,Little Jr.,S,DB,Florida State,Ohio State,defensive_tot,65.27540650405662,76.0,False,0,10.0,1479,unobserved_2026_outcome
2ffa36da2f79c3e31a3465b10c80848152be171da187fede3bc7903fd9bb14ee,2026,4870846,TJ,Metcalf,S,DB,Michigan,Tennessee,defensive_tot,40.64647603861587,58.0,False,0,10.0,1479,unobserved_2026_outcome
03b0cc3942e8ed83fff97bd24d24cdfa78bb90661b1f1680281151b82b75acb0,2026,5297103,Armoni,Rue,CB,DB,Michigan State,UL Monroe,defensive_tot,17.334607908872258,,True,7,10.0,1479,unobserved_2026_outcome
37724d3fcba8a662e7d3f8015928f3610efce7e954fe9d8195c9e5f9350c57e3,2026,5214386,Donovan,Starr,CB,DB,Auburn,Clemson,defensive_tot,20.34537907928592,,True,7,10.0,1479,unobserved_2026_outcome
b6cea70cda977b8e45a387b3879af6c710b34469ccd876d0c6d23588a59b4e6f,2026,5079447,Dakoda,Fields,CB,DB,Oregon,Oklahoma,defensive_tot,24.74294931343507,1.0,False,2,10.0,1479,unobserved_2026_outcome
3aa79519ef7e865569d8cc8b0fb0612befa5068b50781edf827cdfbf4927668d,2026,4924137,Saboor,Karriem,S,DB,Illinois,Temple,defensive_tot,24.889557596525787,21.0,False,3,10.0,1479,unobserved_2026_outcome
48a08eb71815687ca832b5599b5da03c9eff1bca4e3b16b5aa451be844421ad9,2026,5084740,Dwayne,McDougle,S,DB,San Diego State,Nebraska,defensive_tot,48.47274655736775,47.0,False,0,10.0,1479,unobserved_2026_outcome
8876966761697764aede475e467a7c705f080486ac991aa6f501bd6c22e605af,2026,5159189,Eric,Adams,S,DB,North Carolina Central,App State,defensive_tot,32.8732020101783,1.0,False,2,10.0,1479,unobserved_2026_outcome
930cb6d3277420f9626aad1030e688c053976fa9705d96cdb365943fb3bb184f,2026,5086452,Koy,Beasley,S,DB,Miami (OH),Kansas State,defensive_tot,33.34346973196831,40.0,False,0,10.0,1479,unobserved_2026_outcome
952da53ac9263ef0952bba3d9f2c5f29cce518fadbc8c4735372138577bea7fc,2026,5223910,Jeremiah,Bernard,S,DB,Cal Poly,Washington State,defensive_tot,37.550410008632184,7.0,False,0,10.0,1479,unobserved_2026_outcome
fc265a04f59e349648718e1fbaeec570f24ebe32118e0873f7fd2eb977ca58a1,2026,4870991,Michael,Richard,S,DB,Louisiana Tech,Michigan State,defensive_tot,40.392665551767514,38.0,False,0,10.0,1479,unobserved_2026_outcome
12fb509e7ef34138afdbe24510a5e810bdf145f7cb557f88bb90c25736ddc16a,2026,4896318,Javan,Robinson,CB,DB,Arizona State,Wisconsin,defensive_tot,25.00787079405092,42.0,False,2,10.0,1479,unobserved_2026_outcome
edb53b21c417e16a042ce58cfb398ff51a40082274d96575acd11deddab498bd,2026,5263577,Damarius,Russell,S,DB,Washington State,Iowa State,defensive_tot,25.052451282254548,3.0,False,2,10.0,1479,unobserved_2026_outcome
921b8b9f46466d4297b564877b0f18be02dfec387c9c1267da5193c7cba5f44b,2026,5127723,Isaiah,Buxton,CB,DB,San Diego State,San José State,defensive_tot,23.561799457221237,11.0,False,2,10.0,1479,unobserved_2026_outcome
c00071f3c5e32310c5d8a72fd81ca01e680aab9ef96a1fe84ea4164d251aac5e,2026,4838544,Malcolm,Jones,S,DB,Jacksonville State,Iowa State,defensive_tot,35.49201892420969,51.0,False,2,10.0,1479,unobserved_2026_outcome
b1cb3212434fa55f239f4df11a81d0fa034a29546e94da3059772231b035b583,2026,5296208,Carrington,Pierce,CB,DB,Oklahoma State,USC,defensive_tot,18.792710937855,,True,7,10.0,1479,unobserved_2026_outcome
bffc8bbcf2a4cc74027248d403a22f043108a985095bb5e542f05487bb243147,2026,5214559,Mason,Ellens,CB,DB,Iowa State,Miami (OH),defensive_tot,19.901759610305657,,True,7,10.0,1479,unobserved_2026_outcome
cc7eafc6d92165eb4337bf0ab1610b85981bd6214098d68f5a3dbc6a4cc6e997,2026,4837159,Izaiah,Guy,CB,DB,South Florida,Liberty,defensive_tot,18.6093353933767,1.0,False,3,10.0,1479,unobserved_2026_outcome
03f121b8d80d5fb475c5445dc9b1d1c257620f68ca581f3ca41a5507f6dadac4,2026,5084664,Cai,Bates,CB,DB,Florida State,Wisconsin,defensive_tot,24.176017070641436,1.0,False,2,10.0,1479,unobserved_2026_outcome
82dd2902faf5c6b338519624036776f54473efc4d2d7c4995261839d6a57c29b,2026,4870652,Marvin,Burks Jr.,S,DB,Missouri,Wisconsin,defensive_tot,42.52996899222359,49.0,False,0,10.0,1479,unobserved_2026_outcome
4eb0ce2b67086a55428a510740f63c7f4de67cd7f4f1c8811f4597443967c8a7,2026,5215292,Omarion,Davis,S,DB,Boston College,Penn State,defensive_tot,28.34962318913639,13.0,False,2,10.0,1479,unobserved_2026_outcome
25e0616342b9c97114eff5ba8119ed94792905f1d5f760e2518c290906475094,2026,4876462,Isaiah,Reed,CB,DB,UCF,Massachusetts,defensive_tot,22.845158663700648,1.0,False,2,10.0,1479,unobserved_2026_outcome
00017da28047851c294e1684e876a1d6e024daab59d3c9bc7184cfd3f88c99bb,2026,5124996,Evan,Jackson,S,DB,North Texas,Oklahoma State,defensive_tot,38.40766860399645,44.0,False,0,10.0,1479,unobserved_2026_outcome
53daa8e23dfd98b2a92c1de6879ca1697e42f68845443db747ccb255c03d0a59,2026,4602193,Lyrik,Rawls,S,DB,Kansas,Arizona State,defensive_tot,37.379481090181315,72.0,False,0,10.0,1479,unobserved_2026_outcome
abcad2f5b5da8010563aef165d14d4add01833fa3954333b035114bf2d909494,2026,5149824,Quay'sheed,Scott,CB,DB,Kentucky,South Carolina,defensive_tot,35.37455296101193,39.0,False,0,10.0,1479,unobserved_2026_outcome
3545f7a7c505775628058a58739d7a8abca990ed0ee1b4180c3ff471626d122c,2026,5079321,Kaleb,Beasley,S,DB,Tennessee,Louisville,defensive_tot,32.37261374564652,24.0,False,2,10.0,1479,unobserved_2026_outcome
4bb23c0c23aa6f53d68fa6af183357ea1b8a5e219266ee507ee0a879cfda772f,2026,4871026,Elliot,Washington II,CB,DB,Penn State,Clemson,defensive_tot,27.763275269679074,18.0,False,0,10.0,1479,unobserved_2026_outcome
d756b56c313fa0aec256b5397d39a57ccf9d16616e10dbb9d0904a676175d8bc,2026,5075704,Braden,Awls,S,DB,Toledo,Iowa State,defensive_tot,49.612598605301585,48.0,False,0,10.0,1479,unobserved_2026_outcome
2b62e35cfc45b921f019af10905e50259c9a74f48af7a8a492dc17bcd38d03fd,2026,5081387,Christian,Harrison,S,DB,Cincinnati,Arkansas,defensive_tot,36.59388566918311,55.0,False,0,10.0,1479,unobserved_2026_outcome
af9f38f58023e45c6d0bea992abdc2d8d8dbec1a2c8e6069e4b62a1d683c1e21,2026,5214501,Gavin,Jenkins,CB,DB,South Florida,Auburn,defensive_tot,26.027382454544423,5.0,False,2,10.0,1479,unobserved_2026_outcome
5c494aed0b48a002df3a27a09c7fd0fb8c61d436aa13c3d0a8977d53d906f660,2026,4875464,Justin,Agu,CB,DB,Louisville,Tulane,defensive_tot,25.88625941098904,6.0,False,2,10.0,1479,unobserved_2026_outcome
a77ede7338c229d35e5a4a8f8403db26633992750dc176186bca70e08bc3fca7,2026,5127726,Braylon,Conley,CB,DB,USC,Georgia,defensive_tot,27.14038973186163,14.0,False,2,10.0,1479,unobserved_2026_outcome
ca2fd57cba94cc950094cb0c0921ec87306e9e22a86cd70655119ba053a3c6fc,2026,5178689,C.J.,Coombes,S,DB,Wofford,North Texas,defensive_tot,21.031805370507268,,True,5,10.0,1479,unobserved_2026_outcome
7ad140b414960dc2406c0fffa46e801d14eb5cd65d8f4133aa61e1e976b1795b,2026,4869820,Terry,Moore,S,DB,Duke,Ohio State,defensive_tot,23.134340515209452,,True,7,10.0,1479,unobserved_2026_outcome
3c9b3e105263d34e6fe38a7e18bdabb663a1e682b8fab96daf29321101a47ae7,2026,4870660,Jordan,Castell,S,DB,Florida,Kentucky,defensive_tot,49.4414828470248,54.0,False,0,10.0,1479,unobserved_2026_outcome
a0f17936088739404476063deb53c42b92a7afd0645fad979c3569b894ca6932,2026,5141762,Tony,Williams,S,DB,UCF,Kennesaw State,defensive_tot,23.052910404938853,2.0,False,2,10.0,1479,unobserved_2026_outcome
4840f6d25752916f037e2789f3da6ca8e82aa13dddf5f696aa0dc4a4d47b5107,2026,5147969,Cyrus,Reyes,S,DB,Mississippi State,Kentucky,defensive_tot,26.354694693105913,6.0,False,2,10.0,1479,unobserved_2026_outcome
a0b7dd789f9f3c880a970c1479a3ce40110e2bc1475930cbed3e99f259c5b1ee,2026,4794108,Austin,Ausberry,S,DB,LSU,Baylor,defensive_tot,19.901759610305657,,True,7,10.0,1479,unobserved_2026_outcome
4acbbdac933d6ffd2b6c4deb403d073e3ec81dee58dbb4f14cbeabacd7cd6d82,2026,5156996,Jailen,Duffie,CB,DB,North Dakota State,UCF,defensive_tot,19.901759610305657,,True,7,10.0,1479,unobserved_2026_outcome
fbde184676d014b5f22521f068c6d47fbca1cd265eb6e11af0ef671415726608,2026,5193354,Corey,Myrick,S,DB,Southern Miss,Clemson,defensive_tot,57.486701815517385,91.0,False,0,10.0,1479,unobserved_2026_outcome
a883fcc016ab4a2d2f292761bc4d91f78757a51a49a1b6f3455b9b036cc3f022,2026,5153891,Deuce,Lee,S,DB,Monmouth,Georgia State,defensive_tot,28.75518205006052,11.0,False,2,10.0,1479,unobserved_2026_outcome
b4ef663d178858a488e2dc863c8f725cb269e2d012e621782ded83200acf5116,2026,5078018,Naeten,Mitchell,S,DB,New Mexico State,Colorado,defensive_tot,52.46344118473791,92.0,False,0,10.0,1479,unobserved_2026_outcome
5af2dfb0504e832fa3e8ce1c6e69da7b2ff4053aef57bb64b49fb4ec6581fc97,2026,5148634,Amarion,Fortenberry,CB,DB,Kansas State,South Florida,defensive_tot,24.91285403550351,13.0,False,2,10.0,1479,unobserved_2026_outcome
e65b67c9078598dc86c6216eb62013f7a9af01be8bf709a5554272b4ad813fde,2026,5079665,Donavan,Philord,CB,DB,Campbell,Central Michigan,defensive_tot,22.715378379674256,11.0,False,1,10.0,1479,unobserved_2026_outcome
e021893ee0cc438c6423b0862d4da967c35694adb5e02433374192703b8b8162,2026,5150917,Dee,Newsome,CB,DB,Samford,Purdue,defensive_tot,24.158206800899425,2.0,False,2,10.0,1479,unobserved_2026_outcome
048b9f5e636f0690428926077d7b1f42a375a5d88d09b09c408ddc3b02fbfe76,2026,5293670,Keshawn,Davila,CB,DB,Arkansas,North Texas,defensive_tot,21.84911704830152,2.0,False,2,10.0,1479,unobserved_2026_outcome
1c072ace6c4a52504db74edd1dd1444f7ddd1214f8806595f35e4cd297f16210,2026,5082306,Jayden,Davis,S,DB,Fresno State,UConn,defensive_tot,34.187076252110266,34.0,False,0,10.0,1479,unobserved_2026_outcome
8d20149a407840182b17635999b0df66fe4cf134cfe4f9411be630b95bf43dc0,2026,5141410,Caleb,Chester,CB,DB,Texas,Arizona State,defensive_tot,24.299329844454807,1.0,False,2,10.0,1479,unobserved_2026_outcome
08fc885642205d926f2705b99910bb9a5f00f8da66e3c8cbcd5f00c149e038e7,2026,5219636,Israel,Boyce,S,DB,West Virginia,South Florida,defensive_tot,32.48055631828999,29.0,False,2,10.0,1479,unobserved_2026_outcome
f23ea20999f5cdc53b78c3ceb8aac6737a3eb4365745e163379b20651e794300,2026,5215278,Zion,Paret,CB,DB,Florida Atlantic,UConn,defensive_tot,28.47293596294976,13.0,False,2,10.0,1479,unobserved_2026_outcome
bb90d23713777c69dfaecf55162f965a133dd6494131bf6aae1094f07a84c7c3,2026,5153430,Bradlee,Jones,CB,DB,The Citadel,Rutgers,defensive_tot,24.010031307486717,5.0,False,2,10.0,1479,unobserved_2026_outcome
acfb28d697adafc3d16718bdc0a8293865d2a95cb720e54d06c1a2d2fc83a55f,2026,4923030,Jesse,Anderson,S,DB,Pittsburgh,Kentucky,defensive_tot,24.158206800899425,2.0,False,2,10.0,1479,unobserved_2026_outcome
bf7f55e6a8bd9ad23af3810c14cb8c748873c30e74e716d7fb62ad27a5ea89a9,2026,5101120,Kameron,Howard,S,DB,Alabama,Boston College,defensive_tot,24.56807823838576,2.0,False,2,10.0,1479,unobserved_2026_outcome
7c1f462b1ad0d28d1c07f839b6c6873074eec0b13fbb77e41428c2adbc61a2db,2026,5166798,Renick,Dorilas,CB,DB,Rutgers,UConn,defensive_tot,19.901759610305657,,True,7,10.0,1479,unobserved_2026_outcome
06b4abdcb128c33c6f66166ba4eb04a179420846b473fa6abb3365fabd714a3c,2026,5141484,Maliek,Hawkins,CB,DB,Oklahoma,West Virginia,defensive_tot,19.901759610305657,,True,7,10.0,1479,unobserved_2026_outcome
432cdd0d7e069ff13d6435fd633b406fb013c56964828273f56e0ceff2ef935d,2026,5227207,Zuri,Watson,CB,DB,Howard,Arizona,defensive_tot,27.39256219977569,4.0,False,0,10.0,1479,unobserved_2026_outcome
0ef4a0977704d7066ac81efdb912c7ba310203455d8633ca7f7697fe41dc71be,2026,5147383,Ahkhari,Johnson,CB,DB,Arkansas,Louisiana Tech,defensive_tot,25.25645074700267,4.0,False,2,10.0,1479,unobserved_2026_outcome
d4fe84000545f3e48acec249ce3e74187bada1f6ba35a648955997cd0a3567b6,2026,5219163,Malcolm,Ziglar,S,DB,North Carolina,South Florida,defensive_tot,27.873342086356548,5.0,False,0,10.0,1479,unobserved_2026_outcome
2c1785fe8bf84342c8a409c0bcf8b7e88538e18510766c50a688142bc8bb3f53,2026,5225537,Terrence,Jones II,CB,DB,Fordham,James Madison,defensive_tot,24.485519039460915,3.0,False,2,10.0,1479,unobserved_2026_outcome
6c84cfb0d31cafac1206e733c00e82c3dfe9d80b637f5cea3609a43f8ceba738,2026,4831971,Kalen,Carroll,CB,DB,Central Michigan,TCU,defensive_tot,40.754766057963835,49.0,False,0,10.0,1479,unobserved_2026_outcome
79d01af16e952072cbe872124b74eba39a97890f956e8db6dbe7830233d80faf,2026,5295769,Deuce,Fillmore,CB,DB,Georgia State,Illinois,defensive_tot,33.02501900359366,39.0,False,2,10.0,1479,unobserved_2026_outcome
df40352bec98b024d42e4c86a6230d3dc1310ad562094c4f98a274bd826f3e8d,2026,4901131,Tao,Johnson,S,DB,Utah,UCLA,defensive_tot,42.86121700059877,50.0,False,0,10.0,1479,unobserved_2026_outcome
892eaecebfae8958b5b32d1ee793fca1b1cc73384d139431e4f7f264526889f6,2026,5148413,Elijah,Cannon,CB,DB,Mississippi State,Kansas,defensive_tot,24.299329844454807,1.0,False,2,10.0,1479,unobserved_2026_outcome
2b56cbc6a6bc9d1d568c58cf547be2d0f23588d609bd98a2e3b0121d18b73325,2026,5083369,Taebron,Bennie-Powell,S,DB,Notre Dame,Boise State,defensive_tot,23.954207336151306,1.0,False,2,10.0,1479,unobserved_2026_outcome
6deec9e658bd9e2df47d4a5c47c467cef07ac16984fb2ebfec4c199023a5b6bf,2026,4685625,Kamari,Wilson,S,DB,Memphis,West Virginia,defensive_tot,50.00940128697398,78.0,False,0,10.0,1479,unobserved_2026_outcome
0850587a576bc720928ed3e3150d431a4e0c4dadad8ffd30c32f97f273300603,2026,5220604,Jaylen,Thomas,CB,DB,San José State,Washington State,defensive_tot,32.09450746684576,59.0,False,2,10.0,1479,unobserved_2026_outcome
5dc8e82d6715069e1ae0bebf087ce263808add25385ae7f9b01f46bdad2d92a1,2026,4869971,D-Icey,Hopkins,S,DB,Georgia State,Liberty,defensive_tot,31.629589190314952,51.0,False,2,10.0,1479,unobserved_2026_outcome
4d6789bb821ac958287ecf5d23da5a9fe6c61743f9f7de1622f11681d24f4057,2026,5084961,KK,Meier,CB,DB,UTSA,Cincinnati,defensive_tot,24.630521395977187,25.0,False,2,10.0,1479,unobserved_2026_outcome
4974af9e5f76e369a1ae73e0a3c045aae5ff87f0b5267f73c9450514a900dc74,2026,5146742,Khijohnn,Cummings-Coleman,S,DB,Iowa State,Kansas,defensive_tot,24.60421943198907,9.0,False,2,10.0,1479,unobserved_2026_outcome
6b5f4a4719220cce692ce3f6435e7f09406064c282c3c0994f71b54ac5ec6250,2026,5141511,Kevyn,Humes,CB,DB,Maryland,Rutgers,defensive_tot,27.35414187380938,16.0,False,2,10.0,1479,unobserved_2026_outcome
7829976b6dc77aece6700513ef58688f022e852bdcbd79eb665d6c366d5d33d4,2026,5193099,Tyler,Brown,S,DB,James Madison,Iowa,defensive_tot,44.35050459283206,71.0,False,0,10.0,1479,unobserved_2026_outcome
6aa6af9ae68df995f1ce9d98fd5a513d3ebf5045676c0a8157a54e748502a084,2026,5145123,Quentin,Taylor Jr.,CB,DB,Iowa State,Mississippi State,defensive_tot,24.952393533901258,27.0,False,2,10.0,1479,unobserved_2026_outcome
468315a91bfe3bd7e44bd50b8eac6faf12dcaf91b0383b9ee4cb9481b1ccc288,2026,4826504,Kaleb,Purdy,S,DB,Tennessee Tech,App State,defensive_tot,27.81823715610734,5.0,False,0,10.0,1479,unobserved_2026_outcome
7ed37c6a546efc3af0191a218a172df57cc1895ace667e658a9eaa4e76082ca6,2026,4808742,Ja'Cari,Henderson,CB,DB,UCF,App State,defensive_tot,24.707328773951048,3.0,False,2,10.0,1479,unobserved_2026_outcome
203d5df3966a65de7344907fe68389d718ab3b40eddb8a59de626701cd27aee4,2026,5075537,Jarvis,Lee,CB,DB,South Florida,SMU,defensive_tot,35.82015588737978,55.0,False,0,10.0,1479,unobserved_2026_outcome
1e926b9c92e509abb52400fa6212899a41cf7b1519a1505fb1b8330868d4db5d,2026,5228824,Kameron,Reddic,S,DB,Stephen F. Austin,West Virginia,defensive_tot,29.64797746559883,10.0,False,0,10.0,1479,unobserved_2026_outcome
6c88e998841634dded5d1da8a13874069cfbcb951d432918025fa4b3be4c4061,2026,5078910,Chris,Bracy,S,DB,Memphis,Michigan,defensive_tot,40.25328440478815,71.0,False,0,10.0,1479,unobserved_2026_outcome
927d4ca141d261712e7ca8fffe3e34addbb5e85871a53fa82e936cd2dc6549b5,2026,5123274,Jah Jah,Boyd,S,DB,Indiana,Colorado,defensive_tot,25.727326097691652,8.0,False,2,10.0,1479,unobserved_2026_outcome
c65cf4b18da6c88342ad8894bed48c448561f6362160f8cfeeb0683572e98b3f,2026,5139060,Santana,Wilson,CB,DB,Texas,Louisville,defensive_tot,23.954207336151306,1.0,False,2,10.0,1479,unobserved_2026_outcome
4b80710dbeb4c2d0b7f2af3a883121495d45bd16a1ba005b760e08b96fb5c1c8,2026,5079623,Christian,Peterson,S,DB,UCF,East Carolina,defensive_tot,19.901759610305657,,True,7,10.0,1479,unobserved_2026_outcome
a8006de535b99d7761554fba4bf353bdb4568a0ca818c02abe046c1352a161a8,2026,5225778,Caiden,Newsome,CB,DB,Holy Cross,Akron,defensive_tot,22.993322841856116,2.0,False,4,10.0,1479,unobserved_2026_outcome
c8c67978e327408a6cb42f158f5a5328004ee89b0bda6f539c42f63489fe9007,2026,5089023,Adrian,Maddox,S,DB,Georgia,Kansas State,defensive_tot,24.917513323251463,4.0,False,2,10.0,1479,unobserved_2026_outcome
3a0f84ad1774cecc7a8fae7e1409619bb4029ca983abc5c7f14fc4645f2ca09c,2026,5085107,Karson,Hobbs,CB,DB,Notre Dame,Florida State,defensive_tot,27.729162546982653,5.0,False,0,10.0,1479,unobserved_2026_outcome
af2f8e2c6fa93a26abd416dabda328265a10abda06c438e9df5f9de94b9e76b1,2026,5298065,CJ,Solis-Lumar,CB,DB,Cal Poly,Washington State,defensive_tot,19.901759610305657,,True,7,10.0,1479,unobserved_2026_outcome
4af0f55861ef0cdb323debe70bcf6075e7c402cec972a7c171c87c94266981ef,2026,5079676,Jordan,Pride,S,DB,Texas A&M,Southern Miss,defensive_tot,24.299329844454807,1.0,False,2,10.0,1479,unobserved_2026_outcome
5fbba121b3c1adc04bd53e6e6f53cfb5c7224cc1611332762cfa61cf00020542,2026,5153760,Toby,Bolton,CB,DB,Tennessee Tech,Georgia State,defensive_tot,24.503329309202925,2.0,False,2,10.0,1479,unobserved_2026_outcome
bec1919ebe650d63984481d8c3c9be795ca1bb907632e81fbf64f5121e0c879d,2026,4903471,Elijah,Reed,CB,DB,Akron,Utah,defensive_tot,36.53425338679499,44.0,False,0,10.0,1479,unobserved_2026_outcome
cee38e221879770c248677b335c20ef43c81a7a58f0f31ba20144fd79843c897,2026,5227167,Israel,Petite,CB,DB,Robert Morris,Toledo,defensive_tot,24.099596956570615,5.0,False,1,10.0,1479,unobserved_2026_outcome
65e0b963feafe09a2c12ebc35e907b8fc6cddd82b79c085fd62df9b48ca87f2a,2026,4901380,Jaden,Harris,S,DB,Georgia,Kansas,defensive_tot,26.009572184802412,6.0,False,2,10.0,1479,unobserved_2026_outcome
1a2fb6e56bda063c426dc66db5fb365c4ae08eecb3b231cd4ca55144d7894bf8,2026,5141026,Antoine,Belgrave-Shorter,S,DB,Penn State,Arizona State,defensive_tot,28.20850014558101,14.0,False,2,10.0,1479,unobserved_2026_outcome
59d7a66d89fd4b47a388fe4d4fb64b496275cfec46bca1ffb5d471e448495961,2026,5150905,Travis,Franklin Jr.,S,DB,Jacksonville State,Wyoming,defensive_tot,27.338117559641894,25.0,False,2,10.0,1479,unobserved_2026_outcome
152ec88eadaa3366cb7456e701a4fa6f35e36cae5899da3fb4458a32db29eb4c,2026,5170076,Kenny,Worthy III,CB,DB,Washington State,Cincinnati,defensive_tot,30.631063442377098,23.0,False,2,10.0,1479,unobserved_2026_outcome
0e6098e0bc86cb8971624450d3827ca9b187ca5ace990c88279354cabc9c06b3,2026,5141591,Josh,Patterson,S,DB,Iowa State,Wake Forest,defensive_tot,25.942009052605016,4.0,False,0,10.0,1479,unobserved_2026_outcome
1a6e1802efda43fb9699d48254a18e65865e0df1e06b41db106bccf06defeacd,2026,5075792,Victor,Evans III,CB,DB,Florida International,Nebraska,defensive_tot,31.039793999886765,41.0,False,0,10.0,1479,unobserved_2026_outcome
12eaab16dd2f16a34d31c9cd9587c47158d2d21246ecd27669c08f4853421728,2026,5174446,Keyon,Washington,CB,DB,Bowling Green,Iowa State,defensive_tot,29.917821053163003,37.0,False,2,10.0,1479,unobserved_2026_outcome
c07900512f4602eb2feb8460a9103ecb91871cb77b61041a03c63d3a7803b2e3,2026,5166306,Andrew,Powdrell,CB,DB,UNLV,West Virginia,defensive_tot,37.75358546850679,63.0,False,2,10.0,1479,unobserved_2026_outcome
a4899c160aa7d1caf09e60b33797fba175045dd879440c7efbe56fc5173c63dd,2026,5296214,Hunter,Sowell,S,DB,Iowa State,Penn State,defensive_tot,22.201292006462346,0.0,False,2,10.0,1479,unobserved_2026_outcome
82c1284ca5582700ada67004f8ce22d51317a1dc5adf0633444444588cd2c21a,2026,5158234,Mister,Clark,S,DB,Florida International,Purdue,defensive_tot,30.543732108257117,57.0,False,0,10.0,1479,unobserved_2026_outcome
6d554adef4b14052ae267aa3243bd3f03b55332a30c799ea1a26754ce0afcb9c,2026,4911919,Khamari,Terrell,CB,DB,Texas State,Washington State,defensive_tot,31.253138456830772,33.0,False,0,10.0,1479,unobserved_2026_outcome
57c5247480e876d1a91aa6e7237924b9d277fc6502c8e329e42e85c72588a0b8,2026,5173769,Kaden,Cook,CB,DB,California,Jacksonville State,defensive_tot,19.901759610305657,,True,7,10.0,1479,unobserved_2026_outcome
875e4d96197d199f9f1d1d9f7faf0c7ad9f9fdaed8299f75852c824c94e55f0e,2026,4868409,Dionte,Thornton,S,DB,Portland State,Sacramento State,defensive_tot,24.516480291196984,10.0,False,2,10.0,1479,unobserved_2026_outcome
88c503884421eeef1ab414de2e7948cfac758cdc245fb8b65957d99e35062472,2026,5264247,Jessiah,McGrew,S,DB,Florida International,Arizona State,defensive_tot,47.954313706125355,67.0,False,0,10.0,1479,unobserved_2026_outcome
2113728d416d9ac0535ea97f13a2978932a9858a7487625971b4eb531a1442ca,2026,5076906,Tyler,Scott,CB,DB,Georgia State,Arkansas,defensive_tot,25.25645074700267,4.0,False,2,10.0,1479,unobserved_2026_outcome
5f37a1ebb796d49dc63623af991a29a0e04658d6f3006515e3449b0dc1316b76,2026,5263610,Trillion,Sorrell,CB,DB,Washington State,Iowa State,defensive_tot,23.929344616551965,4.0,False,2,10.0,1479,unobserved_2026_outcome
ef4580a9cbc2a178f052c4d200bc46223105486b5ff7a6993bbc2ce3284b3fe3,2026,5152660,Avery,Jones,S,DB,Lafayette,Northern Illinois,defensive_tot,33.97920561860831,9.0,False,0,10.0,1479,unobserved_2026_outcome
f0f89622fab04e251654e25d99be1f9b3820114dac03a6c341cf362615843778,2026,5221571,Five,Hamilton,CB,DB,Kennesaw State,Arkansas State,defensive_tot,36.41978582208063,38.0,False,0,10.0,1479,unobserved_2026_outcome
38c2617a20513e5ced2160f5b751e4bdee03987a24141ddaff52eda21395b7be,2026,5147165,Bernard,Causey III,CB,DB,Georgia State,Wake Forest,defensive_tot,19.62684500373008,19.0,False,2,10.0,1479,unobserved_2026_outcome
be4f0223001576489bbfca3032a009ac8e1b9f52b0ddb66042b2f7a4be32eb27,2026,5219137,Chris,Jackson,CB,DB,Colorado State,Ball State,defensive_tot,24.70356518220372,7.0,False,4,10.0,1479,unobserved_2026_outcome
97860d7056616e6b448c275bc0be9514822e8574b5c303e88e0317d62c17b0bd,2026,5085573,Duhron,Goodman,S,DB,Washington State,Iowa State,defensive_tot,27.107816130905654,8.0,False,2,10.0,1479,unobserved_2026_outcome
16296b989f2fe8947ec7f8cd15eebb9498337f9a1a8b96946293671f9fd3ded5,2026,5218789,Vontae,Floyd,CB,DB,Duke,Florida International,defensive_tot,19.679949875815524,,True,7,10.0,1479,unobserved_2026_outcome
31deb5cf055e2a402411f316f37230e830c68f1da4989ae7c22c6bf1e87a4e5c,2026,5096044,Chams,Diagne,CB,DB,Georgia State,West Virginia,defensive_tot,30.7200243859865,25.0,False,0,10.0,1479,unobserved_2026_outcome
86986648569f8528da8ed17070e4f46f5d5b11e6f798f61e9e967635baef4cad,2026,5225872,Tyran,Chappell,CB,DB,Houston Christian,Michigan State,defensive_tot,34.51886585580247,2.0,False,0,10.0,1479,unobserved_2026_outcome
0472e244939c6723494ef9e9ac4b0bcf96344e1183903b6b09a2c3212f7a78aa,2026,5075591,Dylan,Smith,S,DB,Oklahoma State,Memphis,defensive_tot,28.994494989059746,14.0,False,2,10.0,1479,unobserved_2026_outcome
981f7b6d3ecebf54db5a209ceb8025d9ddba159be7e0ca8ce98ecd53f2fb6bb2,2026,5078421,Cam,Chadwick,CB,DB,UConn,Virginia Tech,defensive_tot,49.939144199096084,66.0,False,0,10.0,1479,unobserved_2026_outcome
e66d8920b859ab4212ada461ae60ee6a5a841241e47ba01b200238951f68e797,2026,5225591,Carsten,Mamaril,CB,DB,Portland State,San Diego State,defensive_tot,31.314923437669925,1.0,False,0,10.0,1479,unobserved_2026_outcome
5203fd4629a63f38d614a459835bda571f54a6d7b1fede515327af0e4b4a67c4,2026,5220758,Patrick,Smith-Young,S,DB,North Texas,Duke,defensive_tot,43.84178010328322,70.0,False,2,10.0,1479,unobserved_2026_outcome
7da7e3793e1f8efef8da448bd9e4f7a8e4097e823e0fc02328cacaf4bb8ced99,2026,5194806,Jerome,Carter III,S,DB,Old Dominion,Clemson,defensive_tot,67.80754030484681,76.0,False,0,10.0,1479,unobserved_2026_outcome
189a48510728ffee2941b5a1803d6e3a7b58081cf46be98e5c43206d5303b1fb,2026,5079755,Kenny,Woseley Jr.,CB,DB,Penn State,Virginia Tech,defensive_tot,26.253457859134024,10.0,False,2,10.0,1479,unobserved_2026_outcome
300239ee4949c4f6b20b13730d56a7014f1f276bac7a0963f1d12386708bcb73,2026,5172094,KJ,Sejour,CB,DB,Chattanooga,Ohio,defensive_tot,26.225976167201683,2.0,False,0,10.0,1479,unobserved_2026_outcome
a730dec3ee1463aa8e40d6ffeb1e07b9831619da49db03882dc93aa46e9703ba,2026,5079502,Jaylen,Heyward,S,DB,UCF,Arkansas State,defensive_tot,24.26370930497078,3.0,False,2,10.0,1479,unobserved_2026_outcome
999f056ebfcfa178b4003e450214505b5fe90fde7340393167d2d621de3e5cfb,2026,5086522,Ishmel,Atkins,CB,DB,Elon,Sam Houston,defensive_tot,34.22056357776696,5.0,False,0,10.0,1479,unobserved_2026_outcome
f2fc2621a281fb6426d552da59b713fad045d4b97a3273398af75454d6adaf7f,2026,5079406,Mason,Dossett,S,DB,Baylor,LSU,defensive_tot,19.901759610305657,,True,7,10.0,1479,unobserved_2026_outcome
24447bc9d3f49b5ae8539fd7f4ddd8677be1a071a3ec26dbaeb361bfab08df87,2026,5087651,Joenel,Figueroa,S,DB,West Georgia,Hawai'i,defensive_tot,24.648565735019638,,True,5,10.0,1479,unobserved_2026_outcome
da5107a2117fcc07a80d7928c607df6e34a83184159651f6bd32ad2791bc13c9,2026,4570574,Cam,Miller,S,DB,Memphis,Kennesaw State,defensive_tot,23.936397066409295,2.0,False,2,10.0,1479,unobserved_2026_outcome
3ab0824f4b6274f3db27325c46501296d204d67d7d0cde715ff1f1954d62477c,2026,5095224,Tahj,Owens,S,DB,Princeton,Western Michigan,defensive_tot,19.679949875815524,,True,7,10.0,1479,unobserved_2026_outcome
f4ac22f514b6c7bfae127bbb8d3bc07564eb7fc4c1f0c46d49f749c9520aec69,2026,4838691,Dexter,Ricks Jr.,CB,DB,Liberty,Texas State,defensive_tot,23.747074380459576,18.0,False,2,10.0,1479,unobserved_2026_outcome
d77211142f35349bbea7d1b72e4bfed110e901f2506f94e7b2336aaa2a54c63c,2026,5176073,Osiris,Gilbert,CB,DB,UConn,UCLA,defensive_tot,25.921486332824582,18.0,False,2,10.0,1479,unobserved_2026_outcome
7112d6e009da14763d13a9cbdbd5d888fbc0a9cc429af802bea131d44b3d6949,2026,5162401,Christian,Bodnar,CB,DB,Liberty,Oklahoma State,defensive_tot,28.925986721901044,44.0,False,2,10.0,1479,unobserved_2026_outcome
fe8d3a13cfc6aaf6ab623c39313bb8dce212454ee7a030cd276a4ed695a12b41,2026,5069279,Justin,Taylor,S,DB,Wyoming,Central Michigan,defensive_tot,31.421452117427332,17.0,False,0,10.0,1479,unobserved_2026_outcome
0d30e0d39cc9ad788f679616f1ae7da4a38bb4cedbafbc798e2fa89c1bb9ce29,2026,5225616,Darius,Malcolm Jr.,CB,DB,Wofford,Memphis,defensive_tot,23.27467323296625,5.0,False,2,10.0,1479,unobserved_2026_outcome
1bff9c5b6a9956a69708508d60ef736ed9daec37d62fbfd9c54273837a253a27,2026,5219022,Laquan,Robinson,S,DB,Kansas,Southern Miss,defensive_tot,24.344395995905536,4.0,False,2,10.0,1479,unobserved_2026_outcome
794ecf49eb4538bd85b4aba2652d4e4d561e01909345bb268de705b37e8d3723,2026,4920194,Jameel,Croft Jr.,CB,DB,Kansas,Charlotte,defensive_tot,23.732397601661173,1.0,False,2,10.0,1479,unobserved_2026_outcome
275f7b54fe39bb6080577fcd368b3b8475abbe6e11b3ee04e9b8af2bf56a707a,2026,5087158,Jaquise,Alexander,CB,DB,North Dakota State,Delaware,defensive_tot,22.037736820172075,,True,5,10.0,1479,unobserved_2026_outcome
9886f63d7585438ece796b1bda9d6e1efa686578e90ebfcdb40cbfcb7e1fc075,2026,5157493,Willard,Ferrell,CB,DB,Presbyterian,Western Michigan,defensive_tot,21.986580937498953,,True,5,10.0,1479,unobserved_2026_outcome
0a21aee490f639b325f1ea6a3cca65ebfdfb58f7e3a36bd41663b1a4561fb49d,2026,4921512,Jonathan,Pennix,CB,DB,Southern Miss,Troy,defensive_tot,26.99612014471778,20.0,False,0,10.0,1479,unobserved_2026_outcome
2d139b0774b904c64a177340781c23ac69b88d89ba27761e7a6cac058254da89,2026,5295448,DJ,Kelly,CB,DB,Toledo,James Madison,defensive_tot,20.619686842766395,10.0,False,1,10.0,1479,unobserved_2026_outcome
5e09f7b7e5b0f21bcf75b001b3a5d09c63523bdf8dc85045a673d489f233b7e9,2026,5298496,Kelby,Hampton,CB,DB,New Hampshire,Southern Miss,defensive_tot,24.972687234856014,,True,5,10.0,1479,unobserved_2026_outcome
92ca94e960910ae4173a5bc9d6db63155600d698d852604aae55136a72e95c23,2026,5225751,Landon,Sylvie,S,DB,Southeast Missouri State,Southern Miss,defensive_tot,29.095483914609748,12.0,False,0,10.0,1479,unobserved_2026_outcome
5a3e24cc43d500905a56d6c4604f930372209959ce8d6e9cae6883a8135e1fa4,2026,5298158,Joel,Kpassou,CB,DB,Duquesne,Missouri State,defensive_tot,23.732397601661173,1.0,False,2,10.0,1479,unobserved_2026_outcome
1592fd3f18237c94f0263c12e0dd825fb6803a7559f24afa1b48e816f9f8ea62,2026,5149939,Zach,Cody,CB,DB,Coastal Carolina,Rice,defensive_tot,23.550474076754533,4.0,False,2,10.0,1479,unobserved_2026_outcome
29e868fa5d9300fd61ca173d6d11b9f7abd3ca70526a9ed6955053f7d6de6a99,2026,5153819,Devin,Vaught,S,DB,Maine,Michigan State,defensive_tot,32.37873940128649,13.0,False,0,10.0,1479,unobserved_2026_outcome
be041da7ee4c12e98ab7f6b8948d8bc870d6f538813efc924204635838196719,2026,5097172,Kouri,Crump,S,DB,VMI,Western Michigan,defensive_tot,29.965113584787414,14.0,False,2,10.0,1479,unobserved_2026_outcome
e96b000c6de1247b567e969d20adbf8abdb6789adc14796379a28fc27d0e3cfb,2026,4816083,Daeh,McCullough,S,DB,Louisville,Western Michigan,defensive_tot,23.732397601661173,1.0,False,2,10.0,1479,unobserved_2026_outcome
618f5db346ada971a406cda400e1cc9e1cdaad5738214976a892a67e30f63cc5,2026,5383806,John,Smith,S,DB,Colorado State,Texas State,defensive_tot,19.679949875815524,,True,7,10.0,1479,unobserved_2026_outcome
8756e50953fbb891759d47f6b5ca8e1838b056ea16ac6316b0ba53dc7ac19ed9,2026,5079292,Jaden,Allen,CB,DB,Arkansas,North Texas,defensive_tot,23.732397601661173,1.0,False,2,10.0,1479,unobserved_2026_outcome
9662da5d80c42fa0b6040e84e41bbbc54141910e339821da9f2018a0f052a2da,2026,5153690,Logan,Mackey,CB,DB,Weber State,Wyoming,defensive_tot,23.51058786717104,1.0,False,2,10.0,1479,unobserved_2026_outcome
f6b5844fdf4f8ed19a718307355d61a9abdf2d32213df211bb8714b2574fa4e8,2026,5236374,Khory,Moss,CB,DB,Miami (OH),Akron,defensive_tot,19.458140141325394,,True,7,10.0,1479,unobserved_2026_outcome
7855a2e5df01c6fd8836561b3aad5a122c5eb00b45c6f5d8d230967e43332918,2026,5159910,Kolby,Peavy,S,DB,Alabama,Southern Miss,defensive_tot,24.328458234153615,3.0,False,2,10.0,1479,unobserved_2026_outcome
9356addef63e6a0ef076437d2527c190b52364d8e4b4be7d2a44589f687e5e30,2026,5299909,MJ,Moultrie II,S,DB,Hampton,Louisiana Tech,defensive_tot,24.30739227429222,,True,5,10.0,1479,unobserved_2026_outcome
f51b2dcdca1a436984f1a611232ea441edc8c9ad0df015e6ee05ccc2f6b51e50,2026,4880356,Kaleb,Hutchinson,S,DB,Mercer,Toledo,defensive_tot,31.908526763992672,1.0,False,0,10.0,1479,unobserved_2026_outcome
40101169e446b302795df40bda4ee01bfb2008430c5c21edf058c18cfa1ac601,2026,5088585,Jarra,Anderson,DL,DL,Arizona,Sam Houston,defensive_tot,14.300922633434325,,True,6,100.0,711,unobserved_2026_outcome
5ba59114af93f5b3a104ee85aa6df9daf9e7042fefcb8729e1f09d54ca1fcb79,2026,4685528,Kaian,Roberts-Day,DL,DL,UTSA,New Mexico State,defensive_tot,15.130624808155536,7.0,False,0,100.0,711,unobserved_2026_outcome
776be4a08a0d39f14c0d136369db0f7b92aeef907d9aeab4ef655337029e33bf,2026,4816086,Tae,Woody,DL,DL,UL Monroe,Texas State,defensive_tot,18.863095135555568,18.0,False,0,100.0,711,unobserved_2026_outcome
10e7037bf4640da58eed7417192ab8c5462265de8a97ea2464032e80d2a1194d,2026,5165052,Mikaio,Edward,DL,DL,Central Washington,Boise State,defensive_tot,14.300922633434325,,True,6,100.0,711,unobserved_2026_outcome
644409ee1f0e6a6f27c152f3f7aec86ba572aca4796e1f886c7d4ad2afadbfe2,2026,4921432,Dillan,Fontus,DL,DL,Maryland,Syracuse,defensive_tot,20.44140414971845,27.0,False,0,100.0,711,unobserved_2026_outcome
6b6cddf1a807cdba1cb4e8e463e103b632dc2de4746f6b4bf719b68e0639ed7b,2026,5300742,Cam,Cunningham,DL,DL,Youngstown State,UAB,defensive_tot,14.175331736147836,,True,6,100.0,711,unobserved_2026_outcome
ebdf0a24426ae1da16fbdfa0c7ffcec835820a7b50006e4174cd4e8245f6c11b,2026,4685288,Selah,Brown,DL,DL,Louisville,Bowling Green,defensive_tot,14.175331736147836,,True,6,100.0,711,unobserved_2026_outcome
9df3eaf87e7897d937ef0af845f620a315e703e249d29b67aceb95e58f96d0f0,2026,5297778,Eli,Coenen,DL,DL,Illinois,Michigan State,defensive_tot,17.419265633580252,12.0,False,0,100.0,711,unobserved_2026_outcome
6f9a6512c03a023b43ab3db85dfb79c93f2031bbc785b846c424c355aad755d6,2026,5194311,Jayden,Williams,DL,DL,North Texas,California,defensive_tot,17.727078477115544,21.0,False,0,100.0,711,unobserved_2026_outcome
33b4e19c0d4db0d0dc43312f17dc284a1f578bbb4ee753ae5718af614f5c59eb,2026,5219059,Ahmed,Tounkara,DL,DL,Ohio State,Western Michigan,defensive_tot,13.672968147001882,,True,6,100.0,711,unobserved_2026_outcome
51dd6ae6c6770bd7ba58f859da2eed5308b99487bb14de26cb59191e392d1efe,2026,5139099,Artavius,Jones,DL,DL,Miami,UCF,defensive_tot,14.426513530720813,,True,6,100.0,711,unobserved_2026_outcome
2480a0051a3f0bca23b844fa00b0affb93446fefd9c3250d2c64d1d5d55aab33,2026,5165978,Glory,Stephen-Wangboje,DL,DL,Sacred Heart,Northwestern,defensive_tot,14.300922633434325,,True,6,100.0,711,unobserved_2026_outcome
894984341ade6dfdde1bf1f6694a1c4bd9f8e5d84c7e89b437e493f1c2dc70b6,2026,5301306,Ja'Quan,Redfern,DL,DL,Murray State,Wyoming,defensive_tot,14.175331736147836,,True,6,100.0,711,unobserved_2026_outcome
5bba1f69413f3fbcbb0c02d8a55a16cad7fdb9004f478da81e25165e1a1c0c2b,2026,5125721,Jonathan,Allen,DL,DL,UAB,Virginia,defensive_tot,20.21213258390904,34.0,False,0,100.0,711,unobserved_2026_outcome
0490ea9e8173b2d5cb18bfcb3375c10fb42e8f9b8a492409699de19a4b838682,2026,5306938,Henry,Hicks,DL,DL,Elizabeth City State,Liberty,defensive_tot,14.049740838861347,,True,6,100.0,711,unobserved_2026_outcome
63bc98f69235bab1a991f4aacaa68e8833f9e715aedb2ede9d7771ff73bf0b0f,2026,5215616,BJ,Carter,DL,DL,Iowa State,Marshall,defensive_tot,13.368168953709135,,True,7,100.0,711,unobserved_2026_outcome
e037aee9d85b85f9a4f9d11bb1a32aa732fce42732d254c6bbafada94f2a037e,2026,5211203,Connor,Sullivan,DL,DL,Washington State,Illinois,defensive_tot,14.175331736147836,,True,6,100.0,711,unobserved_2026_outcome
009927e18d32551f501c1331bdf5823532d84f430a5e5cc590520df5de074207,2026,5155127,Balaam,Miller,DL,DL,Saint Francis (PA),Washington State,defensive_tot,14.049740838861347,,True,6,100.0,711,unobserved_2026_outcome
55356ffa03dfa036d3fc371fad65198403a6aaf5cfb8189ec6caf79d9d6463c5,2026,5303729,Kei'shaun,Mashburn,DL,DL,Allen University,Southern Miss,defensive_tot,13.368168953709135,,True,7,100.0,711,unobserved_2026_outcome
f81fc82a7357430946bbbabddc66da2384edbe4659ca9418d88d3ee2155c87ff,2026,5079765,Jahsear,Whittington,DL,DL,Pittsburgh,Nebraska,defensive_tot,17.873496019908213,12.0,False,0,100.0,711,unobserved_2026_outcome
cc9fd51045a9c46c9e8df8586fa831b3096fedecc5287aaf17c41b39caa9eb05,2026,5222899,Simeon,John,DL,DL,UVA Wise,Marshall,defensive_tot,14.049740838861347,,True,6,100.0,711,unobserved_2026_outcome
a36c57fd8d6c1738756ba4d1bdde3a54b9eea6933705bb55497bb98782799a9d,2026,4433861,Xavier,McIver,DL,DL,East Carolina,Southern Miss,defensive_tot,16.501318004775293,6.0,False,0,100.0,711,unobserved_2026_outcome
3cb3a3ec16e40a61c833698846ff2403855760488127a0df25516418b1398452,2026,5388753,Ozzy,Pollard,DL,DL,Marian,Hawai'i,defensive_tot,14.300922633434325,,True,6,100.0,711,unobserved_2026_outcome
3144db9b46bef22f908add0530ad75b9edb1dd9a253df655fd73dc4926b81b69,2026,5122016,Junior,Poyser,DL,DL,Buffalo,Wisconsin,defensive_tot,22.077967370685244,30.0,False,0,100.0,711,unobserved_2026_outcome
ca0c1ee08e4f7a0323c03a470afc04d1e4ac5f99e6c83106e38e0413f511bb89,2026,5083164,Jordan,Sanders,DL,DL,Texas State,Florida State,defensive_tot,17.60080999188721,14.0,False,0,100.0,711,unobserved_2026_outcome
318df81b951a76c318cb0b77f465478459dff14398a518aeeb0e2183f2db5440,2026,5079721,Jordan,Thomas,DL,DL,Georgia,South Carolina,defensive_tot,15.864530477491444,2.0,False,0,100.0,711,unobserved_2026_outcome
6816a6b9557da82f38e0f3367eba10703b830637f04ae7300c8108a843797fda,2026,5239116,Jartavius,Flounoy,DL,DL,Georgia State,Syracuse,defensive_tot,21.685033926685385,22.0,False,0,100.0,711,unobserved_2026_outcome
07b0cd3152b6f230743a67d213ea5a46e1159bdaa3578c73497eb85d5f67c1ff,2026,5081950,Preston,Hickey,DL,DL,Northwestern State,UTEP,defensive_tot,16.237937849848983,6.0,False,0,100.0,711,unobserved_2026_outcome
362072e58bb3107ec58accc58e2a19ddfe20ada18cb350274b6ee7a5828e5fb2,2026,5295888,Devarrick,Woods,DL,DL,Texas State,Clemson,defensive_tot,17.72612916883618,14.0,False,0,100.0,711,unobserved_2026_outcome
9c74802d9aa9ba10c8c15a7124bbe34a3a763c185dbe0dbd73186310d48578c8,2026,5232192,Noah,Nelson,DL,DL,Georgia State,UAB,defensive_tot,15.116887479237924,2.0,False,0,100.0,711,unobserved_2026_outcome
b24857c9de8329dc160ff43a8ab2661a736fbe7316159ab099853025052a42cb,2026,4917400,Kiawan,Murphy,DL,DL,Akron,Western Kentucky,defensive_tot,16.237541178998658,13.0,False,0,100.0,711,unobserved_2026_outcome
61a3c9e046cde5a7e9bee0a4aa6bb43bb9bc3b1a7777331e84be7f3906ffccb2,2026,5384732,Jordan-Lebron,Downey,DL,DL,Livingstone,New Mexico State,defensive_tot,14.300922633434325,,True,6,100.0,711,unobserved_2026_outcome
55d87c050848be4c25bcde22d437f63f5107eff24761ea2b633bb6e777bfdc57,2026,5015143,Amier,Washington,DL,DL,Texas Tech,UCLA,defensive_tot,15.545533533092923,7.0,False,0,100.0,711,unobserved_2026_outcome
7f34894d7ae0ca1a54bfe382247a8a1914319be953374b3759e4710518eaa417,2026,4685611,Enai,White,DL,DL,Penn State,Oklahoma State,defensive_tot,16.03368101409039,3.0,False,0,100.0,711,unobserved_2026_outcome
672030b7fa7b07f6c0b25e4dcb6019b2ca0d67319acab2ad6941b02f34c152b9,2026,4918440,Terry,Simmons,DL,DL,Duke,South Florida,defensive_tot,13.368168953709135,,True,7,100.0,711,unobserved_2026_outcome
4b58ed010b5225c58d5c5818c1613251c1fd9a2310f50244a46ab0bb059ccbcd,2026,4432655,Tunmise,Adeleye,DL,DL,UNLV,Syracuse,defensive_tot,25.98347111733534,48.0,False,0,100.0,711,unobserved_2026_outcome
a81b52ec78849b83fe9eec8480f497e05e3a7b0c01825d35b46d7dda23930d21,2026,5152513,Brodrick,Stewart,DL,DL,Tarleton State,Louisiana,defensive_tot,14.175331736147836,,True,6,100.0,711,unobserved_2026_outcome
4546f775f40865d4b036ba27685dc255129c31adc219017e8bdab290131f63f1,2026,5079430,Dealyn,Evans,DL,DL,Texas A&M,Mississippi State,defensive_tot,18.818190567245217,8.0,False,0,100.0,711,unobserved_2026_outcome
d7ee7857718f7eda9b982ede91ca178e096706f07969118953ff1479f70dd73c,2026,4920155,Andrew,Rumph,DL,DL,UCF,Jacksonville State,defensive_tot,13.368168953709135,,True,7,100.0,711,unobserved_2026_outcome
b65d877334f9793fead83485fb3b0de256e3ecfbca1119f1fe570c3cd2524f0b,2026,5121725,Lucas,Samsula,DL,DL,Wyoming,Utah,defensive_tot,18.440635599533,15.0,False,0,100.0,711,unobserved_2026_outcome
c0f27afcf76398faca283e1037c5362edffa68bbba9a1f765ad98ab982ee7aa3,2026,5220335,Dylan,Mann,DL,DL,Troy,Delaware,defensive_tot,13.672968147001882,,True,6,100.0,711,unobserved_2026_outcome
470a1829ce30f21c9ec80249d12f8e7f01cefdfdae95c8ef9edc194d1a881157,2026,5149743,Justin,Bodford,DL,DL,Missouri,Middle Tennessee,defensive_tot,14.107518529940167,0.0,False,0,100.0,711,unobserved_2026_outcome
8971b2d858e98cce01783a00d0326044377b228e39c206b805ae12898aff5a1a,2026,5082503,James,Gillespie,DL,DL,Sacramento State,Nevada,defensive_tot,15.705082490901484,1.0,False,2,100.0,711,unobserved_2026_outcome
ca033a2222f6f693af3e787a13b3eccacdb18ad761f76880e4b95d32cdbef2c6,2026,5121617,Jeremiah,Warren,DL,DL,Illinois,Pittsburgh,defensive_tot,15.63125208503887,3.0,False,0,100.0,711,unobserved_2026_outcome
b81e0944d7bc6309b2dd9256d18f0597e2828b3d7526b2f1d2036ab3b22d223a,2026,5127000,D'Nas,White,DL,DL,Catawba,Charlotte,defensive_tot,14.175331736147836,,True,6,100.0,711,unobserved_2026_outcome
8eb3cd0d14def45ded058a727de3c5cbfb689587cdb525ca1795fe7f5c543d76,2026,4899347,Stephiylan,Green,DL,DL,Clemson,LSU,defensive_tot,21.508917800922248,18.0,False,0,100.0,711,unobserved_2026_outcome
247b9cc0edc65730cc4c8c8f2b0c1bf0b3ccd9a8088975aa692d00647f6c1b38,2026,5156930,Mason,Clinton,DL,DL,Southern Miss,Florida,defensive_tot,17.34690151939378,16.0,False,0,100.0,711,unobserved_2026_outcome
64e6d217b57c8385d3c97e2dabcc81a1e453b83d13aec20f4945cfb8dbafe079,2026,5146899,Carlon,Jones,DL,DL,USC,Arkansas,defensive_tot,15.417181046048192,3.0,False,0,100.0,711,unobserved_2026_outcome
850b67a3ff69d7f1479cb7334aee8c84e6ebd6c2784a90c7ce0898dc7fc784d4,2026,4871078,Shakai,Woods,DL,DL,Middle Tennessee,Arkansas State,defensive_tot,23.8220448356519,48.0,False,0,100.0,711,unobserved_2026_outcome
15d43ed8d10692a19bb21b1dae71f1353a3417747b871902b485c375269b2af5,2026,5088359,Nate,Henrich,DL,DL,Gannon,San Diego State,defensive_tot,13.924149941574859,,True,6,100.0,711,unobserved_2026_outcome
1e8544ff3b0b953d98f4496ce526f25abd7b0c4169f434343de3848a11e8e4f2,2026,5303395,Jaiden,Crawford,DL,DL,Arkansas-Pine Bluff,Kennesaw State,defensive_tot,14.602522873436978,1.0,False,0,100.0,711,unobserved_2026_outcome
bbf0aec5626eee2791d4ff59fa20a0067199b8e92c82d09cb6f86292b920c1c8,2026,4905925,Devan,Thompkins,DL,DL,USC,Alabama,defensive_tot,26.207300877386828,30.0,False,0,100.0,711,unobserved_2026_outcome
97e0050041b653fffecdb3638164c89cc741fbbad3628ea30cb4d6a0b860c351,2026,4890883,Devin,Morgan,DL,DL,Buffalo,Kennesaw State,defensive_tot,20.053944205330378,22.0,False,0,100.0,711,unobserved_2026_outcome
696731e48db0febfefe15e73bfb4329c89466a12992d86413e01c9dd567183cf,2026,5081342,Dominic,Wiseman,DL,DL,South Alabama,Kentucky,defensive_tot,18.83073377574359,23.0,False,0,100.0,711,unobserved_2026_outcome
1d2bf1b51eb23c98de7815428d6b006db0784cc2bd3612c3e999bd926a6dd208,2026,5153780,Jeremiah,Sandiford,DL,DL,Tennessee Tech,New Mexico State,defensive_tot,14.514042731732788,1.0,False,0,100.0,711,unobserved_2026_outcome
730ce14976eef6cac0cd12fb4469193d4f494644b34141c9b5d2c2f87c163a36,2026,4812383,Tawfiq,Thomas,DL,DL,Colorado,Georgia Tech,defensive_tot,16.251986165205647,11.0,False,0,100.0,711,unobserved_2026_outcome
1adce4b09fd37c8e6bc469206887161d57ae2e1de07046fd6ede3d8d0e250070,2026,4869658,CJ,Mims,DL,DL,North Carolina,Texas A&M,defensive_tot,23.002668422910293,41.0,False,0,100.0,711,unobserved_2026_outcome
96f5495785471e0d464240095b5ccaacf674d9b8bd7b4ed5a8517d54b3df22e3,2026,4950555,Samu,Taumanupepe,DL,DL,Baylor,Colorado,defensive_tot,14.939927195829545,2.0,False,0,100.0,711,unobserved_2026_outcome
2da5b4444187d142144310248fd5c02929a8d85550960fdfb90c55bb5edcd72c,2026,5294077,Tyeland,Coleman,DL,DL,Florida State,Arkansas State,defensive_tot,15.794865372662569,2.0,False,0,100.0,711,unobserved_2026_outcome
140f5b3c9d17f12fcd18cd56035f658f368dc569c84962bef1fb69b42fc01151,2026,5210426,Dominic,Macon,DL,DL,Washington,Oklahoma State,defensive_tot,14.300922633434325,,True,6,100.0,711,unobserved_2026_outcome
a29f457088443cbe4516112dacc00b5dd6063eaade750e9798854b1a60c49dac,2026,5084220,Phillip,Bradford,DL,DL,McNeese,Texas State,defensive_tot,15.925643266383725,4.0,False,0,100.0,711,unobserved_2026_outcome
dc0b9556c0c9fbde2eddcd287b6ea72442533d7afc2e84e7300e1a2e43f078a2,2026,5121586,Markus,Strong,DL,DL,Oklahoma,Clemson,defensive_tot,17.096313739369464,8.0,False,0,100.0,711,unobserved_2026_outcome
8b3e271e597b516efc9cb5d9de7dadbaeb332b7ff7ec8c5ba314aa1a21158ed6,2026,5234103,Marquis,Hood,DL,DL,North Carolina A&T,Jacksonville State,defensive_tot,16.948794376248966,2.0,False,2,100.0,711,unobserved_2026_outcome
1be629fa46dd06e28b2f3aef3545de10a2fd0189c31a4225e87da9cba6b02508,2026,5161691,Keilan,Smith,DL,DL,Cincinnati,Ball State,defensive_tot,14.853704668009955,1.0,False,0,100.0,711,unobserved_2026_outcome
431c1d6e483cd965f6bdc3bf5ea1ee117460c1b34b3cd05c9759b95e8a8d23d6,2026,4917378,J'mari,Monette,DL,DL,Indiana,Memphis,defensive_tot,14.826337315198048,3.0,False,0,100.0,711,unobserved_2026_outcome
bef492c9bf478046cd406da02c4a746b86173fc8d6b7103e3b49b02f67aba4a2,2026,4742092,Bishop,Thomas,DL,DL,Georgia State,Oklahoma,defensive_tot,22.005666126665986,48.0,False,0,100.0,711,unobserved_2026_outcome
d4d9af97a3a072df50703598c7353c9b227975731edc344a4d48157f69cac9e1,2026,5141765,Zion,Williams,DL,DL,LSU,Texas,defensive_tot,14.426513530720813,,True,6,100.0,711,unobserved_2026_outcome
ae3753abe35c52171cc53b9db48484751e976e7a86bcfe9208b1113477f1de29,2026,5222240,Tarvorise,Brown,DL,DL,Florida,North Carolina,defensive_tot,15.466292818285483,4.0,False,0,100.0,711,unobserved_2026_outcome
2868b447614b1f4821fbc50bcbcaf5127569578523e0dc6954f0bbc4810640af,2026,5192957,Kai,McClendon,DL,DL,Mississippi State,Washington,defensive_tot,14.426513530720813,,True,6,100.0,711,unobserved_2026_outcome
3b64483d7633748eb66c615217055b409c4e9cb4250cef27136fe8b5a63916f0,2026,5167752,Walter,Mathis Jr.,DL,DL,LSU,Auburn,defensive_tot,18.807110900540156,6.0,False,0,100.0,711,unobserved_2026_outcome
e968a64ffba4d223b783c750d9ea24adb6d05f9996f18cb3a2d70a2f7fec002b,2026,4916379,Jayvon,Parker,DL,DL,Washington,Maryland,defensive_tot,14.175331736147836,,True,6,100.0,711,unobserved_2026_outcome
c9620a15f07d2d97aba2635f79c031118cf0a4f18289bddc3e8e657742692b8b,2026,4871045,Stantavious,Smith,DL,DL,Florida A&M,Buffalo,defensive_tot,14.951928212484537,3.0,False,0,100.0,711,unobserved_2026_outcome
a02814f6b94f16807e9c498c49b8f420a932704c789c2d455ca22f8a46ea2dd7,2026,5221151,Chukwunedu,Okeke,DL,DL,Western Kentucky,James Madison,defensive_tot,13.832470846580577,1.0,False,1,100.0,711,unobserved_2026_outcome
2f5b00c937c253b74c12efc4fe60a7d6380516be7ba3b63677785f4f37d7491a,2026,5381392,Mandjou,Berte,DL,DL,Wingate,Georgia State,defensive_tot,14.049740838861347,,True,6,100.0,711,unobserved_2026_outcome
f133cc0ac5e9650d58a98fe31d6bec1e213e002c9c6ef5a94ec73472946b8762,2026,5301748,Andrew,Hines,DL,DL,Eastern Kentucky,South Alabama,defensive_tot,14.48667537892088,3.0,False,0,100.0,711,unobserved_2026_outcome
38b11f5ce76d64a2b3e5c6fae763d1637b158bed9c0f02738df9536da75d7e98,2026,4912252,Gavriel,Lightfoot,DL,DL,Colorado,San Diego State,defensive_tot,14.300922633434325,,True,6,100.0,711,unobserved_2026_outcome
3a5aefdf347382b5ef8e260ea1f8dbaa13cf5c956a93cf90c4b6cf68b39cad9c,2026,5382838,Marvin,Stringfellow,DL,DL,"Concordia University, St. Paul",Jacksonville State,defensive_tot,14.175331736147836,,True,6,100.0,711,unobserved_2026_outcome
e736bfc3058bc4ea349228c5f75e1e4ab72f8d7496fd2b952d82500a6819263d,2026,5091842,Isaiah,Thomison,DL,DL,Bowling Green,Illinois,defensive_tot,16.08304526845187,12.0,False,0,100.0,711,unobserved_2026_outcome
fee8b4979c36e0da4c6d975613bc3b3b1d29a0a30ea70761adf0f345ce4c29a5,2026,4884299,Justice,Williams,DL,DL,West Florida,Louisiana Tech,defensive_tot,15.240780598030042,,True,8,100.0,711,unobserved_2026_outcome
60a9ed9f3b1a63f0d0d812edbd09fc7d04870fa4adc20a9b74f4e255b0550aee,2026,5221133,Mason,Nickel,DL,DL,Saginaw Valley State,Buffalo,defensive_tot,13.924149941574859,,True,6,100.0,711,unobserved_2026_outcome
9632b244c411731ef72e37312d7c89e49972d6db5c8eabc94b61833f941a5808,2026,5154956,Peyton,Christian,DL,DL,Lamar,Eastern Michigan,defensive_tot,15.705082490901484,1.0,False,2,100.0,711,unobserved_2026_outcome
37da38244f6840d109af7b6a4203f387f6012ebe1cc459e0f5997b05a12d2d4b,2026,5218737,Jerome,Simmons,DL,DL,UL Monroe,Oregon,defensive_tot,16.610319944710906,10.0,False,0,100.0,711,unobserved_2026_outcome
0010309bb3b68dbb3337b9592cc23c1199fd704018f6fddbbc91b21a16d66175,2026,5085622,Matt,Herron,DL,DL,Weber State,Wake Forest,defensive_tot,16.00465945739641,7.0,False,0,100.0,711,unobserved_2026_outcome
15f4aa3a69a5f753dadf687fd3fb41e015269695e496fc3eb012b38d43c90e3f,2026,5153131,Darrell,Prater,DL,DL,Jacksonville State,Illinois,defensive_tot,21.420440963350007,21.0,False,0,100.0,711,unobserved_2026_outcome
2b3fdb5796bbecbd5cd1e6724297108e1b0d432dbcc978956bb9c5d7610c539f,2026,5075706,Kamari,Burns,DL,DL,Cincinnati,Kansas State,defensive_tot,16.407375280501615,11.0,False,0,100.0,711,unobserved_2026_outcome
1da7210454dc7a06dee613efe4dc71dbae47afdfabd3c7a445720468b1ed1415,2026,5215636,Jireh,Moe,DL,DL,San José State,Utah,defensive_tot,20.873520415725405,28.0,False,0,100.0,711,unobserved_2026_outcome
88af70f78dba93ff6e061002c9e59170416241d01f38183fd785585af27c347c,2026,5085122,Bryson,Lamb,DL,DL,Washington State,Iowa State,defensive_tot,20.350935713535748,25.0,False,0,100.0,711,unobserved_2026_outcome
b6158df5358b6c26e0627f02a1dad0969290873d6f48b1d19fbbea1e33317a6a,2026,5225861,Jayland,McGlothen,DL,DL,Sacramento State,San José State,defensive_tot,14.777225542960757,2.0,False,0,100.0,711,unobserved_2026_outcome
959ef59561fcea00e82a932594ddee274d475542e514587468ed92e753500970,2026,5195615,Trajen,Odom,DL,DL,Ohio State,Arkansas,defensive_tot,14.426513530720813,,True,6,100.0,711,unobserved_2026_outcome
753068fb5722be9d23e409554de0d0188cdf6a404fe6af9b32aeca2498d8acb3,2026,5146968,Elijah,Kinsler,DL,DL,Southern Miss,Memphis,defensive_tot,13.368168953709135,,True,7,100.0,711,unobserved_2026_outcome
cadf093553abfd1bdb496c9a3a24d75528dbb716c9be43371c2a2e62df80657f,2026,5141518,Amir,Leonard-Jean Charles,DL,DL,Southern Miss,Memphis,defensive_tot,13.368168953709135,,True,7,100.0,711,unobserved_2026_outcome
dab605254107fa48be6c067fd1b35b1e8f2b9c90e2e13080ab16e8ec99421e0c,2026,4431227,Damarjhe,Lewis,DL,DL,SMU,Washington State,defensive_tot,14.300922633434325,,True,6,100.0,711,unobserved_2026_outcome
cfad732b9856accdf8ac54a2aa160a29aac331de8273ae12de6f6441cc62c2b5,2026,5300797,Elias,Sherman,DL,DL,Maine,Arkansas State,defensive_tot,16.75658139942438,6.0,False,2,100.0,711,unobserved_2026_outcome
6967ae46fd5df3da58f9e532f7050849270b8a54424ed412e00a9ca373261ad0,2026,5079718,Xadavien,Sims,DL,DL,Oregon,Arkansas,defensive_tot,15.104886462582932,1.0,False,0,100.0,711,unobserved_2026_outcome
b71770443ac1df190c6210fab41b7f0935b9ccfa387fbe58021a1bfc27ceb7c8,2026,4916380,Armon,Parker,DL,DL,Washington,Maryland,defensive_tot,17.071411059335514,8.0,False,0,100.0,711,unobserved_2026_outcome
53436fa152c0b3f9cd70334894da327d5ddbba66f80224d3c2b83566f9791290,2026,5085436,Hosea,Wheeler,DL,DL,Indiana,Baylor,defensive_tot,21.857185696574643,31.0,False,0,100.0,711,unobserved_2026_outcome
07ea78139efa137cc0b4568e94ec984461282a8d7b693d91b3925089264f28f6,2026,5301272,Deshon,Dodson,DL,DL,Albany,Temple,defensive_tot,13.924149941574859,,True,6,100.0,711,unobserved_2026_outcome
19b51596806f37cb8d298afc31bd8990fae35258bb1849b7445877e208223cb9,2026,5083969,Geoffrey,Speight Jr.,DL,DL,West Georgia,Hawai'i,defensive_tot,13.924149941574859,,True,6,100.0,711,unobserved_2026_outcome
1018f16fe62b215f7e59d51ff44555a233006f683e78c41acce3a182e46ee44b,2026,5327914,Jibriel,Conde,DL,DL,Grand Valley State,Kansas,defensive_tot,14.426513530720813,,True,6,100.0,711,unobserved_2026_outcome
13609f34de8789c2da9dafeffc78c10c70e48c9e09fbcac928be8bef5a75a6dd,2026,5192961,Jamal,Wallace,DL,DL,Tennessee,Utah,defensive_tot,15.466292818285483,4.0,False,0,100.0,711,unobserved_2026_outcome
ed4469c9cde0ea07b2b3bc4f21f844ebd929da6445deb8d41bdc940914d10fbf,2026,5154291,Mitchell,Toney,DL,DL,Missouri State,Coastal Carolina,defensive_tot,19.76335595559365,23.0,False,0,100.0,711,unobserved_2026_outcome
47acb823378d3b44e7222a09ae169fb0453963698d202cead85224bc13bc9710,2026,5196354,Terry,Nwabuisi-Ezeala,DL,DL,Vanderbilt,Marshall,defensive_tot,14.300922633434325,,True,6,100.0,711,unobserved_2026_outcome
35ebba33e77de88e64debd6aa28da873c3f8aac7d2911ec81c70acece8557c84,2026,5079696,D'Antre,Robinson,DL,DL,North Carolina,Oregon,defensive_tot,22.46268066431754,36.0,False,0,100.0,711,unobserved_2026_outcome
eb73b1585351cb8d7a0984d29578fd409a22af7fbc69211113454dc57ce72df4,2026,5229438,Kenyatta,Hardge,DL,DL,Kentucky,Marshall,defensive_tot,15.240780598030042,,True,8,100.0,711,unobserved_2026_outcome
926766612f1e2251de31e38748c76eb4f9dc7e0dee0d39827233132d1739dc44,2026,5087707,Jareb,Ramos,DL,DL,Montana,Iowa State,defensive_tot,15.126630882008316,4.0,False,0,100.0,711,unobserved_2026_outcome
6ff9ab97cbe93070a9cffa49416fd73d22572f7645998895b7f251af51f41cee,2026,5079752,Owen,Wafle,DL,DL,Penn State,Duke,defensive_tot,15.389813693236285,5.0,False,0,100.0,711,unobserved_2026_outcome
becfd9509c7d648aad7a84629e570654a9ee72781a1ff5e18bd377f01988dd34,2026,5165051,Daniel,Matagi,DL,DL,Portland State,Oregon State,defensive_tot,15.744370628414286,2.0,False,0,100.0,711,unobserved_2026_outcome
ab221485110ea3e63cd3fcbb96e23138a727ab3e2dd02ac3f289550ea994e3fa,2026,4685561,Alex,VanSumeren,DL,DL,Michigan State,USC,defensive_tot,22.28832344728791,50.0,False,0,100.0,711,unobserved_2026_outcome
aeab8e31b39630e3459c415d55c2fef9e8657f0a7f4b10cfd5f88e3d0eb75ec8,2026,4832020,Kade,Kostus,DL,DL,Central Michigan,Bowling Green,defensive_tot,14.313923408619576,3.0,False,1,100.0,711,unobserved_2026_outcome
cbb7be25f303fd98ef322b5579ad303f5bc0b5aa3da9022fb486a5e139058b2b,2026,4924147,Andrew,Laurich,DL,DL,Colorado State,UConn,defensive_tot,18.060011686853855,31.0,False,0,100.0,711,unobserved_2026_outcome
b160e3046e37c18342666dcb1147af9cdafeb2c075d1d8038abd970cc2a8484e,2026,5379843,Cam,Williams,DL,DL,Clark Atlanta,Coastal Carolina,defensive_tot,13.924149941574859,,True,6,100.0,711,unobserved_2026_outcome
365a9988b98556ebaf1a7d79122fca5595beea2b7627d2dab0c696e26e8ac9b4,2026,5085550,Tuaoa,Tauili'ili,DL,DL,Portland State,San Diego State,defensive_tot,13.368168953709135,,True,7,100.0,711,unobserved_2026_outcome
8aa48c00f12ca909ee31c9c4f22fbdc3745ed4d2922699108a3b5c1ccad0ce6b,2026,5296563,Will,Weber,DL,DL,UTEP,Sacramento State,defensive_tot,13.672968147001882,,True,6,100.0,711,unobserved_2026_outcome
6ced6e902178c72507031d1ca6e7808cf4d97c6c575f7c92884dee5dbeeed5a5,2026,5167309,Alijah,Carnell,DL,DL,Iowa State,Penn State,defensive_tot,15.71592384805564,6.0,False,0,100.0,711,unobserved_2026_outcome
68010fea4f0294b4d4c80c7606eeb46b6a38eda3a00f7a41c2771a20ec66c2c6,2026,5301389,Major,Dillard,DL,DL,Norfolk State,South Florida,defensive_tot,16.066488846604035,4.0,False,2,100.0,711,unobserved_2026_outcome
83d5ba6b500ef2415bd471b1573f1d12e988a501e2a5bb55ff738bb763c0afab,2026,5155211,Josh,Johnson,DL,DL,Nicholls,Southern Miss,defensive_tot,14.860082751278423,7.0,False,0,100.0,711,unobserved_2026_outcome
059493822be04493e155f7c997f3a18b7f424c357d6daf9a790a230d605db417,2026,5155696,Nathan,Jennings,DL,DL,South Alabama,Florida International,defensive_tot,17.36699332751417,13.0,False,0,100.0,711,unobserved_2026_outcome
6dd1dd7940436ed2ca0e9e7734aa75e95c58eb5393dd2e48d00b439edbad5ef9,2026,5146859,Herb,Gray,DL,DL,Tennessee,UNLV,defensive_tot,14.97267888877446,1.0,False,0,100.0,711,unobserved_2026_outcome
9ce067e7dbf16c9364f7eb4528c4b4cfa95545e8d41cd91d24a4ca448114f84f,2026,5079697,Jerod,Smith II,DL,DL,Kentucky,Louisville,defensive_tot,21.442365960180485,27.0,False,0,100.0,711,unobserved_2026_outcome
f41667add64e9ed3d0f10723375ce78608af553167337af80e0b35570ce5deee,2026,4871007,KJ,Sampson,DL,DL,Florida State,Boston College,defensive_tot,16.03791512621497,11.0,False,0,100.0,711,unobserved_2026_outcome
9bd8746b51e8d7d7f09c69d8716b7ac36f223eba63d61c1285646e7a54632f37,2026,5394650,Jusiah,Sampleton,DL,DL,CSU-Pueblo,UTSA,defensive_tot,14.175331736147836,,True,6,100.0,711,unobserved_2026_outcome
709bd93a694241c45eb4b53e75908bf91dd6607696226682c6e7a2f27f426c8f,2026,5149000,Randy,Adirika,DL,DL,Penn State,Virginia Tech,defensive_tot,14.426513530720813,,True,6,100.0,711,unobserved_2026_outcome
18c901a5e96562b8a594e423ef1211e1776a64e1c69af90a9f1f9360e913f421,2026,5136784,Francis,Brewu,DL,DL,Pittsburgh,Notre Dame,defensive_tot,24.256242968306125,34.0,False,0,100.0,711,unobserved_2026_outcome
35ab95da4502e938fe9a0ec4664682b9599efab277c4cc6f4383b692b85cee53,2026,5296461,Devan,Lowe,DL,DL,Georgia Southern,Memphis,defensive_tot,16.811047739952674,20.0,False,1,100.0,711,unobserved_2026_outcome
fb7b87b1622434567930e060fb96751d796bc31684a8d54d1b18da6db657f858,2026,4598576,Nick,Dimitris,DL,DL,Florida A&M,Sacramento State,defensive_tot,14.358700324513146,0.0,False,0,100.0,711,unobserved_2026_outcome
7ee8881c2fb860ae3bdd3067c249d39245ee530afd89dbe647bb371958856aff,2026,5159217,Sedrick,Smith,DL,DL,Maryland,Colorado,defensive_tot,15.953290071274521,7.0,False,0,100.0,711,unobserved_2026_outcome
cb98b95055a60adbca815b961ae8d7090e07015c150149650e5dc159f5b977de,2026,5146856,Eric,Mensah,DL,DL,Ohio State,Virginia Tech,defensive_tot,14.939927195829545,2.0,False,0,100.0,711,unobserved_2026_outcome
7bfa148fdd48079d7159362ef39c43697a401ae4812a508c9751227dd79392f5,2026,4870759,Ian,Geffrard,DL,DL,Arkansas,Texas,defensive_tot,21.80515942573687,25.0,False,0,100.0,711,unobserved_2026_outcome
811946c4387f93e089524cdd033af442539706819034e8ac085face0741e76a2,2026,5224360,Dylan,Manuel,DL,DL,App State,Colorado,defensive_tot,21.02286585752279,37.0,False,0,100.0,711,unobserved_2026_outcome
5a0f75199402aee5d7a5772a31b791ee6310684c83fff8ee093a650ec729f9fa,2026,5295191,Julien,Laventure,DL,DL,Akron,Texas Tech,defensive_tot,23.26736740627673,45.0,False,0,100.0,711,unobserved_2026_outcome
2bbe89ca25b8fe90e748f2833a79ef81df8527f8fceabecd51fee923e0b73063,2026,5330864,Will,LeBlanc,DL,DL,Texas-Permian Basin,West Virginia,defensive_tot,14.049740838861347,,True,6,100.0,711,unobserved_2026_outcome
1c6adaa048fcb7046a7e259bc4ec372550039ed0e584dfd1ff0eda2eebe7cf73,2026,4870898,Ashton,Porter,DL,DL,Oregon,Houston,defensive_tot,18.329166905775914,20.0,False,0,100.0,711,unobserved_2026_outcome
b14b461aa9ed832018e6eb1b1941de4756e013ee6163ced70e556ff5f7df27f6,2026,5296253,Elijah,Simmons,DL,DL,West Virginia,Florida International,defensive_tot,13.798559044288371,,True,6,100.0,711,unobserved_2026_outcome
385256cd231e50f3ddc179f3d31e8ceaf588ee08e6c549a3eb58f9af7c9b4a13,2026,5297111,Mike,Williams Jr.,DL,DL,UTSA,Marshall,defensive_tot,13.368168953709135,,True,7,100.0,711,unobserved_2026_outcome
b04654946bb2435ad05e90cbb7882069f4faa068cefb59f953ae5f0f65fd1622,2026,5390278,Kevin,Roberts,DL,DL,West Florida,James Madison,defensive_tot,14.175331736147836,,True,6,100.0,711,unobserved_2026_outcome
632b33d6b1260c7f71ed49d1b02c21cff2a783b578b1e1f5dc21a83e2b7360bb,2026,5172033,Donta,Simpson Jr.,DL,DL,Miami,Missouri,defensive_tot,15.21149453020228,2.0,False,0,100.0,711,unobserved_2026_outcome
69ee726671796cfc44df0fb421a285245070a0ca62a418cf0b9b728f4a36377d,2026,5147384,Demeco,Kennedy,DL,DL,Purdue,Louisville,defensive_tot,19.012257907462484,22.0,False,0,100.0,711,unobserved_2026_outcome
f14b97c7d6adbc0c9dbeb7dde2a12a34efbbf884a117033bbc20918efabffad3,2026,4816082,Tre'Von,McAlpine,DL,DL,Tulane,Kansas,defensive_tot,21.162633457703173,30.0,False,0,100.0,711,unobserved_2026_outcome
957dbb23554f8e3f9c851084513ba7b9f64d339217f4566969117e40058697fd,2026,4941004,Jaden,McKinney,DL,DL,Southern Miss,Memphis,defensive_tot,17.00487207852707,27.0,False,1,100.0,711,unobserved_2026_outcome
33481b6c824aac0430e419d766bc4ac3b105d55bf216bd7e21ea8765df286059,2026,5084196,Deven,Dyer,DL,DL,Western New Mexico,New Mexico,defensive_tot,15.240780598030042,,True,8,100.0,711,unobserved_2026_outcome
9b81ec0273e3d5f7f7d34aa440b875c5c31d6241b552ced62e454b65e3dbfec8,2026,4921452,Eamon,Smalls,DL,DL,UAB,Kansas,defensive_tot,23.253360130480296,50.0,False,0,100.0,711,unobserved_2026_outcome
e71e3f687facf3f59277c23c83f14dbd3e67244b5bd87352b3f9f03ac33bc00c,2026,5157112,Raymond,Macias,DL,DL,Campbell,UAB,defensive_tot,14.700746417911558,3.0,False,0,100.0,711,unobserved_2026_outcome
f643c01fd06c623db21112d18b0caf157a4662970b7231d7b48c7a9f7d6e91ef,2026,5226569,Emmanuel,Oyebadejo,DL,DL,Jacksonville State,Florida,defensive_tot,27.3780440607023,41.0,False,0,100.0,711,unobserved_2026_outcome
196a8bf912941e738e0214ef0f245fc223869a8950a58f91a6f5e20bac231e48,2026,5158471,Terrance,Green,DL,DL,Oregon,Alabama,defensive_tot,20.099095316555548,15.0,False,0,100.0,711,unobserved_2026_outcome
82f28c4a476f561784a64d044c5725dafaa06d75f8bb2c92e01e07f634aa3464,2026,5212634,Sterling,Sanders,DL,DL,Boston College,UAB,defensive_tot,14.300922633434325,,True,6,100.0,711,unobserved_2026_outcome
92d3919d01aba5d90aad17c51311175242eadc309fb02a5aa8ca1a00f652cfd4,2026,5225935,Tyler,Moore,DL,DL,Coastal Carolina,Colorado,defensive_tot,15.4594471497967,9.0,False,1,100.0,711,unobserved_2026_outcome
49cd112d7768f84ea2c84c85be9738bd0518ab57a98206da254a70e325ca128a,2026,4870614,Justin,Benton,DL,DL,East Carolina,North Texas,defensive_tot,15.882470270265177,19.0,False,1,100.0,711,unobserved_2026_outcome
baccf3707bb2e1553124e36055876c273e2f61243d26cee599553f847f6508c4,2026,5219069,Keona,Davis,DL,DL,Nebraska,Miami,defensive_tot,24.577512700305412,32.0,False,0,100.0,711,unobserved_2026_outcome
83cceb8efe4d0d70d2d9ed021cbb3a1812370717bb2381bda8aa99a7137278d4,2026,5192753,Nii,Addy,DL,DL,Harding,Jacksonville State,defensive_tot,15.240780598030042,,True,8,100.0,711,unobserved_2026_outcome
25752b338abf2adb0ae90d787c9ed418ca2ef515f413776e81b61ac36b9dbbc0,2026,5079394,Jamorie,Flagg,DL,DL,Florida State,Florida International,defensive_tot,15.028407337533734,2.0,False,0,100.0,711,unobserved_2026_outcome
f868775c721bb4500fadc860187bdaeb2cf6820206b430656b01550e6e76aa1f,2026,4612402,Ian,Shewell,DL,DL,Arizona State,San José State,defensive_tot,14.602522873436978,1.0,False,0,100.0,711,unobserved_2026_outcome
d2bf250b7d95776971066150f431436fe27dda0fad8ed56db34b1d587d6a591b,2026,5394576,Sione,Pasi,DL,DL,Montana Western,Washington State,defensive_tot,15.240780598030042,,True,8,100.0,711,unobserved_2026_outcome
fd60940e99d3a62fc2fb592a7a1ca1b516dc5a44f483cecf54e4cd720a244551,2026,5078222,Braylon,Rigsby,DL,DL,Texas Tech,Oklahoma State,defensive_tot,15.605494501252936,5.0,False,0,100.0,711,unobserved_2026_outcome
80285ced270a2ab2dee04fc5265f3ff129a2d8ae43607c83d5b883c9df6473fd,2026,4870879,Keon,Keeley,DL,DL,Alabama,Notre Dame,defensive_tot,21.897769751873188,13.0,False,0,100.0,711,unobserved_2026_outcome
52e7d08174052694ecfd122e9ca3110963cfbffc47f155f723d9729efb65a9ff,2026,5089304,Tahjae,Mullix,DL,DL,Oregon State,UConn,defensive_tot,17.604902899735418,6.0,False,2,100.0,711,unobserved_2026_outcome
8d1e6c44e176e87d78862b36fe8dd1e0388c0c49be907c5dadf6253823fc8697,2026,5141672,Maxwell,Roy,DL,DL,Ohio State,UCLA,defensive_tot,14.426513530720813,,True,6,100.0,711,unobserved_2026_outcome
d383c9f396d4e0e95b43f4e4572bb465cd9753eeb618db06723f096b41d26433,2026,5192778,Joseph,Oluwayemi,DL,DL,Harding,Eastern Michigan,defensive_tot,15.240780598030042,,True,8,100.0,711,unobserved_2026_outcome
fe00b255424d8085a0c0dfaa9be8f635f390cf607b7114aad8d91661ba08a21a,2026,4870761,Kaleb,James,DL,DL,Arkansas,Texas State,defensive_tot,13.930694391055159,3.0,False,1,100.0,711,unobserved_2026_outcome
7c2aaa9f7f9bee5c5723a36f897a6d7fac2ded4fe06319588ae3408f3c2f9f6e,2026,4832851,Lavon,Johnson,DL,DL,Texas,Maryland,defensive_tot,16.14438435445084,5.0,False,0,100.0,711,unobserved_2026_outcome
1ce6271aae93fe2ee33bf775d0386d7cad9fe552109c84bf574740eb8959e631,2026,5203730,Eric,Thomas,DL,DL,Syracuse,Memphis,defensive_tot,14.426513530720813,,True,6,100.0,711,unobserved_2026_outcome
76583d4aed47d1afe57dcd1b8f3aea2cd527433d2bfc48d9a1cc5d12feb2bee0,2026,4427804,Siale,Taupaki,DL,DL,UCLA,Penn State,defensive_tot,18.114902877350637,15.0,False,0,100.0,711,unobserved_2026_outcome
76735b2dd41d957dc309cf85655566b92ef2e2b228687dc05bccdfb30eaa8ab0,2026,5167747,Jarquez,Carter,DL,DL,Ohio State,Miami,defensive_tot,15.230477359869422,1.0,False,0,100.0,711,unobserved_2026_outcome
081ab7b80c1e2ff7cf2dfb34e5028a52f1ef182ac35f1569e2beb7dfd52357f7,2026,5157328,Marcus,Moore Jr.,DL,DL,Purdue,Miami (OH),defensive_tot,13.881582618817868,2.0,False,1,100.0,711,unobserved_2026_outcome
bc5293999fae95ada4d303c9f6135ad3f4d0259a8f00ad73c9842dd02bffb7ca,2026,4838272,Malachi,Madison,DL,DL,Massachusetts,Missouri State,defensive_tot,15.958195632176652,9.0,False,0,100.0,711,unobserved_2026_outcome
b24d81b46919c42a214128e98bb48fa3b9251c7e987d677fe214c68938b1965b,2026,5152021,Jerry,Lawson,DL,DL,Louisville,Oklahoma State,defensive_tot,18.277246835704055,16.0,False,0,100.0,711,unobserved_2026_outcome
80367479c61bda0c1c98a230138363314b4231757065b347a021aeae635ec44f,2026,5075564,Jamarrion,Harkless,DL,DL,Purdue,Kentucky,defensive_tot,17.369027237253462,13.0,False,0,100.0,711,unobserved_2026_outcome
1aedf1b39531579dbcefd9796b1a6c7abec391809d093ffbd04856fc4c446b5c,2026,4918459,Tommy,Ziesmer,DL,DL,Eastern Kentucky,Louisville,defensive_tot,15.448668868243969,8.0,False,0,100.0,711,unobserved_2026_outcome
aff07361fac0e48b605c660e959185028a68c6f978da767ed4f4f2f7d0f02457,2026,4918112,Austin,Ramsey,DL,DL,Kentucky,Kansas State,defensive_tot,16.050041093382767,5.0,False,0,100.0,711,unobserved_2026_outcome
cf88dab85332ded384f8d8036a6321136c6e8a585e05868fd83c3800f287acb8,2026,5119234,Sid,Kaba,DL,DL,Marshall,Minnesota,defensive_tot,17.916278009677203,17.0,False,0,100.0,711,unobserved_2026_outcome
e4f3e326dfededa6d6a619655e45cd4f489598c0dbe19589ffbb22f141afa111,2026,5077896,Desmond,Aladuge,DL,DL,Duke,UConn,defensive_tot,13.832470846580577,1.0,False,1,100.0,711,unobserved_2026_outcome
0d6ce36a19b842fd946c16b47aaefd33fb480c5dce8890986f166c8db4f670b0,2026,5153505,Jehchys,Brown,DL,DL,Southeast Missouri State,App State,defensive_tot,15.240780598030042,,True,8,100.0,711,unobserved_2026_outcome
36a66a3abbc618d91309810277ea140bd7b6446f20a6b481db3cc3897b9dbf59,2026,4891197,Jonah,Leaea,DL,DL,Utah,Michigan,defensive_tot,22.119956897949823,34.0,False,0,100.0,711,unobserved_2026_outcome
87211e25c58662b3690cdf3b762c866f9e0bb1b96c62b1768a2962f1eddfa29b,2026,4710027,Ed,Smith IV,DL,DL,South Alabama,Tulane,defensive_tot,19.099222684668078,31.0,False,0,100.0,711,unobserved_2026_outcome
0989e37069905831c9f4f40011a13e7e7b6ea45ffd3785670c5818c34dacfbdf,2026,5388304,Kevin,Hornbeak,DL,DL,Tiffin University,Temple,defensive_tot,14.175331736147836,,True,6,100.0,711,unobserved_2026_outcome
83f1ef3cbc50333c6773b072d600c1b85a084c2b5dd544744fe8329732ecfeb4,2026,4836468,Reggie,Jean,DL,DL,Northern Illinois,Coastal Carolina,defensive_tot,16.22137844340462,10.0,False,0,100.0,711,unobserved_2026_outcome
30e5ad7f250cbf42cd43ab9c608d9914847481c8f1db516b2aae2dd3499a6b15,2026,5126998,Jericho,Johnson,DL,DL,Oregon,California,defensive_tot,18.4183371920257,5.0,False,0,100.0,711,unobserved_2026_outcome
741b76fb36cdf2613c4f04683eb4bd40afcb467d5544e4cb8861c24dbc91f102,2026,5084455,Joshua,Donald,DL,DL,Houston,Louisville,defensive_tot,14.175331736147836,,True,6,100.0,711,unobserved_2026_outcome
dd2be6d7780a38f079ce083b62f2cc22ac0a1be30c6197841dc16c47fac18209,2026,5401930,Quincy,Smith,DL,DL,Lenoir-Rhyne,Delaware,defensive_tot,14.175331736147836,,True,6,100.0,711,unobserved_2026_outcome
c53aa41e9e3d5c4f7dfa461206f52d0ab29635fbb34ebe1fb20a611206b6316b,2026,5382948,John,Custis,DL,DL,Emory & Henry,Liberty,defensive_tot,14.175331736147836,,True,6,100.0,711,unobserved_2026_outcome
d65ea9dd57f7decd25d7d1fefabce30ba76b8133a87c7de836e7282b5a1e8a91,2026,4603090,Hammond,Russell IV,DL,DL,West Virginia,Wisconsin,defensive_tot,18.379362459823685,13.0,False,0,100.0,711,unobserved_2026_outcome
f717a7423b326e03a8e7c0b686c08f973183ca5813dd08844231b3f4ccad740b,2026,4878232,Tomiwa,Durojaiye,DL,DL,Illinois,South Carolina,defensive_tot,22.080605450792277,16.0,False,0,100.0,711,unobserved_2026_outcome
91196e23b7b0b1061afec1e5367c9cc9e44fdba072a50c521e202e8cf6e9150f,2026,5220891,Xavier,Miles,DL,DL,Charlotte,Memphis,defensive_tot,15.884934943043133,17.0,False,1,100.0,711,unobserved_2026_outcome
dbc065d119545868f83b41900b7063b1a36eeeb70c6ac761dc9488ffdea9f5d2,2026,4911975,Asani,Redwood,DL,DL,West Virginia,South Florida,defensive_tot,17.8102239605658,23.0,False,1,100.0,711,unobserved_2026_outcome
77887a811ace609805a223e6e71cc8fab6f1d3f6526cca57b4653f5394b98474,2026,5390286,Jakolbi,Wilson,DL,DL,Fort Hays,James Madison,defensive_tot,15.240780598030042,,True,8,100.0,711,unobserved_2026_outcome
db9a1b0d6d3ca3385fbede6d3431c8c2034bd0fb4cf3473d2b9589d37069b6e0,2026,4870878,Hunter,Osborne,DL,DL,Virginia,Arkansas,defensive_tot,17.157772426538582,16.0,False,0,100.0,711,unobserved_2026_outcome
ce095b7630fa8c44ebb16751e3299000db9612e4cf9597ca82906a084ff99320,2026,5155422,Saint,Farrior,DL,DL,App State,Auburn,defensive_tot,17.700312580827095,14.0,False,0,100.0,711,unobserved_2026_outcome
cf58e6058b3874093723222973ab3d86ea8b27c8661117cf50f7b1686e7e1a0a,2026,5295583,Xion,Chapman,DL,DL,Florida International,Minnesota,defensive_tot,21.878523132309763,14.0,False,0,100.0,711,unobserved_2026_outcome
d524bb89df510d7f1f360f84fb81505f0f9bab02dea1a5170410410c51f4a9cd,2026,4808747,Jamaal,Whyce Jr.,DL,DL,Marshall,Baylor,defensive_tot,19.99029077444388,29.0,False,0,100.0,711,unobserved_2026_outcome
c72138ba7cce0db71ef84e3c341df8b4d9a878f0856cd6f58380c4724e71df2b,2026,4918458,De'Marion,Thomas,DL,DL,Oklahoma State,Houston,defensive_tot,16.20423327259398,13.0,False,0,100.0,711,unobserved_2026_outcome
f12183fb8adb5dd71c0409d89daedc54c5cd1e02a1c59ee45296c2ad8739806d,2026,5120453,Vincent,Carroll-Jackson,DL,DL,UConn,Georgia Tech,defensive_tot,18.485769607713966,28.0,False,0,100.0,711,unobserved_2026_outcome
6d8d9d23e5418ea05cfcfc4fc8cb779f6c3528bf2e371f29d9620d90f1ce27dc,2026,5148845,Achilles,Woods,DL,DL,South Alabama,LSU,defensive_tot,16.778238144920874,12.0,False,0,100.0,711,unobserved_2026_outcome
b619e62eb732f630ed8e5340f4d5dd032df19bb4797bdc4042890857fe7573fb,2026,5220003,Dallas,Vakalahi,DL,DL,Utah,Penn State,defensive_tot,16.149737160223683,11.0,False,0,100.0,711,unobserved_2026_outcome
e5d3ceacca442ca656f71ce9cf9ef60f13b4e353309dc4a8eccec54ec5f4b65f,2026,5219124,Bryce,Butler,DL,DL,Washington,Texas Tech,defensive_tot,20.292635576741777,20.0,False,0,100.0,711,unobserved_2026_outcome
555843d5d9bc44c4c42f4a5cd9cfd69b52f17a29283e0cdefc6308fdff4face4,2026,5079398,Brandon,Davis-Swain,DL,DL,Colorado,Texas A&M,defensive_tot,18.11604130912053,15.0,False,0,100.0,711,unobserved_2026_outcome
896ad1dd6151af554de9bef5c4d0c9c9bb475019d59419a9274014369b52ce20,2026,5126292,Justin,Terrell,DL,DL,NC State,Sam Houston,defensive_tot,14.300922633434325,,True,6,100.0,711,unobserved_2026_outcome
0ac26a96fba90c12fc6888da7ee5fbab73e594e13500d37822035f7f1c81e7f6,2026,5067879,Mark,Hensley,DL,DL,Northern Illinois,Missouri,defensive_tot,21.406991516860806,31.0,False,0,100.0,711,unobserved_2026_outcome
8d6e605ba465fab3e3a0ab7673f23cb5452a2a4fc1922927b16c008680895ecf,2026,4871055,John,Walker,DL,DL,UCF,Ohio State,defensive_tot,20.213729452439072,31.0,False,0,100.0,711,unobserved_2026_outcome
0c7afd7f8c82dca3de1d4452354512c5b88cefb96db4925e3d9b1271c9072a02,2026,4683507,Owen,Stoudmire,DL,DL,Boston College,Nebraska,defensive_tot,15.301333551532096,5.0,False,0,100.0,711,unobserved_2026_outcome
120336548a04d9be2bea292d7a89d18f78f00bb01f6401c64f23999c241aabbe,2026,4685341,Tyson,Ford,DL,DL,California,UCLA,defensive_tot,15.203110007057514,3.0,False,0,100.0,711,unobserved_2026_outcome
dcb4bd34735952c31acb3fac667e357386dbc898e103c7d582117b02a3528470,2026,4431612,Keanu,Williams,DL,DL,UCLA,Penn State,defensive_tot,20.81748484647115,39.0,False,0,100.0,711,unobserved_2026_outcome
b059966f80d5645e7cfe287bb08c3c1a9121de391247eacdbd8ddb10a4eba6bf,2026,5149057,Chidera,Otutu,DL,DL,UTSA,Cincinnati,defensive_tot,20.48775979071865,28.0,False,0,100.0,711,unobserved_2026_outcome
d75e6366cadfafbe2c4b4fad2d28b5fc8ce74c886e85a780c91968f0fbc687e6,2026,5125302,Ahmad,Breaux,DL,DL,LSU,Kentucky,defensive_tot,18.26188049954714,19.0,False,0,100.0,711,unobserved_2026_outcome
99bf46eca06cb9a7107f16597548453fa127223ca59597cc03096860b4c42c94,2026,5146887,Michai,Boireau,DL,DL,Florida,Ole Miss,defensive_tot,21.374181381358095,20.0,False,0,100.0,711,unobserved_2026_outcome
82d11816681bca1325e2251b7c77ddb04421063855a8e71b0c443fff3ab20174,2026,5219393,Malcolm,Alcorn-Crowder,DL,DL,Kansas State,SMU,defensive_tot,20.340132121431946,17.0,False,0,100.0,711,unobserved_2026_outcome
86793f8f4d4e18d7b1629ef6a4dfe18678bf026f355f78c0568c0a03a6d7333e,2026,4685478,Curt,Neal,DL,DL,Illinois,Purdue,defensive_tot,18.4606731600124,16.0,False,0,100.0,711,unobserved_2026_outcome
e0cb0baa0cf2040c280df022e190c8f86f7168e0e9cdcfbb00913cd83a444729,2026,4612214,Josh,Hough,DL,DL,California (PA),Cincinnati,defensive_tot,14.300922633434325,,True,6,100.0,711,unobserved_2026_outcome
904a566c645e620ee0b1673e37d5c068ada7fe8cc76eca1783c56eee08903f51,2026,5127027,Malik,Blocton,DL,DL,Auburn,LSU,defensive_tot,19.049513840145654,18.0,False,0,100.0,711,unobserved_2026_outcome
065ae1520ae9a818a6eab09e52e68a3739c21bfcb43f0372f763708c454ce22a,2026,4698710,Santana,Hopper,DL,DL,Tulane,Colorado,defensive_tot,22.15469511191456,25.0,False,0,100.0,711,unobserved_2026_outcome
e291541d3be30c9d74140a4ee592157c9278e535dc474b0deae80e75a82771d4,2026,4703023,Mike,Diatta,DL,DL,Oklahoma State,Vanderbilt,defensive_tot,15.694101186193773,9.0,False,0,100.0,711,unobserved_2026_outcome
4f5f2e27f879225c4193a713fc0591092d803ae28b1d9e4e1cdfed128d50548a,2026,5079594,Eddy,Smith,DL,DL,Texas Tech,UTSA,defensive_tot,14.046541885571255,1.0,False,1,100.0,711,unobserved_2026_outcome
bf3834363d2a5f4d18a299ec1bc0de0cb07597b3f6147e7f4383eca99fd8ee90,2026,5263215,Donovan,Fitzmaurice,DL,DL,Washington State,Iowa State,defensive_tot,15.304117643072997,11.0,False,1,100.0,711,unobserved_2026_outcome
331d924a085d7f67760efaa64ff669e97d0315e36d314754fa1b06e1bf6910a0,2026,4870667,Kelby,Collins,DL,DL,Alabama,South Carolina,defensive_tot,17.922859285894962,10.0,False,0,100.0,711,unobserved_2026_outcome
6cffde8735372aa53b08eb11dad90a1a9f2167ac8ade1a91c55e428e1eefc631,2026,5146111,Daylen,Russell,DL,DL,Miami,Louisville,defensive_tot,15.816723434828662,6.0,False,0,100.0,711,unobserved_2026_outcome
aa4c85af561b3bdc3be09312869ea3e8226bfbd814279546343d7e22d652f523,2026,5199955,Caleb,Smith,DL,DL,Washington,Alabama,defensive_tot,14.426513530720813,,True,6,100.0,711,unobserved_2026_outcome
ef0429610a4a8022e24d976470d5036483dc45390bbcbbff6523510a9067e6f9,2026,4685455,K.J.,Miles,DL,DL,Temple,Memphis,defensive_tot,16.993619160509038,22.0,False,1,100.0,711,unobserved_2026_outcome
b11da190a7355de5dfc482fdecc32c993384fd31aac57a5e7fee97b941079161,2026,5146422,Xavier,Gilliam,DL,DL,Penn State,Tennessee,defensive_tot,21.527080022884228,16.0,False,0,100.0,711,unobserved_2026_outcome
0d2df16a09e5ac25ac8ca12b133095449805dffaa26cdeb5fb4e530261797e48,2026,4685487,Jehiem,Oatis,DL,DL,Colorado,Ole Miss,defensive_tot,16.686799069760102,9.0,False,0,100.0,711,unobserved_2026_outcome
dea5a8b1e9cdfe888e4ce76c55e99d89f223e88414bc27a6dd193b8ec8171404,2026,5295954,Naquan,Crowder,DL,DL,Marshall,Minnesota,defensive_tot,18.222697677540044,26.0,False,0,100.0,711,unobserved_2026_outcome
30e73c18522d6e78b2824e271faf16689947b4f6c78b739f1fc76d425c92e998,2026,4870792,Derrick,LeBlanc,DL,DL,UCF,Maryland,defensive_tot,18.527764303586356,11.0,False,0,100.0,711,unobserved_2026_outcome
d9300e9b020e58e8e6d884aac4a8d05244a26181f377594cfb170e0d3b0c5e7d,2026,5166159,Elijah,Fields,DL,DL,Stephen F. Austin,UTEP,defensive_tot,16.80569317166167,7.0,False,2,100.0,711,unobserved_2026_outcome
8a659f629fb2d622514a442d944364a53690ef3e610dc02f5ac125ee2801d299,2026,5142705,Angelo,McCullom,DL,DL,Illinois,Texas A&M,defensive_tot,19.29856960511404,19.0,False,0,100.0,711,unobserved_2026_outcome
180cc20510674a4543720fc8647737c33d39b6ed0ec88f51dec327fdb24117ac,2026,5226567,Talan,Carter,DL,DL,Jacksonville State,Vanderbilt,defensive_tot,25.608398721790067,55.0,False,0,100.0,711,unobserved_2026_outcome
b09109ec1ceeb26c13d81354b83f7b53b4b7d92b2c483c0ff0729b0ca483fcbc,2026,4686657,Fatafehi,Vailea II,DL,DL,North Texas,Oklahoma State,defensive_tot,16.30907349359055,15.0,False,0,100.0,711,unobserved_2026_outcome
134b52997f190132f57a754cca1f160c6374a7775a9f3bfc5830f799a89bc98a,2026,5156286,Chancellor,Owens,DL,DL,Arizona,Texas State,defensive_tot,15.411636355098151,2.0,False,0,100.0,711,unobserved_2026_outcome
649f4c4d9fa5865071ffc47f89c4b68d869e6a5c1154e3d4f335d171517e9573,2026,5165725,Steven,Curtis,DL,DL,Minnesota,North Texas,defensive_tot,13.368168953709135,,True,7,100.0,711,unobserved_2026_outcome
0f9893c3de6d7eaced9ca6c7f7fa63547a958249e4f67fd1d805973421a1a704,2026,5210130,Devin,Ancrum,DL,DL,North Carolina,Charlotte,defensive_tot,14.300922633434325,,True,6,100.0,711,unobserved_2026_outcome
ab9b1b4782afdc193d68cc007a410730fa00d38f8774d608a88f9069af53ada8,2026,5157309,Thomas,Collins,DL,DL,Oregon State,UCF,defensive_tot,19.15947462282079,30.0,False,0,100.0,711,unobserved_2026_outcome
3ebaa0f2ad0ebba4a61c429c0cf5e6975fdb66a3853568430bd8e7b676d10bf9,2026,5122153,Eliyt,Nairne,DL,DL,Tulane,Pittsburgh,defensive_tot,16.27758567139477,10.0,False,0,100.0,711,unobserved_2026_outcome
ba50737c680ed486327c71072a8cf398b349a20c34f9fe109119e0f6c803fe66,2026,5077897,Rodney,Lora,DL,DL,UCF,Purdue,defensive_tot,19.46772063017942,21.0,False,0,100.0,711,unobserved_2026_outcome
6258ef90ad452b265acad9b7d6e6b2d28ba722088e53070c1090dfaa8c05baa4,2026,5265503,Timothy,Taylor Jr.,DL,DL,Jacksonville State,Bowling Green,defensive_tot,13.672968147001882,,True,6,100.0,711,unobserved_2026_outcome
909203aff0229389cfe85c2d4a2022352d40858179fde67abdeac9576df1c2a7,2026,4879531,Kamren,Washington,DL,DL,Texas State,Baylor,defensive_tot,17.846195113294254,15.0,False,0,100.0,711,unobserved_2026_outcome
17401f8071ae529957018ce0c4602919c735b789beb9dfa3137eda7137754cf9,2026,4912355,Chris,Spencer,DL,DL,Old Dominion,UAB,defensive_tot,15.877722580980235,7.0,False,0,100.0,711,unobserved_2026_outcome
72b9a7aac18355d450e77db6fff74fc620d4ce06769cd1bd70f3cbe20d7b80e4,2026,5086180,Mateen,Ibirogba,DL,DL,Wake Forest,Texas Tech,defensive_tot,21.475782541481433,21.0,False,0,100.0,711,unobserved_2026_outcome
b07a67df4cd94472f67c5e30b6552d86e001774f21c63ccb7792ea4546ddcb0f,2026,5157307,Jojo,Johnson,DL,DL,Oregon State,Texas Tech,defensive_tot,18.58290649266197,18.0,False,0,100.0,711,unobserved_2026_outcome
84d03b47d5fb9a7ae9e1ae92250f10d3e628191171915ffc350d70897b152ec3,2026,4430884,Kedrick,Bingley-Jones,DL,DL,Mississippi State,Alabama,defensive_tot,16.982967422192953,25.0,False,0,100.0,711,unobserved_2026_outcome
420c40f34a9a4a0e253f16f769e88b2f16eb83a8a9499e2e501d4bf4e943b394,2026,5236218,Tim,Griffin,DL,DL,Cincinnati,Georgia Tech,defensive_tot,14.979295565296445,1.0,False,0,100.0,711,unobserved_2026_outcome
7eedc0dfc51bec6b36df19f627db1393f7e4f365a2cbd4fe5c1a68a37a5e153f,2026,5152808,DeSean,Watts,DL,DL,Sacramento State,Washington,defensive_tot,16.29397728504731,7.0,False,0,100.0,711,unobserved_2026_outcome
4cc5255ec4de0a4ee700db1b8839b4affdde485d9efccecc89b3c62bfe3e9d79,2026,5089578,Wisdom,Simms,DL,DL,North Carolina Central,Purdue,defensive_tot,14.300922633434325,,True,6,100.0,711,unobserved_2026_outcome
c36bf5e1421cd83030253fbe9ea0df2b3e0bc1ef315f3392af78409aea85c873,2026,5087246,Jake,Anderson,DL,DL,Illinois State,Wisconsin,defensive_tot,15.595877641719191,7.0,False,0,100.0,711,unobserved_2026_outcome
5a46ce07b198d2a5b9ae5d9436ce4e19db9f3bc240073c86e1d72e8d39554fcb,2026,4870969,James,Smith,DL,DL,Alabama,Ohio State,defensive_tot,24.84238124977561,26.0,False,0,100.0,711,unobserved_2026_outcome
bd1ec50e977f40c129a482077df8398894133136e6a7cc719829f046a5d0976f,2026,5141579,Kevin,Oatis,DL,DL,Arkansas,Kansas,defensive_tot,14.708105663560705,2.0,False,0,100.0,711,unobserved_2026_outcome
97802d66ece16a858973d48cc013136bbce9e9dc358971298328adeb752ea5d9,2026,5083637,Jayden,Madkins,DL,DL,Louisiana Tech,Tulsa,defensive_tot,16.734420674141568,25.0,False,0,100.0,711,unobserved_2026_outcome
fe1e483fc1196954457883984327aa5da07983ee4619595af0fb045403acdbcb,2026,5146890,DeNigel,Cooper,DL,DL,App State,Wisconsin,defensive_tot,17.62511300015149,23.0,False,0,100.0,711,unobserved_2026_outcome
b39771bdfec3567283eaf9e1f31c8165014e6476788ac5ec222485ea665285df,2026,5148602,Christian,Hudson,DL,DL,Colorado,Boston College,defensive_tot,14.300922633434325,,True,6,100.0,711,unobserved_2026_outcome
a9d6bebed7a60d69d529d686fa112675be5b19f1f10355c73b9d1aac9932f326,2026,5125968,Armstrong,Nnodim,DL,DL,Oklahoma State,Penn State,defensive_tot,16.31184578677178,11.0,False,0,100.0,711,unobserved_2026_outcome
408f7ffa9eafb1e9d89d3e14645c03abb721e072ee279acdf29e034a32e29ba5,2026,4923224,Darold,DeNgohe,DL,DL,Rutgers,UCLA,defensive_tot,15.305327477679317,8.0,False,0,100.0,711,unobserved_2026_outcome
f1afd83f8889cfc18c00c750ff5ed8f8136af9be700d79e2c2117e8339a10512,2026,5192908,Carlos,Hazelwood,DL,DL,Toledo,Michigan State,defensive_tot,15.503038437377617,6.0,False,0,100.0,711,unobserved_2026_outcome
feca19dab83a21fd31352ebdea2ebdedc5e13aeebd97bd56aeb7dc7971fae591,2026,5085514,Dakota,Quinonez,DL,DL,Dartmouth,Duke,defensive_tot,14.300922633434325,,True,6,100.0,711,unobserved_2026_outcome
dce74b78f8509d4f7180066fd5aadcdf3e09259b3c21f647ce77a2be09bf6425,2026,5156287,Christian,Davis,DL,DL,Louisiana Tech,SMU,defensive_tot,19.189225632845655,21.0,False,0,100.0,711,unobserved_2026_outcome
68759683c7ed5ec08efb2c0bec572d9875effe32f0ac100d98d2c0943f135196,2026,5127031,Tionne,Gray,DL,DL,Oregon,Notre Dame,defensive_tot,19.661713811677444,18.0,False,0,100.0,711,unobserved_2026_outcome
d32de423fda6db13a37aa45cca87144fe6edc2f22ad71fdbe6a3c6d45715cbc2,2026,5121706,Ki'Shawn,Harvey,DL,DL,East Tennessee State,App State,defensive_tot,15.208494347190522,4.0,False,0,100.0,711,unobserved_2026_outcome
df4fab05b52f4cf10ac256b6d193aa8544ce6a2de4a237828b7e60c36c8ded08,2026,5155306,Emmanuel,Olagbaju,DL,DL,North Dakota,Iowa,defensive_tot,15.016406320878744,1.0,False,0,100.0,711,unobserved_2026_outcome
314dddd4757ad8f236ff7d28565829cdd300b8f84c70c14dd11abdd503736ece,2026,5086117,Brad,Gurley Jr.,DL,DL,Eastern Kentucky,UCF,defensive_tot,16.040424233849023,7.0,False,0,100.0,711,unobserved_2026_outcome
67f88fa6b14de58fc73ccedf18614c2fca8db737a379224105635b086ae961ee,2026,5130411,Melvin,Hills III,DL,DL,Texas,UConn,defensive_tot,14.979295565296445,1.0,False,0,100.0,711,unobserved_2026_outcome
cb2fd9eeac0434c560a5e094a9ef409d507c6a606e4dca766aafbc3794580dfc,2026,5215541,Quante,Gillians,DL,DL,Syracuse,Temple,defensive_tot,14.765224526305767,1.0,False,0,100.0,711,unobserved_2026_outcome
08ff9cd5bed7f481665521ccb9c880412895fc7636d130a3cd6983a3d85f8991,2026,4899476,Kendrick,Gilbert,DL,DL,Louisville,Ball State,defensive_tot,14.300922633434325,,True,6,100.0,711,unobserved_2026_outcome
a123421f07f039239311b815ba05347209e39095b4075a2a062e336ba345c656,2026,5219790,Joe,Hjelle,DL,DL,Tulsa,Indiana,defensive_tot,21.12774208317269,46.0,False,0,100.0,711,unobserved_2026_outcome
8523282e45573d4bd693388cac914aac8ab586f4c92bea018fb7bd94b9dc40d8,2026,5079547,Dimitry,Nicolas,DL,DL,Maryland,Sam Houston,defensive_tot,14.300922633434325,,True,6,100.0,711,unobserved_2026_outcome
834239cbf4b09986e5d0d9d35eec4c1f071977509d5a4ad7a714d92610828d33,2026,5120377,Darin,Conley,DL,DL,Ball State,Washington,defensive_tot,19.552081406757146,24.0,False,0,100.0,711,unobserved_2026_outcome
e70b2af5375b2bc0e30bfe8b33ee6373063a2462e948d5ca5404eee189c96cbe,2026,4918428,Saadiq,Clements,DL,DL,North Texas,Oklahoma State,defensive_tot,20.97330474792941,30.0,False,0,100.0,711,unobserved_2026_outcome
ce713104b22e917ee33d6ae0f5787083cc4f1b6a38b5718d8d88fa3f7ba2c1b4,2026,4870908,Sydir,Mitchell,DL,DL,LSU,Wake Forest,defensive_tot,14.300922633434325,,True,6,100.0,711,unobserved_2026_outcome
0bfee7b45b0c33518c17f58f71fd7b878fbbb7e87447f9218428757f51afb8a6,2026,5160223,RJ,Moss Jr.,DL,DL,South Alabama,Florida International,defensive_tot,18.77728555655987,24.0,False,0,100.0,711,unobserved_2026_outcome
d04130c347a8c1f8a7527206fd198600482fa681a30f0eff5410ea1a37586f82,2026,4430853,Darrion,Henry-Young,DL,DL,Coastal Carolina,Virginia,defensive_tot,15.552150209614908,7.0,False,0,100.0,711,unobserved_2026_outcome
c4d3a5cede08c20c134443c30bf31dc9292b768e41b3cd135920076370a0091e,2026,5084944,Christian,Lorenzo,DL,DL,Illinois State,North Texas,defensive_tot,14.765224526305767,1.0,False,0,100.0,711,unobserved_2026_outcome
23e58c2a509e58d40b8fec51957ee25cdbb5931d8e9e5becbc86f89cc5ae8771,2026,4870873,DK,Kalu,DL,DL,Baylor,Florida,defensive_tot,16.127627604308135,10.0,False,0,100.0,711,unobserved_2026_outcome
c081688c55e5f8c16f5bd3d19df30f244c15be3be5329669c5f46d56d1e6e6dc,2026,5231145,De'Arieun,Hicks,DL,DL,Gardner-Webb,Kansas State,defensive_tot,15.291590148761703,3.0,False,0,100.0,711,unobserved_2026_outcome
78d33c501bca23c8be60ac9e3b088445d6f0282ee68a801809ee04ddff02d6a4,2026,5157415,Brice,Stevenson,DL,DL,Holy Cross,Iowa,defensive_tot,14.859089008142961,2.0,False,0,100.0,711,unobserved_2026_outcome
12e984ddf01e97cbdd4f9fabe6d0ed01409e4cfa329f51cf914a138618b734b9,2026,5300001,Xzavier,Booker,DL,DL,Alabama A&M,Coastal Carolina,defensive_tot,14.300922633434325,,True,6,100.0,711,unobserved_2026_outcome
5d0934e8e530320819e395ff7f00e3da4b2f9de7077caeb212a9450855485a63,2026,5215499,Lamar,Fairfax Jr.,DL,DL,Memphis,Temple,defensive_tot,14.175331736147836,,True,6,100.0,711,unobserved_2026_outcome
ab96bda541184df84acd06558558d16f55606ba82ee04a7a3645574bb531a1bd,2026,5213301,Aubrey,Melvin,DL,DL,UConn,Massachusetts,defensive_tot,14.300922633434325,,True,6,100.0,711,unobserved_2026_outcome
ecdc751f2f6fa8c4894b8536bb185e09887bdf2733cc69bdb4064db4c14d7b51,2026,5213124,Ike,Okafor,DL,DL,California,Washington State,defensive_tot,14.300922633434325,,True,6,100.0,711,unobserved_2026_outcome
e050b8ee466f7d5b415437d5eda835192f8f0ffb4fdf9ba7198a8db001bd7882,2026,5294521,Cody,Sigler,DL,DL,Arkansas State,Auburn,defensive_tot,24.981560069582596,34.0,False,0,100.0,711,unobserved_2026_outcome
b3511053908caae9fd575d86b624476e29456a2927d5dc9b261d4bee13d359fd,2026,5224756,Kourtney,Kelly,DL,DL,West Georgia,Clemson,defensive_tot,14.049740838861347,,True,6,100.0,711,unobserved_2026_outcome
d9ff99d9accbd7176693fc88bb88af129c0449487526f7264962236e79ca3319,2026,4690121,Kervins,Choute,DL,DL,UConn,Virginia,defensive_tot,16.439922187773394,12.0,False,0,100.0,711,unobserved_2026_outcome
b9407a1dcafebfa29959f5fbe4cc0289e2ec119caf39b50b1fffcc49782f3d43,2026,4701541,Ty,Clemons,DL,DL,Boston College,Troy,defensive_tot,16.276113149028436,6.0,False,0,100.0,711,unobserved_2026_outcome
e1e1a2ad31804c15a6dadb69f00b097b06ef5d34ebe1f9ae4355e6da576e9175,2026,5218832,Ashun,Shepphard,DL,DL,Mississippi State,California,defensive_tot,15.126630882008316,4.0,False,0,100.0,711,unobserved_2026_outcome
ecebe2b0abece3a9a80b367d07b80ac553dce3678bbc7e3917e5fb47e689cec0,2026,5092825,Arias,Nash,DL,DL,Virginia Tech,Tulsa,defensive_tot,15.240780598030042,,True,8,100.0,711,unobserved_2026_outcome
99a9680d074e93e0cf47aa8db5dea73eab74f3fb0f2bf58dcb91fe34b8076110,2026,5218732,Rondo,Porter,DL,DL,App State,Rutgers,defensive_tot,22.71268599024399,39.0,False,0,100.0,711,unobserved_2026_outcome
aac0b9dc7d01fffd1354f24007b98750c8ed403fc7b51fcf9e2cf788e2fd8fb5,2026,5226651,Jaedin,Lee,DL,DL,Maine,Rutgers,defensive_tot,14.902816440247246,2.0,False,0,100.0,711,unobserved_2026_outcome
2c6609a01bf1aa66e46a6ffbb8367d03ff62198d56897bce4c2dbf135bebc28a,2026,5306762,Kaleb,Bilal-Jones,DL,DL,Arizona,Iowa State,defensive_tot,14.175331736147836,,True,6,100.0,711,unobserved_2026_outcome
6b66070a918b2ecf82a7bc3038d69d04b49f5f53bb78135c625ef9f5a990d04f,2026,5222870,Ahmad,Poole,DL,DL,Missouri State,Coastal Carolina,defensive_tot,22.02854858498016,28.0,False,2,100.0,711,unobserved_2026_outcome
37592e3b220c63b90144e880bcd284343563a66c00927447a1f25b7c554f65de,2026,5147725,Bucci,Farmer,DL,DL,App State,Old Dominion,defensive_tot,15.344853924743022,6.0,False,0,100.0,711,unobserved_2026_outcome
dd2a60326f4132d51562c881807a373415cfca81a949c480e05e542fba769f81,2026,5299845,Vaughn,Highland,DL,DL,Arkansas-Pine Bluff,Akron,defensive_tot,14.853704668009955,1.0,False,0,100.0,711,unobserved_2026_outcome
21358ae457fe9a00ceb0bcb6a190feaa1ef5ef512f73f1101aa425da2a4602ca,2026,5383048,Wesley,Hudson,DL,DL,Central Oklahoma,North Texas,defensive_tot,14.300922633434325,,True,6,100.0,711,unobserved_2026_outcome
b1a335c1e80796217b68029baa982f483860474c617eb6142a11c1d2ed21b63f,2026,5296217,Markell,Chapman,DL,DL,Iowa State,Missouri State,defensive_tot,14.049740838861347,,True,6,100.0,711,unobserved_2026_outcome
2c6d77400cd442ef6bc5c83d601b360dce61b51a6265d978eb599268e8a3a8a2,2026,5160656,Jamel,Howard Jr.,DL,DL,Wisconsin,Sacramento State,defensive_tot,14.175331736147836,,True,6,100.0,711,unobserved_2026_outcome
c3d35cf87b82700ecaf8c13945638258d8a594d83805bdbfa55cca03d65905e2,2026,5152136,Jirah,Leaupepetele,DL,DL,Eastern Washington,Washington State,defensive_tot,14.902816440247246,2.0,False,0,100.0,711,unobserved_2026_outcome
3185fde06117a6b73df06aff44d39216b15bfe6a21d3f1654b3dbe6f62275d19,2026,5056145,Ricky,Lolohea,DL,DL,Oklahoma,App State,defensive_tot,14.049740838861347,,True,6,100.0,711,unobserved_2026_outcome
8667549f377be8d99dcce530460ab9e3587c20a1f29eaa09d987756532c89426,2026,4695426,Max,Baloun,DL,DL,Washington State,Iowa State,defensive_tot,16.397503061274346,4.0,False,0,100.0,711,unobserved_2026_outcome
5ad5fc816198226239bd8d73dcedb921029f7a049ec8450e02bf23b82e8f7b29,2026,5084423,Carter,Janki,DL,DL,Pennsylvania,Illinois,defensive_tot,14.049740838861347,,True,6,100.0,711,unobserved_2026_outcome
12aa223106b8a81af201b174067a65eec987d38b6c96b06fd747b99056139af4,2026,5226944,Aaron,Clark,DL,DL,Towson,App State,defensive_tot,14.049740838861347,,True,6,100.0,711,unobserved_2026_outcome
1c1c4d70f5b5fa2fd44dbf39864b641f7ccb1c8deabdb0a387a1d6f3ff9d63cd,2026,4837162,Rasheed,Lovelace,DL,DL,Nicholls,James Madison,defensive_tot,16.52967910072266,9.0,False,0,100.0,711,unobserved_2026_outcome
82248bba4644f5bd12662b262a6baceb18b7def2f35ff6b1ca8f69a04c033fba,2026,5092826,Caden,Camese,DL,DL,Mercer,Toledo,defensive_tot,14.049740838861347,,True,6,100.0,711,unobserved_2026_outcome
fc9ccea4dbb6899929ffc6b6ec99684d1c5f7023a3c77724a9bf6e6b75da7c2c,2026,4870278,Kaleb,Artis,DL,DL,Penn State,Temple,defensive_tot,14.049740838861347,,True,6,100.0,711,unobserved_2026_outcome
1cd075f069f91829e75554441bdf6ad00dff899472743a57aaaefffacdb6751e,2026,5293964,Josh,Schell,DL,DL,Tennessee,UCF,defensive_tot,14.514042731732788,1.0,False,0,100.0,711,unobserved_2026_outcome
1233769d69aabadcda637d642f04a1e41a33f1bfb5d8b64b9ae88881c4e15679,2026,5232389,Keydel,Painter,EDGE,EDGE,Virginia Union,Marshall,defensive_tot,14.519128438312459,,True,6,100.0,180,unobserved_2026_outcome
e88ea71be19b9eb2107703b6639992ba0a72518ce24526215d831c1dcf9c9c5f,2026,4870738,Caleb,Herring,EDGE,EDGE,Tennessee,South Carolina,defensive_tot,23.917036060734237,15.0,False,0,100.0,180,unobserved_2026_outcome
0e66f03ad4a616f30b894260f63055761827708795d029776e8aaf9cadc44637,2026,5160962,John Henry,Daley,EDGE,EDGE,Utah,Michigan,defensive_tot,29.08176179520127,45.0,False,0,100.0,180,unobserved_2026_outcome
302bfbf2d564438de9b6d4c7cc4e2f48f553884ef63958914ed9de4c7fc6cc41,2026,5092989,Cavan,Tuley,EDGE,EDGE,Houston,Missouri,defensive_tot,13.81966950597269,,True,6,100.0,180,unobserved_2026_outcome
417214c97a33230c5478c5b5b1e8bfa529b032d89f755178ed01fdb36acc782d,2026,5153062,Jack,Janikowski,EDGE,EDGE,Washington State,Iowa State,defensive_tot,20.038228447005654,10.0,False,0,100.0,180,unobserved_2026_outcome
3820eb90d77f1a264754a7adb5d00d2074d5bfa858de7ecc78ff2126e0fac02a,2026,4941014,Ezra,Odinjor,EDGE,EDGE,UAB,Toledo,defensive_tot,21.404947404095534,28.0,False,0,100.0,180,unobserved_2026_outcome
51c8b03f251b8fc29adf0e834a0f45ae68c9161c9944c1d7a8d0e031afef48e9,2026,5139096,Noah,Carter,EDGE,EDGE,Alabama,Georgia Tech,defensive_tot,23.484029605176527,8.0,False,0,100.0,180,unobserved_2026_outcome
86534c637a4518f1c76006ddea20c186eee3993ff2e802784a8b6fd418515fc9,2026,4881838,Brian,Allen,EDGE,EDGE,Iowa,Vanderbilt,defensive_tot,24.11126065816191,16.0,False,0,100.0,180,unobserved_2026_outcome
04b77b5b60e7105af9f9d04f3329451998845c46b1386bde042f7dda85cefc02,2026,5193504,Jaylen,Brown,EDGE,EDGE,South Carolina,LSU,defensive_tot,14.868857904482342,,True,6,100.0,180,unobserved_2026_outcome
d2896cab48e1e80f889fdd27b40ac3304ae80ccadb04fd3d5ad929ac216f75b2,2026,5146973,Harper,Holloman,EDGE,EDGE,Western Kentucky,West Virginia,defensive_tot,27.228233969432928,39.0,False,0,100.0,180,unobserved_2026_outcome
c81399d9033e3f81ef53a231972831b3c61f53719735d8fa697dfb25137c894d,2026,4880967,Da'Shawn,Womack,EDGE,EDGE,Ole Miss,Auburn,defensive_tot,27.261879850546652,27.0,False,0,100.0,180,unobserved_2026_outcome
3ed70e67fc9d30cb3b866c28369463a0f58539adf86d78bd2189a8e7f0bea891,2026,4571284,Marques,White,EDGE,EDGE,Massachusetts,SMU,defensive_tot,24.913314721432204,43.0,False,0,100.0,180,unobserved_2026_outcome
0047530e749200052a4f71a34e0c15acc6326d0335136c8589a27450d1c791e0,2026,5147188,Eduwa,Okundaye,EDGE,EDGE,Arizona,Washington State,defensive_tot,18.49333097904999,0.0,False,0,100.0,180,unobserved_2026_outcome
7e2fa823bf0dcabb4247f2e861ddedd6d35a598e32f1da9fd5248666e8588b4e,2026,4873443,Keyshawn,Burgos,EDGE,EDGE,Virginia Tech,Purdue,defensive_tot,17.755815991163843,4.0,False,0,100.0,180,unobserved_2026_outcome
388b97fe87c254a1bff83317eead4da775a9186ad9aa1519abc28de81e370705,2026,5165156,Matyus,McLain,EDGE,EDGE,Idaho,Washington State,defensive_tot,16.437349895486857,6.0,False,1,100.0,180,unobserved_2026_outcome
a35010fa80128cf32b841490d0f71c5e690ec6038ddf379f19e5c8fd53e14a7e,2026,5224269,Andrew,Zock,EDGE,EDGE,Mercer,Toledo,defensive_tot,18.070621565786183,2.0,False,0,100.0,180,unobserved_2026_outcome
a82b34dd1881cb0d87e269b765884a425f76672caf7ae70ca30c6c1cc3cc1ef0,2026,5168818,Jordan,Mcallister,EDGE,EDGE,New Hampshire,Tulane,defensive_tot,17.004368820277776,4.0,False,2,100.0,180,unobserved_2026_outcome
51627b381ae9db633d62a3bd0c63fc9e8fd1f1a6850c68ce3a3c2c10d250e076,2026,5390276,Mason,Purham,EDGE,EDGE,Emory & Henry,James Madison,defensive_tot,14.519128438312459,,True,6,100.0,180,unobserved_2026_outcome
c0ea5c88c6561bb6eeaf9f7c674cd4441720f989b2f9d350e4725b93dab5e033,2026,5141763,Amaree,Williams,EDGE,EDGE,Florida State,Mississippi State,defensive_tot,20.181294780963384,10.0,False,0,100.0,180,unobserved_2026_outcome
fbc9579d7c42ec77c44d52107eaaa5011aee899631129947e1d78a6f8001e744,2026,5087182,Toby,Anene,EDGE,EDGE,North Dakota State,Colorado,defensive_tot,15.218587370652227,,True,6,100.0,180,unobserved_2026_outcome
b949aee8c31bae07dbf5688e1d9405ba153f1f6fd19918f83e03c0f8ae215f5c,2026,5150308,Elo,Modozie,EDGE,EDGE,Georgia,Purdue,defensive_tot,21.875313315777326,7.0,False,0,100.0,180,unobserved_2026_outcome
454915b49d0b162188c52746d994ded7046c5de5bcfb46dd4046811ab2c968fe,2026,5079426,Wendell,Gregory,EDGE,EDGE,Oklahoma State,Kansas State,defensive_tot,29.918254666988336,27.0,False,0,100.0,180,unobserved_2026_outcome
afa75aa7fdbecf6445e16b47350d28f7ef35705620d16b715d9f9dcc9964d91d,2026,5195478,Gus,Cordova,EDGE,EDGE,USC,Mississippi State,defensive_tot,17.742986608252792,1.0,False,0,100.0,180,unobserved_2026_outcome
2f5a998f1c8f70d812be628520d272a00502ad67a712049e35f840863efe3061,2026,5233716,Kurtis,Waye,EDGE,EDGE,Clark Atlanta,Akron,defensive_tot,13.3029020619462,,True,8,100.0,180,unobserved_2026_outcome
32c469d7b1f342410a3976c6b0c19c3db6818bbc00b8e918b75e8981d0fce52f,2026,5150836,Jaden,Jones,EDGE,EDGE,Florida State,Missouri,defensive_tot,19.87047996292071,7.0,False,0,100.0,180,unobserved_2026_outcome
c9e244aba74c1174a8806a4bc1836325c46516bea24dc91c565e19acc96ce8cb,2026,5080692,Edwin,Kolenge,EDGE,EDGE,Boston College,Vanderbilt,defensive_tot,22.901047883382436,31.0,False,0,100.0,180,unobserved_2026_outcome
98369ffae7d7d70a40601caae430764fbcfc4d016f31baa05eae5c2595110067,2026,4431508,Dylan,Brooks,EDGE,EDGE,Kansas,Missouri State,defensive_tot,14.868857904482342,,True,6,100.0,180,unobserved_2026_outcome
945a440b5de43590333cc4149efa8b3000eef6c5734f8174530e8bde8776b830,2026,4870623,Malik,Bryant,EDGE,EDGE,Miami,Missouri,defensive_tot,17.793911443880283,2.0,False,0,100.0,180,unobserved_2026_outcome
aadb01bba7d484e6c549270fe9a1b738cd4b392e2822ea39a3d827b9f28f6d58,2026,5085511,Thaddeus,Gianaris,EDGE,EDGE,Dartmouth,Wyoming,defensive_tot,12.770481107463043,,True,6,100.0,180,unobserved_2026_outcome
7434c4070af0a50d182f80d0465f13ec81fa49dca9565601d7cd813938089c38,2026,5032145,AJ,Thomas,EDGE,EDGE,McNeese,Arkansas State,defensive_tot,18.256540594449973,2.0,False,0,100.0,180,unobserved_2026_outcome
5af99db30fe50b6c4bca3373fa74db3e305aa42ea6887f30b17bd50c32a1821b,2026,4587870,Zuriah,Fisher,EDGE,EDGE,Penn State,USC,defensive_tot,26.285345771303245,19.0,False,0,100.0,180,unobserved_2026_outcome
58ff034239612e3520ecf2bd1b9775b89d94e02104ce986bab3711f33cce6d35,2026,5092443,Jordan,Walker,EDGE,EDGE,Rutgers,Georgia Tech,defensive_tot,22.315630832074543,25.0,False,0,100.0,180,unobserved_2026_outcome
a6c06ad2f7aaa996114a588d372fa63ad0bee5897ab6357a58318b61249c158e,2026,5094086,Gavin,Taylor,EDGE,EDGE,Central Connecticut,Arkansas State,defensive_tot,15.994339277403377,1.0,False,0,100.0,180,unobserved_2026_outcome
75e1c4dfe10959121da52e676bcdcdb5fa13e9e19896d8bc0d391ef01e53e75f,2026,5227698,Tito,Chikere,EDGE,EDGE,East Texas A&M,Louisiana,defensive_tot,17.39325714208291,1.0,False,0,100.0,180,unobserved_2026_outcome
ce49c4ffebd6c93bc98d988b2614da05090cabcb29bbf631ad06f4cf4bbfa825,2026,5221310,Harrysson,Ngassa,EDGE,EDGE,Illinois,South Florida,defensive_tot,11.613773874355427,,True,7,100.0,180,unobserved_2026_outcome
784d6cdccfe90dfa74bcc08d02f05ea9159c854710ec2ae9adf38e235d5ca489,2026,5252597,Zach,Johnson,EDGE,EDGE,UAB,Toledo,defensive_tot,18.97232609869737,7.0,False,0,100.0,180,unobserved_2026_outcome
410302a99a6e8bd9414c87be64ff82e1efbeec8727f3b38a7922732693ee2917,2026,5150251,Qua,Russaw,EDGE,EDGE,Alabama,Ohio State,defensive_tot,23.510356518928173,13.0,False,0,100.0,180,unobserved_2026_outcome
3d71e1094982f5863b9277208a9e30f9840ed70eef52b1a34fb9364cc6b786d9,2026,5265481,Elijah,Hill,EDGE,EDGE,Kennesaw State,Kansas State,defensive_tot,22.695446701019286,22.0,False,0,100.0,180,unobserved_2026_outcome
b957f127275ea6c6c9928d8976ccd733b18739bcab9aaf5f6ed03555b13ce4b4,2026,5387614,Logan,Goodwin,EDGE,EDGE,IU Pennsylvania,Buffalo,defensive_tot,14.169398972142575,,True,6,100.0,180,unobserved_2026_outcome
db7fcd9150fb319aef919ff06ba425921f37f99aea4ac2c2f9b5acb4561ae35f,2026,4870938,Joshua,Mickens,EDGE,EDGE,Ohio State,UConn,defensive_tot,18.194565745677657,3.0,False,0,100.0,180,unobserved_2026_outcome
ae2413d4055f5ca44aa05abeb83b43b2babd6fbc7f16f8777c098e0ee8b1d885,2026,5219517,Yamil,Talib,EDGE,EDGE,Charlotte,Colorado,defensive_tot,22.961478804874208,28.0,False,0,100.0,180,unobserved_2026_outcome
5dcbe353a9c90325a09e52d719e956ab5b25fbf830fda2760784f8aa5b53d395,2026,5215273,Alexander,McPherson,EDGE,EDGE,Colorado,Penn State,defensive_tot,21.178000604280065,15.0,False,0,100.0,180,unobserved_2026_outcome
9a77e243fa80b9f0f2acaf222b5760abce904e12e16c7df9860b3d07a84690e3,2026,5079770,Ernest,Willor Jr.,EDGE,EDGE,Wisconsin,James Madison,defensive_tot,14.868857904482342,,True,6,100.0,180,unobserved_2026_outcome
6244cbf877c5b516e2d3646aa9f31a246320026cc2185e8260e11434b8831ea9,2026,4893420,Josh,Lukusa,EDGE,EDGE,Miami (OH),Missouri State,defensive_tot,19.282483665788938,11.0,False,0,100.0,180,unobserved_2026_outcome
8d9b89f42096edce5e75683954fd0176269ce9059065814786bcfb2195dc20fd,2026,5154927,Kei'Trone,Simpson,EDGE,EDGE,Lamar,James Madison,defensive_tot,17.094452511540513,2.0,False,0,100.0,180,unobserved_2026_outcome
3ca9becf2f2cdb652813897ae3ac0ee7a17ae16f991c74cc0949b64fbb13fbc6,2026,5383064,Jalile,Elliott,EDGE,EDGE,Barton,Missouri State,defensive_tot,14.169398972142575,,True,6,100.0,180,unobserved_2026_outcome
f98c43d791d657706248574d57988c28d0c810e7ee9d9b8b10eb8ce65afb6988,2026,5142592,CJ,May,EDGE,EDGE,Louisville,Missouri,defensive_tot,14.868857904482342,,True,6,100.0,180,unobserved_2026_outcome
82594d0d98d73b8d5254d7a255f3068e2a35dcfd2d0e2573c3f58bbfa5601d22,2026,5225744,Trey,Lisle,EDGE,EDGE,Southeast Missouri State,Michigan State,defensive_tot,18.445661959550595,2.0,False,0,100.0,180,unobserved_2026_outcome
fb621a62c7ab2f22a34c47c838eafb0b2c63b8b9d854f3b4b4e5ca992963f055,2026,5151319,Nnanna,Anyanwu,EDGE,EDGE,UTSA,Virginia,defensive_tot,23.775196588649298,21.0,False,0,100.0,180,unobserved_2026_outcome
e1d1ce177f7b2e2c74eed4d2858a5f8a1fdb6bbff73f09d247b078ec877c7a0f,2026,5148841,Ira,Singleton,EDGE,EDGE,South Florida,SMU,defensive_tot,21.50939416872109,17.0,False,0,100.0,180,unobserved_2026_outcome
efb43478509b60b64348e24755d4d23f1c68411d9c8e99eae324ff3be5ed2dfc,2026,5158778,Logan,George,EDGE,EDGE,Ohio State,Washington,defensive_tot,18.28358603402159,2.0,False,0,100.0,180,unobserved_2026_outcome
d2e62c3c48aca4a4695bf9c558502dcf9a2209523471fc7743dea74067049d02,2026,4711228,Anthony,Jones,EDGE,EDGE,UCLA,Nebraska,defensive_tot,22.908457536520856,20.0,False,0,100.0,180,unobserved_2026_outcome
8efe622645a0c3a0bd0ad3368508e503625daf9d2921f531bcd68402c98b4d4c,2026,5141592,London,Merritt,EDGE,EDGE,Colorado,Clemson,defensive_tot,23.508275189084046,23.0,False,0,100.0,180,unobserved_2026_outcome
b7d46cdaf9300ec529727d7bfa72ea2c5b125d5616328f1d45b338a9a10a1599,2026,5151950,Nate,Johnson,EDGE,EDGE,Missouri,Auburn,defensive_tot,19.651107971418092,6.0,False,0,100.0,180,unobserved_2026_outcome
4334e9e894019eb7c65e7078e97c434afcf380facc5ae50f8b4d7190067370df,2026,5112647,Jordan,Ross,EDGE,EDGE,Tennessee,LSU,defensive_tot,26.039228159384393,24.0,False,0,100.0,180,unobserved_2026_outcome
ad290554f92fe978fe52545ae43f521f527dfba361bcd3f9ecd647360405d0d7,2026,5103176,Ken,Talley,EDGE,EDGE,Arkansas,UCF,defensive_tot,17.844836279507774,3.0,False,0,100.0,180,unobserved_2026_outcome
81382fe842bd86406ff583b94d68d47e2b2e4c8782e071e9ed845561b97ca7fa,2026,5146913,Shamar,Riser-Pressley,EDGE,EDGE,Buffalo,UConn,defensive_tot,17.70489115553635,3.0,False,0,100.0,180,unobserved_2026_outcome
804d2a2433556923070c3cd1a15509da68cdfacd85699d395825ecd751f012fe,2026,4869399,Danny,Royster,EDGE,EDGE,Indianapolis,James Madison,defensive_tot,13.81966950597269,,True,6,100.0,180,unobserved_2026_outcome
f44f5efed69a1e28d84ce2d8f621f0d32dc639c7357948761d3e150823f9fb85,2026,5194641,Demetrius,Ballard,EDGE,EDGE,Buffalo,Boston College,defensive_tot,18.81907161272957,13.0,False,0,100.0,180,unobserved_2026_outcome
0aeccc4bf6e7428cbdf5aa27e5710b8f536f97aaa3a3b7d3757ed086d44ba193,2026,5125776,Tyler,Thomas,EDGE,EDGE,South Alabama,Kentucky,defensive_tot,19.108796678613338,16.0,False,0,100.0,180,unobserved_2026_outcome
c1d4909a1941ea5e42b65906fe97ea39b8bc0d58ba0e48f2da0ddb8868551461,2026,5083472,Ben,Sahakian,EDGE,EDGE,Cornell,Toledo,defensive_tot,13.81966950597269,,True,6,100.0,180,unobserved_2026_outcome
97fe66dd1e269c549736532e695b809da0d9aa6516658808b7ba8a7700152116,2026,4685372,C.J.,Hicks,EDGE,EDGE,Ohio State,South Florida,defensive_tot,19.299643993271122,6.0,False,0,100.0,180,unobserved_2026_outcome
5e10e972cd858d229f7a4ca64f9faac541b6631562a1dd7713b8627ebdaea886,2026,5094038,Ezekiel,Larry,EDGE,EDGE,Yale,Virginia,defensive_tot,13.81966950597269,,True,6,100.0,180,unobserved_2026_outcome
ff64e90957e698a9bbdf429bf13d6eceeadbcad7df8ac68cfd04380ff00133df,2026,5216573,Jayden,Fry,EDGE,EDGE,Boston College,Sam Houston,defensive_tot,18.180001850789523,0.0,False,0,100.0,180,unobserved_2026_outcome
ab9aa93f184b4ae4ad889003451f0bf9a06e83ad1574c3b51d754cb3d834a961,2026,5122026,Bruno,Dall,EDGE,EDGE,Akron,UCF,defensive_tot,28.22130489091416,44.0,False,0,100.0,180,unobserved_2026_outcome
6f269643d750b558c2fcc9ee3b407675df9e9abb0479297945a19fcc77928b89,2026,5385748,Austin,Stief,EDGE,EDGE,Davenport,Ball State,defensive_tot,13.81966950597269,,True,6,100.0,180,unobserved_2026_outcome
f9fdfc7dc76d26ee034d2c9bd2d9d45494c538483f5d9d6b73a545738bb5edad,2026,4880300,Donnie,Wingate,EDGE,EDGE,Southern Illinois,Wyoming,defensive_tot,16.768555027112935,3.0,False,2,100.0,180,unobserved_2026_outcome
31ba2d565376f662f1f419995083384a29afadb9cae935d8ac9267c8b2d780be,2026,5194315,Sultan,Badmus,EDGE,EDGE,Temple,Arkansas State,defensive_tot,18.95821395836995,5.0,False,0,100.0,180,unobserved_2026_outcome
5b4fdaefa492cbed8f5b84b4fe41b4b9ec2e85859bd8c2c6d3cc5a3d3f5f2024,2026,4782663,Linus,Zunk,EDGE,EDGE,Vanderbilt,Washington State,defensive_tot,21.20117026317119,15.0,False,0,100.0,180,unobserved_2026_outcome
618addd5e6e067fa79bef8b3c38a69d6d010a805e594d09a6e1336fab7284f34,2026,4895773,Ryan,Henderson,EDGE,EDGE,San Diego State,Texas A&M,defensive_tot,23.42629820834624,21.0,False,0,100.0,180,unobserved_2026_outcome
6e745eebc42cdc27d570a5806b58316372b5814850667391432b25f3b5637b67,2026,5105677,Taje,McCoy,EDGE,EDGE,Oklahoma State,Georgia Tech,defensive_tot,22.007575300821287,21.0,False,0,100.0,180,unobserved_2026_outcome
81c1c5d9d397b801524416dd2964a815fe266016152e8db95cf07f322bc5c892,2026,5151804,Odera,Orizu,EDGE,EDGE,NC State,UConn,defensive_tot,12.770481107463043,,True,6,100.0,180,unobserved_2026_outcome
5bb76df0c9b09e7bcc52b51e7f6f9982fc4d0c8e11eed702104155080e062fd2,2026,4870961,Blake,Purchase,EDGE,EDGE,Oregon,Ole Miss,defensive_tot,27.761461763177277,32.0,False,0,100.0,180,unobserved_2026_outcome
97d632809b2669dcc308936fcf44e9b36e29b460cb70e001fef9de734f1193b9,2026,5084892,Isaac,Terrell,EDGE,EDGE,Washington State,Iowa State,defensive_tot,24.96234299170903,28.0,False,0,100.0,180,unobserved_2026_outcome
f3a91241ab8422cffd3de1f08cd1367415072d4797d192f3ccb20fa7e8001372,2026,4718462,Caden,Crawford,EDGE,EDGE,South Dakota,Iowa State,defensive_tot,18.964478421989373,9.0,False,0,100.0,180,unobserved_2026_outcome
bcc9e85c36215fcdf7a3700af16c0ef24646c2aa940c52a5101440a29a8e4a12,2026,4918427,Matthew,Fobbs-White,EDGE,EDGE,Baylor,Virginia,defensive_tot,22.615153988436905,19.0,False,0,100.0,180,unobserved_2026_outcome
965ab76ee1fb1760b2628b34277c36bc0bace45086cec5f8dea92c55dfccef1c,2026,4917327,Jonathan,Maldonado,EDGE,EDGE,Nevada,Ole Miss,defensive_tot,26.369688380220165,38.0,False,0,100.0,180,unobserved_2026_outcome
0906d570c4599655cc1bdaaa497f7a3cb1c36bd1e6e212127896949589c1872a,2026,5195291,L A Jessie,Harrold,EDGE,EDGE,Florida State,UCF,defensive_tot,15.218587370652227,,True,6,100.0,180,unobserved_2026_outcome
789c318be3867d610b6c9222df8670ba98e0c26fd5f75af7656d79eb6c274276,2026,4858848,Anto,Saka,EDGE,EDGE,Northwestern,Texas A&M,defensive_tot,23.902243025160566,13.0,False,0,100.0,180,unobserved_2026_outcome
4d3ddd7f0c13cb30a4c120af1d15d9ba08295abf3d1bb1f17111a87400bcedf7,2026,4870975,Jordan,Renaud,EDGE,EDGE,Alabama,Ole Miss,defensive_tot,24.00606248657334,16.0,False,0,100.0,180,unobserved_2026_outcome
b999585cd6ef0288049505e07b09fbbfad9ab32d55640378e9b3435c0507f706,2026,4687042,Balansama,Kamara,EDGE,EDGE,Albany,Colorado,defensive_tot,14.519128438312459,,True,6,100.0,180,unobserved_2026_outcome
033b09c99b471495748f510f1f7d4f5d7d929a23d0e2233a8a47128682f0ffaf,2026,5079476,Kavion,Henderson,EDGE,EDGE,Arkansas,Troy,defensive_tot,17.65396631990886,2.0,False,0,100.0,180,unobserved_2026_outcome
d8f566dc9da34a54a41c38bda777d6c58afc975b3d04a3962eafa20887327962,2026,5193219,Immanuel,Ezeogu,EDGE,EDGE,James Madison,Colorado,defensive_tot,20.690251110812383,13.0,False,0,100.0,180,unobserved_2026_outcome
bbba7681a4396bf1e1affeb8d22d2cf62b4ccccca6dce9c4c053136c810d050d,2026,5223133,David,Santiago,EDGE,EDGE,Michigan State,Kansas,defensive_tot,21.856386474759535,24.0,False,0,100.0,180,unobserved_2026_outcome
71b9a4416aea2e631db50b1b138fa934c38061f4cb957b71c1fbe2ae2526e7d4,2026,4921273,Billy,Walton III,EDGE,EDGE,SMU,Oklahoma State,defensive_tot,18.488116462398374,6.0,False,0,100.0,180,unobserved_2026_outcome
510f71031e54cf577cc810add6344488f138c97e460926c3078e28e79e335828,2026,5158248,Trashun,Griffin,EDGE,EDGE,Troy,Middle Tennessee,defensive_tot,13.132123741379916,,True,7,100.0,180,unobserved_2026_outcome
975afa99bc57647eeb4c6796361f0cc136cc392d78b9e133740386a7f68e3ba5,2026,5230811,Mathias,Smith-Davis,EDGE,EDGE,Central State,Northern Illinois,defensive_tot,13.3029020619462,,True,8,100.0,180,unobserved_2026_outcome
d94954412182874d5208b30a7497cfbb02798a1dbbfb5a9403ebfe9c434aad43,2026,5159497,James,Williams,EDGE,EDGE,Florida State,Oklahoma State,defensive_tot,21.447040069936456,19.0,False,0,100.0,180,unobserved_2026_outcome
4e64df84c9f731b94d8c2087109b1721984e328fb9dadf6ea88cfd0248679bb2,2026,5139094,Devon,Baxter,EDGE,EDGE,Michigan,Virginia,defensive_tot,14.868857904482342,,True,6,100.0,180,unobserved_2026_outcome
e3565104f5bb0d8b9a5e82db2a9e7e15af54ce7cede3892c4be7f724639b5c53,2026,5149264,Jalen,Charles,EDGE,EDGE,Memphis,New Mexico,defensive_tot,13.132123741379916,,True,7,100.0,180,unobserved_2026_outcome
9523e8a5da49749f550ac0cb80d2b4701745f4e8ce884ea6c3e0ac5708301626,2026,5080244,Keviyan,Huddleston,EDGE,EDGE,North Texas,Oklahoma State,defensive_tot,22.96994694314065,31.0,False,0,100.0,180,unobserved_2026_outcome
ee7edb455e948ecf74aee16241843f9a66340116a67b0562e40514dbcfd0fb1f,2026,4917971,Princewill,Umanmielen,EDGE,EDGE,Ole Miss,LSU,defensive_tot,34.895072254231515,45.0,False,0,100.0,180,unobserved_2026_outcome
a9f6b2c72298d3ed1a33af68f0b18dd586fb641317e667b11f718bff2310f9c6,2026,5234984,Tobi,Haastrup,EDGE,EDGE,Oregon,West Virginia,defensive_tot,18.44244554059256,1.0,False,0,100.0,180,unobserved_2026_outcome
396cd6bc146f71558203fd77b6456594c8c6301c3461277332b46e306a042955,2026,5294561,Austin,Alexander,EDGE,EDGE,North Carolina,Western Michigan,defensive_tot,18.194565745677657,3.0,False,0,100.0,180,unobserved_2026_outcome
b733742bc57c5273f70a4e858aba82e90b81348980245d243bc24919443c0dd7,2026,5130412,CJ,Jackson,EDGE,EDGE,LSU,Vanderbilt,defensive_tot,18.471483639050266,3.0,False,0,100.0,180,unobserved_2026_outcome
03e01f580987669994e01f64c8a4d049f29c964a5b8229fdda4f34cf1f18b97c,2026,5387613,Sedrick,Vessah,EDGE,EDGE,California (PA),Buffalo,defensive_tot,13.3029020619462,,True,8,100.0,180,unobserved_2026_outcome
f1de82a8a9235fcd201378206abeac4ad7308e7b4255ed55cfe4e9ae09a82b2f,2026,5155324,Brandon,Amaniampong,EDGE,EDGE,Indiana State,Nevada,defensive_tot,16.669921774815993,2.0,False,2,100.0,180,unobserved_2026_outcome
20aff63468c39a0fef6c1deb1b8ca927d53e7609b6b639fb99faac6ac8664bbb,2026,5122015,David,Afogho,EDGE,EDGE,Bowling Green,West Virginia,defensive_tot,24.773406305559647,37.0,False,0,100.0,180,unobserved_2026_outcome
eab772b36aec84bb80f63442346b467ccbbd1328e50322bf0ed029ee57dd2701,2026,5141595,Kamauryn,Morgan,EDGE,EDGE,Baylor,Missouri,defensive_tot,22.261403722686566,5.0,False,0,100.0,180,unobserved_2026_outcome
1cfb718565afd3ba532fd82a228741f07dcdb8471f5ecf55bfdb8e1ea6cbfcbe,2026,5193653,Jayden,Bryant,EDGE,EDGE,Coastal Carolina,Kansas State,defensive_tot,21.48094794861905,16.0,False,0,100.0,180,unobserved_2026_outcome
c8bf1885013691f9ed19663356afdcc67aec59c7fd07a349a61bc7485fa6f597,2026,5083514,Nicolas,Kalume,EDGE,EDGE,Maine,Arkansas State,defensive_tot,18.46197444893702,6.0,False,0,100.0,180,unobserved_2026_outcome
20b9f4261ca0f5c7a53b02e741a1a432a5d599d2a9c537f073fa75a9a84cf024,2026,5295860,DJ,Jackson Jr.,EDGE,EDGE,Troy,Oklahoma State,defensive_tot,21.460632809748777,22.0,False,0,100.0,180,unobserved_2026_outcome
2544c506c607562379588001eabba79368988bf7784181ecc36bd78b379f7fb6,2026,4686331,Keahnist,Thompson,EDGE,EDGE,Weber State,Michigan State,defensive_tot,18.9362854919197,8.0,False,0,100.0,180,unobserved_2026_outcome
e8ec8f36ee2172e3dfb6ff61922bd0058c2708de8d924aa12f25864fcc5d7561,2026,5088773,Maverick,Gracio,EDGE,EDGE,Pittsburgh,Ball State,defensive_tot,18.926425359329922,4.0,False,0,100.0,180,unobserved_2026_outcome
b240d9630859a03e53e554863d23145d43626e945705dd9d57381b7c0c816d17,2026,5184576,Drew,Collins,EDGE,EDGE,Arkansas State,South Carolina,defensive_tot,19.277025308536693,6.0,False,0,100.0,180,unobserved_2026_outcome
d76969239b480a95f6cfc9c2f0c0dde43623b7e3fb06e044dc11fa77548e3424,2026,5087303,CJ,Wesley,EDGE,EDGE,Howard,Clemson,defensive_tot,18.75189320376629,8.0,False,0,100.0,180,unobserved_2026_outcome
4976377cc0873807c416bf8ae66fcc64b678910a33ffc8027d5739a460c4c530,2026,5220808,Malaki,Ta'ase,EDGE,EDGE,Washington State,Iowa State,defensive_tot,21.62280141948328,17.0,False,0,100.0,180,unobserved_2026_outcome
36e7f4a8751312e09ef9421e5a9a24df2347ccd0124fd16734edb09020d68796,2026,4565306,Sterling,Miles,EDGE,EDGE,Eastern Michigan,UTEP,defensive_tot,22.72943704036168,34.0,False,0,100.0,180,unobserved_2026_outcome
05909505c43bba3adf48cc2217c3cfe881f9308b6bf4038984696414e9985ceb,2026,5227731,Nathan,Gonzales,EDGE,EDGE,Indiana State,Western Kentucky,defensive_tot,17.253312018111487,1.0,False,0,100.0,180,unobserved_2026_outcome
acdded6f7cd93463e86ed5d3e602fa817098248b6c5b5ec05d01d713d0019e27,2026,5125472,Zion,Taylor,EDGE,EDGE,Houston,Sam Houston,defensive_tot,13.81966950597269,,True,6,100.0,180,unobserved_2026_outcome
d3cad82b377c45917c421fcf45537630bccb311c27636d75adc9026a5922c716,2026,5130606,Kellen,Lindstrom,EDGE,EDGE,Tennessee,Missouri State,defensive_tot,17.304236853738978,2.0,False,0,100.0,180,unobserved_2026_outcome
1c98e7721c4f1dd2cefea44263806dfea988604a532986ca3764b89c56faffd9,2026,5125554,Chamberlain,Campbell,EDGE,EDGE,Toledo,UConn,defensive_tot,18.068340006534743,6.0,False,0,100.0,180,unobserved_2026_outcome
5a60ff5ceef09055358c8559315656c2bc212142a55310dd6041a4afdbf13615,2026,5225627,Caleb,Oliver,EDGE,EDGE,Wofford,Buffalo,defensive_tot,17.234397635511936,2.0,False,0,100.0,180,unobserved_2026_outcome
a7068364befc6d3b982d4628af977889f5d3008018da32ee5f9262ab82a2d762,2026,5159256,Jack,Dunkley,EDGE,EDGE,Duquesne,Wyoming,defensive_tot,17.801026512247105,4.0,False,0,100.0,180,unobserved_2026_outcome
74cf5c79ab647a90da988c0ebbab403a17637fb12ab1baf50e4aa1a658216507,2026,4904970,Javante,Mackey,LB,LB,Arkansas State,Texas State,defensive_tot,38.9345745012548,25.0,False,1,100.0,645,unobserved_2026_outcome
295137873d85c6995d870400467542176550b87dcdf29dca26199a4dde798a03,2026,5139664,Jayden,Parrish,LB,LB,Florida State,Memphis,defensive_tot,33.12683106083762,3.0,False,1,100.0,645,unobserved_2026_outcome
3c433940e746ed3a3e82b9343ca34575a3d316d1893d27e88c10013950a175f1,2026,4918441,Marcellius,Pulliam,LB,LB,Michigan State,Coastal Carolina,defensive_tot,35.48906604994407,8.0,False,1,100.0,645,unobserved_2026_outcome
e0ddf6fd7c97722cf6b11aded65b5f4af204b63d15a568d6591e1855954771ff,2026,5087172,Nathaniel,Staehling,LB,LB,North Dakota State,Michigan,defensive_tot,34.92736672790418,,True,6,100.0,645,unobserved_2026_outcome
448bce653eed56e79bc9d1673ec4e137fb89df1b6a0b945c96ab4335a8da3e12,2026,4923043,Jamal,Anderson,LB,LB,Clemson,SMU,defensive_tot,34.28883887383074,5.0,False,1,100.0,645,unobserved_2026_outcome
9af9f505a6b7f9c9502223de5077d26a701e70332c20fad9db65180532f7b3d7,2026,5218244,Gav,Holman,LB,LB,Florida State,Mississippi State,defensive_tot,36.18507728451288,3.0,False,1,100.0,645,unobserved_2026_outcome
ca2e61b56e24e2ce875c11d57ff0d2efbdaf831fd3153441ea55c0c53932fcab,2026,5070544,Andrew,Marshall,LB,LB,Eastern Michigan,Minnesota,defensive_tot,44.30244934013631,61.0,False,1,100.0,645,unobserved_2026_outcome
f780b03cd9595e32192bd2a838a2e3707bef134213b457eae1596e605ab9ce0e,2026,4432552,Darius,Snow,LB,LB,Michigan State,Texas,defensive_tot,39.861593044855695,34.0,False,1,100.0,645,unobserved_2026_outcome
1d6748b5bccde8b06813262457f334f448df169637b37b06672db748a3fbf39d,2026,5224443,Carson,Sloan,LB,LB,Samford,App State,defensive_tot,29.501983605566288,14.0,False,3,100.0,645,unobserved_2026_outcome
02e411ee24b23ee242d340e1523e28415b033e92ca981bd134411a80002fd278,2026,5224275,Josh,Anglin,LB,LB,Tulsa,Kennesaw State,defensive_tot,42.650940568425,38.0,False,1,100.0,645,unobserved_2026_outcome
8ee0689ccf6a60ce65669131319fd90ef4c3d8e43c121785d8c984240f84a5a5,2026,5219852,Dwight,Nunoo,LB,LB,Florida International,Akron,defensive_tot,28.51122075734039,6.0,False,1,100.0,645,unobserved_2026_outcome
586179025a62dc9ae93f7498d53ffccd476c065fbf582ceb10baee829487310e,2026,4683630,Corey,Platt Jr.,LB,LB,Houston,Texas Tech,defensive_tot,44.672053217699066,41.0,False,1,100.0,645,unobserved_2026_outcome
d901329103939a66a30aaaad1301e8100854d9a019baad2abb8d0ea99138ebcf,2026,5096987,Isaiah,Bogerty,LB,LB,Texas Southern,UTEP,defensive_tot,33.44963915120791,10.0,False,1,100.0,645,unobserved_2026_outcome
dbba227117362255788594050735e79ae60396ec6beef055d88c71e11e7cab05,2026,5139216,Luke,Ferrelli,LB,LB,California,Ole Miss,defensive_tot,58.59121070545804,91.0,False,0,100.0,645,unobserved_2026_outcome
6ea6301ec0a35fb3bb74a39f26fb42ebbd7323558d58586bffc2e9d051aa3cee,2026,4431608,Landyn,Watson,LB,LB,Kentucky,Kansas,defensive_tot,37.51425792941782,21.0,False,1,100.0,645,unobserved_2026_outcome
1f0cdca111512251fa81996b8cd39e4d089493fa6bc995f8c9769f25d3d54c1a,2026,5092271,Buom,Jock,LB,LB,California,Wake Forest,defensive_tot,33.92422402535799,2.0,False,1,100.0,645,unobserved_2026_outcome
bc6560f80ae490d6d5750947a73fce41eeb9d34d8d1b60e534d5d52793c9813e,2026,5152637,GianCarlo,Rufo,LB,LB,Georgetown,USC,defensive_tot,26.875989877594154,,True,7,100.0,645,unobserved_2026_outcome
8bc53fd97fd9b5c44caf72332e953d17adc6d6f4c04df64fd7cd48a3a5c938d3,2026,5224205,Braden,Sullivan,LB,LB,Eastern Kentucky,UAB,defensive_tot,34.41589412909869,12.0,False,1,100.0,645,unobserved_2026_outcome
ac811c0d34a47a88acedce5badefe14c0eb90a62f7d3b1e01f0e8002edba4165,2026,5092287,Muaaz,Byard,LB,LB,Middle Tennessee,UAB,defensive_tot,43.36277869847573,37.0,False,0,100.0,645,unobserved_2026_outcome
e56ee8945df3309d918bf09191e5653ea633158b670764b30d4aa82aaf780a29,2026,5295194,Jeremy,Naborne-Owens,LB,LB,Colorado State,Nevada,defensive_tot,31.204952959869367,35.0,False,3,100.0,645,unobserved_2026_outcome
545ae51274831e1195dda6c43900c364bb2f0ba47b7417390653465d7ca90a57,2026,5223420,Will,Hawthorne,LB,LB,Iowa State,Nebraska,defensive_tot,31.016377293180962,,True,7,100.0,645,unobserved_2026_outcome
3b20321dc5d4729ec3ac1038afccd983adef6749e471dba009300ba085184b14,2026,5125467,Sam,Robinson,LB,LB,Rutgers,South Florida,defensive_tot,36.151740975864534,12.0,False,1,100.0,645,unobserved_2026_outcome
37f25aad7a27fe6389ac50665c617a58b7c139bc36764a128335c6a2206a9763,2026,5083950,Stephen,Dean III,LB,LB,VMI,Maryland,defensive_tot,31.026281996288258,6.0,False,1,100.0,645,unobserved_2026_outcome
0ff004dba942a2ea714e1838dd924a7e33742ef6f3b8bb119b64a42339c84d03,2026,5167938,Tylan,McNichols,LB,LB,UAB,Wake Forest,defensive_tot,45.91136987563856,39.0,False,1,100.0,645,unobserved_2026_outcome
205380b7ca4c7b6dd87c046076694cc11b6564faca95d6d5bded647da6dd29a7,2026,5159147,Tyler,Martinez,LB,LB,New Mexico State,Colorado,defensive_tot,45.48414556577274,27.0,False,0,100.0,645,unobserved_2026_outcome
41f8bd516fb5c95d27e82a58a196aef44b16d6e304741e4da401669b8b61dade,2026,5159158,Rashad,Henry,LB,LB,Massachusetts,UCF,defensive_tot,40.028096785690394,51.0,False,1,100.0,645,unobserved_2026_outcome
9d1c3384e2d8adee633688cbbcf117c53b10024f43f07ce4ea2a11e27ad9ff95,2026,5381379,Ryan,Green,LB,LB,Wingate,Georgia State,defensive_tot,28.256119016123087,,True,7,100.0,645,unobserved_2026_outcome
afdd4210f25083e2ec8d39b08b1d36cdb53b3bc5936b7862a0efa6199f13be25,2026,5387620,Zach,Bergmann,LB,LB,Missouri Southern State,Buffalo,defensive_tot,28.946183585387555,,True,7,100.0,645,unobserved_2026_outcome
abd7b7d385adecb6474d7b133d0aa425c695012d4192e099cfe6bb37f235ca04,2026,4870982,Everett,Roussaw Jr.,LB,LB,Memphis,Arizona,defensive_tot,51.59111817025984,58.0,False,0,100.0,645,unobserved_2026_outcome
01b116cdfb47f75718b143077cea1785684a9906a21401fde4ff12f858348cee,2026,4899483,Sammy,Omosigho,LB,LB,Oklahoma,UCLA,defensive_tot,54.322848394518644,50.0,False,1,100.0,645,unobserved_2026_outcome
8b735c3ebe8f9c23bc15deb4cea02377ba6782d886c87754f82bca46529e3eec,2026,5141683,Mantrez,Walker,LB,LB,Colorado,UAB,defensive_tot,29.636248154652026,,True,7,100.0,645,unobserved_2026_outcome
ece281559580fe2c859278e134695acc5f64466159f13cf73d63bc87cc8a118f,2026,4922981,Rasheem,Biles,LB,LB,Pittsburgh,Texas,defensive_tot,60.35079007854632,100.0,False,0,100.0,645,unobserved_2026_outcome
7651ecedf5410029f2816474d84f7767ad2de3d3860c67390c0a996db19b3b44,2026,5081906,Gavin,Forsha,LB,LB,Tennessee State,Ball State,defensive_tot,28.256119016123087,,True,7,100.0,645,unobserved_2026_outcome
fb226ab4cb39cea5355815763dba1c03b47221098e0149c7752e239b3d6d86ad,2026,5153340,Ray,Coney,LB,LB,Tulsa,Texas A&M,defensive_tot,57.75720176140499,128.0,False,1,100.0,645,unobserved_2026_outcome
5c88bcc34f01a9ae3e6742766bc8a6e149ca5f28e8d6c78a20f3680c34650e4a,2026,5329095,Tristan,Exline,LB,LB,Texas-Permian Basin,Iowa State,defensive_tot,29.636248154652026,,True,7,100.0,645,unobserved_2026_outcome
54458f7f214163d360badcc8ed63903f3c16544d415d665ee8d33905fabdf24e,2026,5102910,Keaton,Thomas,LB,LB,Baylor,Ole Miss,defensive_tot,66.29435229989451,99.0,False,0,100.0,645,unobserved_2026_outcome
2ea2c419e0596200a597403b64b5c0a94fe1f001abd3c07ffe268aea65823c94,2026,4870682,Dee,Crayton,LB,LB,Clemson,UNLV,defensive_tot,33.20380409933756,5.0,False,1,100.0,645,unobserved_2026_outcome
45de8fef3900e6a85dc11b9eca6d173eb34aa7233c77b6a8375e63b93696cae2,2026,4685448,Kobie,McKinzie,LB,LB,Oklahoma,Northwestern,defensive_tot,37.385372690012005,32.0,False,1,100.0,645,unobserved_2026_outcome
bd59f52430eade23d7540a8092eaadc2b2ad42f63ad1875554ed6ffcf3458969,2026,5001149,Bobby,Washington Jr.,LB,LB,Miami,Missouri,defensive_tot,31.016377293180962,,True,7,100.0,645,unobserved_2026_outcome
893342e61c38bfd3b5686c37e3d00df721267e3f3511856c30d797c9b089682c,2026,5075914,Isaiah,Chisom,LB,LB,UCLA,Oklahoma State,defensive_tot,55.34053959979894,84.0,False,1,100.0,645,unobserved_2026_outcome
1b67b802e9c7def1e8898f626b840831cd22ee486fa7c56b1356800541eb9fc1,2026,5084049,Ashton,Taylor,LB,LB,Jackson State,Middle Tennessee,defensive_tot,32.40377364514351,4.0,False,1,100.0,645,unobserved_2026_outcome
f67a162f39ab3017a4bef0de3f2fb4a825923a95c7c2ad1862e226dc88619772,2026,5092199,Tate,Romney,LB,LB,Arizona State,Oklahoma State,defensive_tot,38.34850635579427,13.0,False,1,100.0,645,unobserved_2026_outcome
89eccda2c44b2cc913ae944f3ad7c51bdd156887a81b5bcde96f676cfc588f34,2026,5157395,Cam,Santee,LB,LB,Holy Cross,UNLV,defensive_tot,37.68879714328576,10.0,False,1,100.0,645,unobserved_2026_outcome
211efc2c5f3ee93f5c485b514cf63242e469768a9afdccede5960cc0710a421e,2026,4912301,Ethan,Wesloski,LB,LB,North Texas,Oklahoma State,defensive_tot,54.46562099037851,113.0,False,0,100.0,645,unobserved_2026_outcome
99f136ae4e2291aed13611e158fecb0f98a0e6309390d4ab9147cad79c74ae55,2026,5160198,Hayden,Dawahare,LB,LB,Kentucky,Kent State,defensive_tot,33.23415945609352,2.0,False,1,100.0,645,unobserved_2026_outcome
f7fdd8330d4ea708ea372f3f20e2292509d3b434bdda9f2023556ee6a2454d7a,2026,4808990,Cincear,Lewis,LB,LB,Cincinnati,Ball State,defensive_tot,34.38512732004144,10.0,False,1,100.0,645,unobserved_2026_outcome
d904f1e5d4c747cf6b13d6e34daf72114e4a43a9f65d2bcee251a1dbdefe3570,2026,5127802,Stacy,Bey,LB,LB,Arizona,Sam Houston,defensive_tot,30.326312723916494,,True,7,100.0,645,unobserved_2026_outcome
a38d45379b9a504f79e0663b90213dfe9609c89d788c3cd78b2150659c9c9934,2026,5085038,Brayshawn,Littlejohn,LB,LB,App State,Florida International,defensive_tot,36.68766208188388,32.0,False,1,100.0,645,unobserved_2026_outcome
bdcf741bd528f1e3fe16a5f2fc0a93770a92d3cec4e32df065054b9db1f3d680,2026,4611768,Jaydon,Hood,LB,LB,Michigan,Georgia State,defensive_tot,29.636248154652026,,True,7,100.0,645,unobserved_2026_outcome
d824968f5e15e73761d11f3aba79af37cb72e26efb902d98b60e09e323d6aef1,2026,5142603,Mark,Iheanachor,LB,LB,SMU,UNLV,defensive_tot,34.24029384700373,4.0,False,1,100.0,645,unobserved_2026_outcome
39caa77836ad02ec6d169b8bff73224e2c4d98527f9fd9db73f4eaec7e2a0c6e,2026,5227820,Anthony,Palano,LB,LB,Washington State,Boston College,defensive_tot,41.71041214080369,65.0,False,2,100.0,645,unobserved_2026_outcome
05632295ec8002ed126a91bdaabbc43a0796dd5fb773f27939381fb02eefaf4d,2026,5093333,Amare,Campbell,LB,LB,Penn State,Tennessee,defensive_tot,57.85973206939127,103.0,False,1,100.0,645,unobserved_2026_outcome
8d22ce42c8cbe50b02a746bb29e04b08bff9eb99020d7b820673b5dbd2f46bf3,2026,5228122,Chris,Jones,LB,LB,Southern Miss,Florida State,defensive_tot,64.72337289153619,132.0,False,0,100.0,645,unobserved_2026_outcome
9ebadc028625903fe954a232462f9185abe93e5249342627adc81a223b21b541,2026,5110496,Kamar,Mothudi,LB,LB,Oregon,California,defensive_tot,34.890479003248764,4.0,False,1,100.0,645,unobserved_2026_outcome
88d120f5c89ec4fe1d7df7a2db0a0fd4761d85d3c858c0be7dde184e79a6aaea,2026,5156390,Nate,Gregory,LB,LB,Coastal Carolina,Kent State,defensive_tot,33.23415945609352,2.0,False,1,100.0,645,unobserved_2026_outcome
c0b6014aae0f86341d4bdaace5ff2b8112f04e6a6e5556310de0ac8799a57e19,2026,4870957,DaKaari,Nelson,LB,LB,Penn State,NC State,defensive_tot,35.764845006269084,5.0,False,1,100.0,645,unobserved_2026_outcome
d10d6745e7eaffee39f6cebc0dbb5a57bb85681eeb6721568c779654dcd4387c,2026,4596666,Bryce,Steele,LB,LB,Boston College,Troy,defensive_tot,38.327517005105385,16.0,False,1,100.0,645,unobserved_2026_outcome
60a2ece922e0eef6fa471f7b6dc099a5c4f249486a3bccf516ae557dd22e7dba,2026,5227248,Kendric,Council,LB,LB,Saint Francis (PA),Massachusetts,defensive_tot,30.326312723916494,,True,7,100.0,645,unobserved_2026_outcome
4bda9adb09d4d03cb7e23d7f14c019edac01377e645c797718e9dffe95473606,2026,5229444,TJ,Dottery,LB,LB,Ole Miss,LSU,defensive_tot,62.9530345655895,98.0,False,1,100.0,645,unobserved_2026_outcome
d4ec7f39f7abb7b2a9f83970b2dcfd79567c961d0fed14c26310b6de7705faa3,2026,4702789,Justin,Medlock,LB,LB,SMU,Boston College,defensive_tot,40.68931778426129,25.0,False,0,100.0,645,unobserved_2026_outcome
0f5461c4177764a3e1d58254bd9ff67df7d7a5bec76648bc581ff0e662db3524,2026,5082673,Austin,Harnetiaux,LB,LB,Nevada,Rice,defensive_tot,45.635179467012264,37.0,False,1,100.0,645,unobserved_2026_outcome
d1d9b6b647018e631ee5238d758fd108a3213acaaca2bc6f6d25f5bfa9e834c6,2026,4685379,Sione,Hala,LB,LB,Weber State,San Diego State,defensive_tot,35.444339457889015,7.0,False,0,100.0,645,unobserved_2026_outcome
29d16312694fab585787a0ba1a205ecd385c90f7bc3c665c91342954ae6df7d1,2026,5154283,Dallas,Winner-Johnson,LB,LB,Tulane,Oklahoma State,defensive_tot,34.114456885937734,5.0,False,1,100.0,645,unobserved_2026_outcome
dd9259a5170836705ac0249ae9293f2e592c22289e1a85e353049bbb850c334f,2026,4808997,Mekhi,Mason,LB,LB,Louisiana Tech,Kansas State,defensive_tot,46.82320324648319,62.0,False,1,100.0,645,unobserved_2026_outcome
2eef33da1f22845e72c660663eef2544ff54d540e381940eb4b47633e14ffff8,2026,5141736,Christian,Thatcher,LB,LB,Utah,Memphis,defensive_tot,30.326312723916494,,True,7,100.0,645,unobserved_2026_outcome
ca4a27c162bfc7509cd810ae73773b929c95452f3dd0aa27e11f1f15090d8d05,2026,4832790,Garrison,Madden,LB,LB,USC,Western Kentucky,defensive_tot,33.75577346428888,4.0,False,1,100.0,645,unobserved_2026_outcome
97333579ca27032eb70c832f8d32bbd39c6ca6a3b3e33916cbcff8ed3f30d5e4,2026,5300273,Carsen,Burckhardt,LB,LB,Valparaiso,Ball State,defensive_tot,26.875989877594154,,True,7,100.0,645,unobserved_2026_outcome
ab0e23b2cdadc4a252ae4b8a2483bbf15a49b1542df72f93da6b89494e500c25,2026,5083535,Nakian,Jackson,LB,LB,Nevada,James Madison,defensive_tot,46.23378458570627,51.0,False,0,100.0,645,unobserved_2026_outcome
249f085f794c52d5d49a923f8fd47a81befc7e2420789fcc7efa49c60abdd38c,2026,5225441,Ramere,Davis,LB,LB,Northern Arizona,Arizona State,defensive_tot,34.25007130537209,9.0,False,1,100.0,645,unobserved_2026_outcome
7a5f3b791ee72db6c332078c0e4b6b7cc0f395a244f5ac342bb2daf03906da9e,2026,5147187,Joshua,Ofor,LB,LB,NC State,Arkansas State,defensive_tot,31.016377293180962,,True,7,100.0,645,unobserved_2026_outcome
9b6548f88bf0c3818911bacc32a39fa341c7430e06b5d6a2f40961c3df711ccb,2026,4870235,Jake,Clifton,LB,LB,Kansas State,BYU,defensive_tot,30.326312723916494,,True,7,100.0,645,unobserved_2026_outcome
a645b1682366292eded091db67fc180b2b019482a5473f38c1e3de13f971ef5d,2026,5193652,Geajorm,Akpaloo,LB,LB,Coastal Carolina,Western Kentucky,defensive_tot,31.461556326355105,13.0,False,3,100.0,645,unobserved_2026_outcome
db3a085be6717820cac5a740be0375fd8dd6a0a9a7c2c508ac1d2c9f874ed1eb,2026,5161172,Andrew,Martin,LB,LB,Stetson,Southern Miss,defensive_tot,29.636248154652026,,True,7,100.0,645,unobserved_2026_outcome
d4182ec14376c4a49fb8bd95c3505ad8d7ce1b44dcbce7994f1026a50a76a518,2026,5390279,JT,Hooten,LB,LB,West Alabama,James Madison,defensive_tot,29.636248154652026,,True,7,100.0,645,unobserved_2026_outcome
dd798cf57aaa14ff261db7922fe472aa2cb008312176254a0aefc2161f6a351c,2026,5225883,TJ,Smith,LB,LB,Houston Christian,Texas A&M,defensive_tot,33.786128821044834,1.0,False,1,100.0,645,unobserved_2026_outcome
f8c61671c6900fba45e33d8b99ee96c5a1cf25e50577c2ddab7c801ee1dcecd5,2026,4954453,Cade,Uluave,LB,LB,California,BYU,defensive_tot,60.85830636739787,97.0,False,1,100.0,645,unobserved_2026_outcome
107291e463d653ea6e6ebf615005842c5baabae5e375d793c21f87ec96a3a8df,2026,5225779,Lathan,Croley,LB,LB,Holy Cross,James Madison,defensive_tot,34.7990014806796,8.0,False,1,100.0,645,unobserved_2026_outcome
2940eec31e8c39fb6224c443c77760abc8b963424eaf7a9868f23e9fa4b4a82c,2026,4916954,Jibreel,Al-Amin,LB,LB,Marshall,Kansas,defensive_tot,42.44007870629847,51.0,False,1,100.0,645,unobserved_2026_outcome
63adf661c730b34083775da48040deb354f214b3a580a36bce95e3036e48943c,2026,4812373,TJ,Bullard,LB,LB,UCF,Florida,defensive_tot,33.099029965192315,2.0,False,1,100.0,645,unobserved_2026_outcome
870383f9248d07ab93e7e827b3ec5b09b132e108007cda93fbe0266757c36fb6,2026,4880603,Tim,Thomas,LB,LB,Fresno State,Sacramento State,defensive_tot,32.40641113481719,6.0,False,1,100.0,645,unobserved_2026_outcome
d9fbe377ae4183bfd434178a94ccb69946ffcc724062ac3731a7cc0f58db95d7,2026,4878106,Max,Alford,LB,LB,BYU,Michigan,defensive_tot,37.55413734243726,21.0,False,1,100.0,645,unobserved_2026_outcome
7e3198cf99de3b0eaac0da5be4c98678fdc6646941d51d7a69363d9546ddae12,2026,5220224,Seidrion,Langston,LB,LB,UL Monroe,South Alabama,defensive_tot,42.36143830974216,36.0,False,1,100.0,645,unobserved_2026_outcome
c49ebfd60bb9eeb7483985a296647e1d0f39aa488053d552d6b2a7262058cee1,2026,5151284,Ty,Morris,LB,LB,Rice,Rutgers,defensive_tot,50.92400926531607,79.0,False,1,100.0,645,unobserved_2026_outcome
a8a73aa010064299880a5d9ee3daa51520bb6ba93cbd52a315d69e4ef4e5f745,2026,5148883,Michael,Matthews-Canty,LB,LB,Hampton,Auburn,defensive_tot,30.326312723916494,,True,7,100.0,645,unobserved_2026_outcome
b076e399cfadad2126b182ae36214437e23dbff550c4858cfc4e7627abb63664,2026,4927787,Chantz,Johnson,LB,LB,Texas State,North Texas,defensive_tot,34.305443315635955,7.0,False,1,100.0,645,unobserved_2026_outcome
19a2a787a76fb8a257f17098609dd768897e01452785bd08f4fe6be4326f0d0f,2026,4592781,Luke,Murphy,LB,LB,Coastal Carolina,UConn,defensive_tot,44.17122035076568,36.0,False,1,100.0,645,unobserved_2026_outcome
b25fdcabe79644b5c813baeab3060f53c2a56364965457243b0800e8a50f0d29,2026,5226926,Alfred,Thomas,LB,LB,Towson,Kennesaw State,defensive_tot,33.617678259975726,3.0,False,1,100.0,645,unobserved_2026_outcome
749eb942feddb8b2297ea24000c56ecc3de57fbf5921945e04a98489d1c24fed,2026,4875604,Phoenix,Jackson,LB,LB,Baylor,Arkansas,defensive_tot,35.59032103088159,9.0,False,1,100.0,645,unobserved_2026_outcome
fbb5f94ffe98c40f8ec8f7f77d24d1341f39c261ef84b6b97af557926cda8c87,2026,5227117,Quan,Rhodes-McKee,LB,LB,Duquesne,Kent State,defensive_tot,32.62444509104225,10.0,False,1,100.0,645,unobserved_2026_outcome
97f491e589aa4c000821c6d4a9186c488e566f75fca118ae2073a0c895498c2c,2026,5219133,Owen,Long,LB,LB,Colorado State,Arizona State,defensive_tot,78.43999108367072,148.0,False,1,100.0,645,unobserved_2026_outcome
10b1d39d1a239d1db8e8795fee1ad31c4c5beb84cb87b8f58da3743f3a1b603f,2026,5301264,Andrew,Hamad,LB,LB,Albany,Marshall,defensive_tot,24.872056180054596,,True,9,100.0,645,unobserved_2026_outcome
c836d32cf47eb5e132dbc312fa9e9e51fcc1cc099e3a91e12151966303220db7,2026,5229505,Jonathan,Goins,LB,LB,Alabama A&M,Bowling Green,defensive_tot,26.875989877594154,,True,7,100.0,645,unobserved_2026_outcome
51c4eaad973dd468ab6ed53380fbfacddb05e93074058022204651850d7e921b,2026,5154004,Jason,Hall,LB,LB,Villanova,West Virginia,defensive_tot,35.838868394059006,13.0,False,1,100.0,645,unobserved_2026_outcome
76b2bfcaff7bf66d6e53c00f9ba257816325dab64b09948ca2070a8fe6d6ff7c,2026,5146686,Cael,Brezina,LB,LB,Iowa State,Penn State,defensive_tot,40.38691027287956,29.0,False,1,100.0,645,unobserved_2026_outcome
13a5f35deffe526c89ca86dd162f3f2fa6e79240c0a09a5014435c5d6cdad999,2026,4832831,Keon,Wylie,LB,LB,Penn State,Virginia Tech,defensive_tot,39.63788240931317,28.0,False,1,100.0,645,unobserved_2026_outcome
30f7fb2bcab19e32a31fdd051f028dd642ba40d7a9b5ab88d762bbe9b7128fc1,2026,5249499,AJ,Tuitele,LB,LB,USC,California,defensive_tot,34.23076979074025,1.0,False,1,100.0,645,unobserved_2026_outcome
c5353cc1daa4cfd35e337e6e5358c0c9598a2e6a0e3c44bfe3d9f5cdf8b5a965,2026,4812380,Kam,Moore,LB,LB,UCF,Arkansas State,defensive_tot,32.621067925329,4.0,False,1,100.0,645,unobserved_2026_outcome
9abdd309907b047c8301fd5de788d30567d36887db1138b80e54887caa781c34,2026,5157400,Drew,Spinogatti,LB,LB,James Madison,UCLA,defensive_tot,40.68535112520132,51.0,False,1,100.0,645,unobserved_2026_outcome
611bc5801bff256c5dc4e3fd08aebde8a807b9d77e07adf2b17c3bda536133d1,2026,4879816,Rashon,Myles Jr.,LB,LB,Abilene Christian,Georgia Southern,defensive_tot,39.10515900656292,18.0,False,0,100.0,645,unobserved_2026_outcome
1b29274a64e4a5e057001ea3c2eda6eff63a50dc3052eae3cd878a1bfffd28c7,2026,5084414,John,Lista,LB,LB,Pennsylvania,UConn,defensive_tot,26.875989877594154,,True,7,100.0,645,unobserved_2026_outcome
08460ee70d3c227ec949ccb29d06d0e6c5852bf203299034771c6ea6cfdb9a88,2026,4713312,Princeton,Malbrue,LB,LB,LSU,Louisiana,defensive_tot,32.23754912144679,3.0,False,1,100.0,645,unobserved_2026_outcome
ba9cc27b6ef783e1fa8b68f78f6c3c5ac5aa953faf5cde648e964da8a72010aa,2026,5083468,Joey,Cheshire,LB,LB,Cornell,Buffalo,defensive_tot,29.636248154652026,,True,7,100.0,645,unobserved_2026_outcome
ba8c7466c124b8307a469a9c548d56989b3e83fea0b92204635bbd6606fea7de,2026,5146110,Jon Jon,Kamara,LB,LB,Kansas,Wisconsin,defensive_tot,34.153484041026054,13.0,False,1,100.0,645,unobserved_2026_outcome
58c0560e1eb6ef41cea1670792f644d25f6cfe676f5b8ee1d1af3a1787d1b8b5,2026,4683224,Derek,McDonald,LB,LB,Syracuse,North Carolina,defensive_tot,34.5228110720533,6.0,False,1,100.0,645,unobserved_2026_outcome
d39a83d09d55df038fe693e3c83d59d1627088434e1d758c384d0230b52229df,2026,5295181,Markus,Boswell,LB,LB,Akron,Texas,defensive_tot,39.29759609185978,19.0,False,0,100.0,645,unobserved_2026_outcome
77cf2da272d0c60c03a7eb23a2d99c4d6b34a46d1b985ee73915de9a1504bd4b,2026,5154324,Jojo,Hayden,LB,LB,Illinois,Purdue,defensive_tot,39.603268223309925,25.0,False,1,100.0,645,unobserved_2026_outcome
b336e067f5bbd0e109997b3d9b3aa62049dc6429388023280b85a5ee06b5c25f,2026,5141745,Tavion,Wallace,LB,LB,Arkansas,Kentucky,defensive_tot,35.30435316388693,2.0,False,1,100.0,645,unobserved_2026_outcome
4ab9c3c961093221145e63e511c3e17d5bf849f370f9aa2473ad89c004d7f5a5,2026,4710019,Dalton,Hughes,LB,LB,South Alabama,Tulane,defensive_tot,38.1464367306434,40.0,False,1,100.0,645,unobserved_2026_outcome
9a79c6db8de0def2434ae203e35ac20ac3331b5f295889080374a9a532a12132,2026,4870659,Tackett,Curtis,LB,LB,Wisconsin,UCF,defensive_tot,41.27264621841682,25.0,False,1,100.0,645,unobserved_2026_outcome
ec2a304e7dc09c36d69f39823a89016270c8acdacc0a651c2b864ce18cc39bd6,2026,5225939,Sanders,Ellis,LB,LB,Purdue,Bowling Green,defensive_tot,29.41338911802395,7.0,False,3,100.0,645,unobserved_2026_outcome
358e83601456f9366b72de885f50521aab5958c01697858b7d55bad1730f9c95,2026,5081877,Caleb,Bacon,LB,LB,Iowa State,Penn State,defensive_tot,51.326646108192186,68.0,False,1,100.0,645,unobserved_2026_outcome
aa8e6d19185012bda9e344d131ff93da0d1d5870db2861c854389b339eecf42e,2026,4870862,Liona,Lefau,LB,LB,Texas,Colorado,defensive_tot,57.15556256602948,68.0,False,1,100.0,645,unobserved_2026_outcome
90d47c5f43fd24a059c90d593f9bfac0405d4b7d84d3f6070097ec0ab37fe1cc,2026,4838522,Stevie,Bracey,LB,LB,Virginia,Buffalo,defensive_tot,28.946183585387555,,True,7,100.0,645,unobserved_2026_outcome
bd4a5e35bd45c02fdf74ec7cb2fdd7d19970c66dfefe308138a1d10f559947e8,2026,4837215,Joseph,Sipp Jr.,LB,LB,Kansas,Florida Atlantic,defensive_tot,28.973796584244685,3.0,False,2,100.0,645,unobserved_2026_outcome
cbeb095996b7184c4544ac3bcf12ce61489d504a9d440dbd36305bfc42a8fe30,2026,5225948,Caden,Marshall,LB,LB,Bowling Green,SMU,defensive_tot,42.920932159120404,37.0,False,1,100.0,645,unobserved_2026_outcome
2579bbb03ab4d958ecfd6300480fca4979665028d4485f54916dc287ec2d878e,2026,4683154,Mikai,Gbayor,LB,LB,North Carolina,Florida State,defensive_tot,45.376731451357,36.0,False,1,100.0,645,unobserved_2026_outcome
d4ecf2f26ef3caf637b5e0335336fe0a0aa35a05f74670f86f5b62366187a43c,2026,5225023,Keith,Williams Jr.,LB,LB,Cornell,North Dakota State,defensive_tot,24.872056180054596,,True,9,100.0,645,unobserved_2026_outcome
efea9c4819992b17e3cb97a7c5f9cd5d7d2e06e245ebcf1b6f92a0fc359586be,2026,5085348,Jordan,Sample,LB,LB,Arkansas State,Texas State,defensive_tot,33.20380409933756,5.0,False,1,100.0,645,unobserved_2026_outcome
4545d9139ec31a288cba76b8ecbb1a948c8b4ea049e95dcdaef3f8b0c948e8e6,2026,5397623,Kevin,Henderson,LB,LB,Findlay,App State,defensive_tot,29.636248154652026,,True,7,100.0,645,unobserved_2026_outcome
824b3b2f75cf849b5ad3d4204a948b0f3858ba9ca0aeb6926bab4795e4202625,2026,5332642,Jack,Puckett,LB,LB,Central Oklahoma,Oklahoma State,defensive_tot,30.326312723916494,,True,7,100.0,645,unobserved_2026_outcome
e441c1625c640667edbfce146951d0d15c21a9d28c7699f7b93d85f4481ed3a0,2026,5135202,Tristan,Jernigan,LB,LB,Texas A&M,California,defensive_tot,34.727548416702255,3.0,False,1,100.0,645,unobserved_2026_outcome
556a66783bc2f553febfdeccc2c7eaa3c200e1a7586e055e567b2b42c4f26027,2026,5195950,Brenden,Anes,LB,LB,Tennessee,Western Michigan,defensive_tot,29.24998699287099,5.0,False,2,100.0,645,unobserved_2026_outcome
11859fbe2b0d6eccee6db657ad83ae6c4783860eb121beb05d86fa0456c85b34,2026,5161633,Cade,Law,LB,LB,Memphis,East Carolina,defensive_tot,27.566054446858622,,True,7,100.0,645,unobserved_2026_outcome
e6790f45acabd6629af12dd5a0f70393cdf039ea022a8700171ea61d30d62962,2026,5132627,Crews,Law,LB,LB,Memphis,East Carolina,defensive_tot,40.06153592389912,23.0,False,1,100.0,645,unobserved_2026_outcome
e3ac65b8daca56f68b4e75f6c00840aef28913039677167b8029e95a81b2340a,2026,5265472,Khari,Bendolph,LB,LB,Jacksonville State,Massachusetts,defensive_tot,35.94996934462752,16.0,False,1,100.0,645,unobserved_2026_outcome
fa063c0ce5692ca1599424da57aac688a7bb3cb3abdb3a84d3446dec08ba5a15,2026,5231325,Cedric,Roberts,LB,LB,Alcorn State,North Texas,defensive_tot,29.894457596775762,3.0,False,1,100.0,645,unobserved_2026_outcome
44f0cfc89b400976f5b3358931ec8e2b617d435bfb2a510401d998fb3a6b5812,2026,4918434,Justin,Cryer,LB,LB,Florida State,Texas,defensive_tot,39.11012233478905,43.0,False,1,100.0,645,unobserved_2026_outcome
59dd76071226a1565a2fbf34da45db58ab4b07f01531b5787c4b909e7df2d6d7,2026,5157335,Melvin,Spriggs,LB,LB,Akron,Southern Miss,defensive_tot,39.13751454309015,45.0,False,1,100.0,645,unobserved_2026_outcome
57b3ae7b94bf9bc6f1934aab64d65a67259e1e2ddea452da544033f6a6460ce5,2026,5216048,Terris,Dudley,LB,LB,NC State,UConn,defensive_tot,24.99236647892098,,True,8,100.0,645,unobserved_2026_outcome
0126b6971efb608bc71a338223362eadc79c7a7de00ab98236a29ea11b68ca0d,2026,5294648,Montrell,Chapman,LB,LB,Mississippi State,Old Dominion,defensive_tot,32.16057608294684,1.0,False,1,100.0,645,unobserved_2026_outcome
ee784e1cb5dffe53d2e014cd048d0c58bfb73590eb3b15ca4d14849768f92340,2026,5146681,Eze,Osondu,LB,LB,California,UTSA,defensive_tot,29.142658597615085,6.0,False,2,100.0,645,unobserved_2026_outcome
06f026470033128e0ebb1c1e55d4fbf730c1ace9801ea9a602e0b23847eae8f7,2026,5394480,Cameron,Cooper,LB,LB,Western Colorado,San Diego State,defensive_tot,30.326312723916494,,True,7,100.0,645,unobserved_2026_outcome
dbdc9064a646a4853601012d026020e08ae4b83a77c0b577c72e0f1a9599aa44,2026,5144965,Cole,Sullivan,LB,LB,Michigan,Oklahoma,defensive_tot,51.11633573649069,44.0,False,0,100.0,645,unobserved_2026_outcome
e1e26abb87d089fa0b5e8852b0d54aef2965796c422920167b2d052ea3075dce,2026,5153818,Ja’Bari,Odoemenem,LB,LB,Duquesne,Oregon State,defensive_tot,37.44743633738482,4.0,False,0,100.0,645,unobserved_2026_outcome
4c4192c2a8f75d6efc39dc38ae0f4fa169ebcf8150349a241e1a092b338d5c6e,2026,5120968,Christian,Alliegro,LB,LB,Wisconsin,Ohio State,defensive_tot,47.7664443333829,48.0,False,1,100.0,645,unobserved_2026_outcome
720484a4ec244630892b8c08bc8a6da1ffc0c98052439f514945c443cc3e72bb,2026,5220131,K'Von,Sherman,LB,LB,Toledo,UConn,defensive_tot,48.51004722265554,93.0,False,1,100.0,645,unobserved_2026_outcome
9a780374dc9f88f0201bc80c172f6fc8dfe6e43c0420af8b4bfea6edc9e147ca,2026,5078256,DeMarco,Ward,LB,LB,Memphis,Pittsburgh,defensive_tot,48.91905329187702,50.0,False,0,100.0,645,unobserved_2026_outcome
1a38d54683292becdedadbf1dec70f7c087ccfbb3ec8d2228d1ff1865ecd1d41,2026,5092238,Chris,D'Appolonia,LB,LB,Toledo,Syracuse,defensive_tot,52.600337603695294,59.0,False,1,100.0,645,unobserved_2026_outcome
add56eb503c3f566fbcf93611641c424592b0c31937b234a4197c39059a622da,2026,4923048,Deven,Bryant,LB,LB,Washington,USC,defensive_tot,55.78745064849781,62.0,False,1,100.0,645,unobserved_2026_outcome
268eefa94fb15a15abbd5b825992f74a14ae60bfd005dedb19d3dd3693a7115f,2026,5149176,Clay,Martineau,LB,LB,Boise State,New Mexico,defensive_tot,33.405575730574576,1.0,False,1,100.0,645,unobserved_2026_outcome
6f831bf8748d2f93fbb6f6f8046ae5a0f04db13cacd450563dcc36a640f6c9dd,2026,4685604,Robert,Woodyard Jr.,LB,LB,Auburn,Missouri,defensive_tot,50.0264667560286,67.0,False,1,100.0,645,unobserved_2026_outcome
29715256210509e3649d9c65725bf5891342e23095752f4377815acd2eddd821,2026,5084891,Austin,Romaine,LB,LB,Kansas State,Texas Tech,defensive_tot,48.088989509393556,66.0,False,0,100.0,645,unobserved_2026_outcome
523cdae6b8065e1c8e75e4eb85b423183e4defd2f13835c90819853e3c89c89c,2026,5167172,Jovan,Clark,LB,LB,Washington State,Ball State,defensive_tot,24.99236647892098,,True,8,100.0,645,unobserved_2026_outcome
f16f7f1b70fcbe181b89f81d4e80d914f9c8f8623b587f3f857050dccbaf2721,2026,4495746,Christian,Pierce,LB,LB,Michigan,Michigan,defensive_tot,24.99236647892098,,True,8,100.0,645,unobserved_2026_outcome
b0db7bde081ed02a55fcb600ad1efd59a2f1f580e478adc67d5472c43694c69d,2026,4870828,Grayson,Howard,LB,LB,Florida,South Florida,defensive_tot,35.38132620238687,4.0,False,1,100.0,645,unobserved_2026_outcome
93e990b498541286c8ce32bd69c97b5a688687a6ba5f225f47fbd3c2ece128f6,2026,4917983,Alex,Sanford Jr.,LB,LB,Purdue,Pittsburgh,defensive_tot,45.73298463022616,47.0,False,1,100.0,645,unobserved_2026_outcome
3cb306457bb296d89a0774fe9de1b44beb87ef1ab1b73bd6d5d124029c5d01fd,2026,5086143,Ben,Bogle,LB,LB,West Virginia,Arkansas,defensive_tot,40.754072224086734,37.0,False,1,100.0,645,unobserved_2026_outcome
68dcdc0b4ccd53057a6caa9ad7371e7159436fd33f6df61c3a48aeb15a5597f2,2026,5142694,Tah'j,Butler,LB,LB,Georgia Tech,Ole Miss,defensive_tot,48.026693969596096,34.0,False,0,100.0,645,unobserved_2026_outcome
2f40a460f7759441274064db477ca6829d30514cfe26ba4c62c75a919d80e3bf,2026,5158882,Robert,Edmonson,LB,LB,Colorado State,Illinois,defensive_tot,40.28933020443266,47.0,False,1,100.0,645,unobserved_2026_outcome
3e39d3815d987fd4373969a67334b7e01ee471c5a7ecaf86dd62f7eb798f7622,2026,4954509,Caleb,Woodson,LB,LB,Virginia Tech,Alabama,defensive_tot,48.17603868937704,57.0,False,1,100.0,645,unobserved_2026_outcome
1245a19a872bf8459600edcf8e5e3a0c12e0aa11caec17ad1c18e01bd43468a2,2026,4921290,Owen,Chambliss,LB,LB,San Diego State,Nebraska,defensive_tot,62.47303586129549,90.0,False,0,100.0,645,unobserved_2026_outcome
d45fc2dad46c9dcacc256c34f5130046d79d4dd29c4625dba659bd3be93a6314,2026,5141658,Anthony,Sacca,LB,LB,Notre Dame,UCLA,defensive_tot,31.016377293180962,,True,7,100.0,645,unobserved_2026_outcome
a844dfb169045d46e1a11af492d831854991c9ffb51ae89518cbd09b42fb3445,2026,5147692,Damaine,Wilson,LB,LB,Georgia State,Cincinnati,defensive_tot,41.183126517891566,11.0,False,1,100.0,645,unobserved_2026_outcome
5a78f42f038431497e0e0f2fcae0053c974e4ef79fd83c5b118b4240e219e03d,2026,5077204,Michael,Short,LB,LB,Virginia Tech,TCU,defensive_tot,39.0196830323512,22.0,False,1,100.0,645,unobserved_2026_outcome
14f1b9cd6e28d2d9107cb99a84abc19b831b6efc887cf49d8638ef53e7b508d4,2026,5079456,Kari,Jackson,LB,LB,Penn State,Toledo,defensive_tot,30.326312723916494,,True,7,100.0,645,unobserved_2026_outcome
bf4b770ee4905c00a0f2d8d04218deb496f1c3c8bdd4f8fb12d8814e10e816be,2026,5296819,JaMair,Diaz,LB,LB,Sam Houston,Temple,defensive_tot,29.051015819447606,14.0,False,3,100.0,645,unobserved_2026_outcome
bf0260429627fc79deb9afb2e2160f5b07f37ef98598051d711baff803ae276b,2026,5076123,Kooper,Ebel,LB,LB,Iowa State,Penn State,defensive_tot,50.64052028762078,77.0,False,1,100.0,645,unobserved_2026_outcome
03347954fe60c0128ac40b1f8585660e7cf0540fa99c6fbf403dd72458a0b6a8,2026,5264502,Sullivan,Schlimgen,LB,LB,Washington State,Iowa State,defensive_tot,44.19087735411356,49.0,False,1,100.0,645,unobserved_2026_outcome
5c0033d2ce98c8a7b29b74e6128a97eb8a2540725647b49b87a7091d41cd3ea0,2026,4896290,Aisea,Moa,LB,LB,Michigan State,Michigan,defensive_tot,35.85185025064381,12.0,False,1,100.0,645,unobserved_2026_outcome
aca3c56db702ab926d4bb9805321282204e743e3e70e6ed183b9cbeaf44bf214,2026,5147933,Rickey,Williams,LB,LB,Toledo,UConn,defensive_tot,38.072315947167965,11.0,False,1,100.0,645,unobserved_2026_outcome
68f9fc30ec3ed0e16c7411a8c18d9ac6eec24f0c8297cc00d43f2e764118666d,2026,5142590,Elijah,Barnes,LB,LB,Texas,Kentucky,defensive_tot,37.727925621946596,4.0,False,1,100.0,645,unobserved_2026_outcome
c684a729e34c494db5797344211492b584e325d0d49c1bc667d640098a0c4171,2026,5145739,Isaiah,Patterson,LB,LB,UNLV,West Virginia,defensive_tot,45.83341792611667,46.0,False,1,100.0,645,unobserved_2026_outcome
8cc5d2704f39387034167c289e273245bf3b99d23816f8d74763efa89809e05f,2026,5152786,Michael,Montgomery,LB,LB,Southern Miss,Memphis,defensive_tot,58.35471971027135,106.0,False,0,100.0,645,unobserved_2026_outcome
0f590ec04c14132afc7cda693e7e23c6facb31b21f3d17e10f22321e7fe7d5cb,2026,5229951,Aizik,Mahuka,LB,LB,Weber State,San José State,defensive_tot,29.050374233145263,7.0,False,2,100.0,645,unobserved_2026_outcome
74bc6a2fe502b24faf2a34d9530d27e2c8d0e6a2f09306f4c5778f94db0517b8,2026,5227212,Ja'Quavion,Smith,LB,LB,Howard,Arkansas,defensive_tot,34.553166428809256,3.0,False,1,100.0,645,unobserved_2026_outcome
c552c57abe72bb37d0a344d451fd167617e791ddef032f20efb66687eaa2348a,2026,5164566,Joshua,Iseah,LB,LB,North Carolina A&T,Massachusetts,defensive_tot,35.284545467418766,2.0,False,0,100.0,645,unobserved_2026_outcome
7203b0ca561a6c5d559beca40417064d05518cc0dd265388c0d4f2d30bc6a715,2026,4869121,Caleb,Wheatland,LB,LB,Auburn,Michigan State,defensive_tot,33.786128821044834,1.0,False,1,100.0,645,unobserved_2026_outcome
18bdb73e64c23c157a1e6d0481c00eea09b47d734c9cbbba9c69d5687e6974c1,2026,5151511,Filip,Maciorowski,LB,LB,Northern Illinois,Cincinnati,defensive_tot,53.04672669097621,76.0,False,1,100.0,645,unobserved_2026_outcome
f93508514154e6b6a23fa0b7d9dfdfa7049b9f841e74fb36fcdab15d04562e22,2026,5148359,Nylan,Brown,LB,LB,Kent State,Washington State,defensive_tot,39.23031982661783,37.0,False,1,100.0,645,unobserved_2026_outcome
86683ac006d51c0af25521531c5492a92677ac575f0c7c68aba60f7243fa0c1e,2026,4839483,Zakye,Barker,LB,LB,SMU,North Texas,defensive_tot,41.50895721402369,27.0,False,1,100.0,645,unobserved_2026_outcome
9f37f3e55f37abb0fd23554c7f7f5a4e72c970558edb04cf5f5afb90f1c99431,2026,5226835,Peyton,Seelmann,LB,LB,Richmond,North Carolina,defensive_tot,36.01515430410884,9.0,False,0,100.0,645,unobserved_2026_outcome
94ca3a3cf794f989e53b7455563bc5fe402498a7306dfedf266c6afa27eb1db3,2026,4870767,James,Heard Jr.,LB,LB,Syracuse,Mississippi State,defensive_tot,36.8880117745717,12.0,False,1,100.0,645,unobserved_2026_outcome
5b9db4805ee7f89bb538ff64ce6ace6f1749bc6bb685139d3a9e873b7f0aa84b,2026,4685595,Jaron,Willis,LB,LB,South Carolina,Kansas,defensive_tot,35.59639444519998,7.0,False,1,100.0,645,unobserved_2026_outcome
f34dbafa7cf0de0bd68b6dd3e2f5563e518433d568be2a7e4b33bd8325218d04,2026,5079725,Anthony,Speca,LB,LB,Penn State,Purdue,defensive_tot,34.722028442179656,6.0,False,1,100.0,645,unobserved_2026_outcome
d3ca535c6fdb86826918d8dd99b328acb5e088e4ef05a24bad5ab9518ad9242a,2026,5092668,Hudson,Miller,LB,LB,Toledo,Purdue,defensive_tot,34.24070529930502,9.0,False,1,100.0,645,unobserved_2026_outcome
5e74d70fa53e87d90b42b70a5286f497b334778b8db92fe103a73f528dd8667d,2026,5120485,Quincy,Davis,LB,LB,New Mexico State,Kansas,defensive_tot,43.298218249009494,43.0,False,1,100.0,645,unobserved_2026_outcome
ead47b1b086970171f8480e458de210d43b062cad798aa9959d8383d9f81b87e,2026,4870681,Dion,Crawford,LB,LB,Buffalo,Michigan State,defensive_tot,46.99556062050245,79.0,False,1,100.0,645,unobserved_2026_outcome
6f6e9894525e5290b4e8545208f833819c5eb7799b7c79d93848a8730c52f967,2026,5081377,Tyler,Stolsky,LB,LB,Florida Atlantic,West Virginia,defensive_tot,56.80462681046109,86.0,False,1,100.0,645,unobserved_2026_outcome
b54dda4635ae96178a2123ed20878bc4fabc00cc09263272b053a4a7b78f77a5,2026,4683149,Ben,Perry,LB,LB,UCLA,Louisville,defensive_tot,30.326312723916494,,True,7,100.0,645,unobserved_2026_outcome
61789f3a0f322c6e15424c0bd5b5044165f18b74a7386c0df1b166477e8eb6d8,2026,4868405,Malachi,Hood,LB,LB,Illinois,West Virginia,defensive_tot,47.197256003432294,44.0,False,1,100.0,645,unobserved_2026_outcome
a03bafc83538040fddd282f4416c04ddbdaa9af79d2a9305f3b671213e7b216f,2026,5167190,JJ,Shelton,LB,LB,Arkansas,Baylor,defensive_tot,36.716215348971716,8.0,False,1,100.0,645,unobserved_2026_outcome
ad266e5eb87c1a55b0f87b8177ee0873e50a9de0f8c6e6d68c3a442e3da1c3c3,2026,5295917,Keshawn,Thomas,LB,LB,Old Dominion,App State,defensive_tot,39.82494217285884,37.0,False,1,100.0,645,unobserved_2026_outcome
83d8184795645eb79b141414d168ab1d7a9932200fa89a7f14b57b3027c34cb8,2026,5092328,Jahleel,Culbreath,LB,LB,Old Dominion,UCF,defensive_tot,42.473311885975555,71.0,False,1,100.0,645,unobserved_2026_outcome
bd7df70503678ca4b0fc0b9ac72b881949f111d843a19efb7029bfc8e404429b,2026,4923038,Logan,Brantley,LB,LB,Kansas,Boise State,defensive_tot,34.28787520128923,7.0,False,1,100.0,645,unobserved_2026_outcome
eded89b66abec3116948586025429922b2736a15cac865e9ff96c46885dbb75b,2026,5194656,Miller,Malone,LB,LB,Western Kentucky,Houston,defensive_tot,41.33303886041117,37.0,False,1,100.0,645,unobserved_2026_outcome
38b737c967d367c66b55b49ae467370d1237835d1124a2ddc95a4b8e999bf23d,2026,5295339,Kyle,Ferm,LB,LB,SMU,Liberty,defensive_tot,32.4059996825159,1.0,False,1,100.0,645,unobserved_2026_outcome
6924ca2084c62a40acb0f4df0ba8024a23e4e3b302c1cea4ad205a6f6e0f14ae,2026,4871038,Jordan,Thompson,LB,LB,Western Carolina,Coastal Carolina,defensive_tot,34.17261333833899,3.0,False,1,100.0,645,unobserved_2026_outcome
a48f8ef5897c5adc2d4f316c9cf68ee2041320cf077e66377317412e0fc9787f,2026,5168724,Patrick,Bauer,LB,LB,Illinois State,Cincinnati,defensive_tot,42.59778448240976,23.0,False,0,100.0,645,unobserved_2026_outcome
9c0478715ba7799f4ae26ff58fcbe6fad1321d54376a7834cf42805091753f43,2026,5092546,Jaden,Yates,LB,LB,Ole Miss,Houston,defensive_tot,44.996233742109105,55.0,False,1,100.0,645,unobserved_2026_outcome
f2881ccb81feb4732d173d23b3e3264b6ba715c9611c8209b6bb020fc78241f2,2026,5147144,Elijah,Groves,LB,LB,NC State,Sam Houston,defensive_tot,31.016377293180962,,True,7,100.0,645,unobserved_2026_outcome
3a4b822097ec16f9da10152310edb3f5515f62a487225fdac46f540e30d684f5,2026,5083176,Dylan,Layne,LB,LB,Idaho,Oregon State,defensive_tot,35.74042107633702,10.0,False,1,100.0,645,unobserved_2026_outcome
993189f6aee3afe41d434eb475238dc9a711513929b54ad2ae80a91a7fb370dc,2026,5155866,Dexter,Foster,LB,LB,Oregon State,Nebraska,defensive_tot,40.20064812581038,52.0,False,1,100.0,645,unobserved_2026_outcome
c881db69ee27cf65e79f873d64cf65f4b9df9b9c47e785dd264ab48c5b04a912,2026,5145122,Bodie,Kahoun,LB,LB,Notre Dame,Boston College,defensive_tot,33.54070522147578,1.0,False,1,100.0,645,unobserved_2026_outcome
febaaecaeaa4c7d794b41ac7d2a1364fbc5091eca8e9bb4bdad6f02d06769a57,2026,4869240,Aaron,Alexander,LB,LB,Arkansas State,North Texas,defensive_tot,54.307775209162415,92.0,False,0,100.0,645,unobserved_2026_outcome
547042824435f94a061e6383daf04183f4032b1052446db1f98a1e76b3a9baa4,2026,5081787,Jeremy,Evans,LB,LB,Baylor,Arkansas,defensive_tot,33.98020771316905,7.0,False,1,100.0,645,unobserved_2026_outcome
08725569758068b493e2048905cfe01e3a3a3e6a5018699265c25a7bc77daa6b,2026,4870724,Michael,Harris,LB,LB,Maryland,South Florida,defensive_tot,36.885046061159755,11.0,False,1,100.0,645,unobserved_2026_outcome
2ab8c0ce23b06f1cdc54e989a5944376d1522617e4765ef16900cfddc658ab8f,2026,5147044,Montreze,Smith Jr.,LB,LB,Austin Peay,Iowa State,defensive_tot,39.523108003595894,7.0,False,0,100.0,645,unobserved_2026_outcome
f516d9e2576412d5de3d8638dc13bc80c677e74aa40d669f968e4d93cfa6283e,2026,5083898,Alex,Mitchell,LB,LB,Middle Tennessee,App State,defensive_tot,33.18267276115419,12.0,False,1,100.0,645,unobserved_2026_outcome
3ce8d2b76085ab9df55a0863d5776e00c161b2e24b6553dfc8fad036da0140c7,2026,5151041,Brian,Bates,LB,LB,Delaware State,Sam Houston,defensive_tot,34.27738747248424,6.0,False,1,100.0,645,unobserved_2026_outcome
f211f47a386823917955a5bb0d37050b76a7a963efc3e4467f4cf8d6eff0e45b,2026,5086373,Ike,Esonwune,LB,LB,Oklahoma State,UAB,defensive_tot,38.613896324401345,28.0,False,1,100.0,645,unobserved_2026_outcome
905580375adeab785dba2a6eefeb05efc691f634257061d0ab13a26e4c5c958f,2026,5079652,Jacobi,Oliphant Jr.,LB,LB,Oklahoma State,Kansas State,defensive_tot,39.021190266511354,24.0,False,1,100.0,645,unobserved_2026_outcome
11b869a9ca726ba1474f1e8e79f9c6006bacc3f4c1ccc5f6ef5914b4be1ecb16,2026,5148825,Jon,Morris,LB,LB,UConn,Duke,defensive_tot,33.89386866860203,5.0,False,1,100.0,645,unobserved_2026_outcome
66e63134d295206bc79781b8ac5471b00a879f14b8d337a25e2e4e58d92f6549,2026,5295775,Kedrick,Walker,LB,LB,Georgia State,Baylor,defensive_tot,42.72600192920976,57.0,False,1,100.0,645,unobserved_2026_outcome
3bf5556a61ef797ad23199c2185771dabc009fc85add7846d58dbafb79255166,2026,5077311,Poasa,Utu,LB,LB,Oklahoma State,Nevada,defensive_tot,32.09202144067437,8.0,False,1,100.0,645,unobserved_2026_outcome
5d5603fcd022c52e78ce294f6de8065f7f5e34c6336efefd7bb24977edbed304,2026,5147152,Stratton,Shufelt,LB,LB,UTEP,Missouri State,defensive_tot,39.29076409453472,18.0,False,1,100.0,645,unobserved_2026_outcome
ea95485f4b9b5813123689b83737e7aac1a83e5bed2d24806c600a69052d85d5,2026,5082969,Rocco,Nicholl,LB,LB,South Florida,Kent State,defensive_tot,34.415482676797396,7.0,False,1,100.0,645,unobserved_2026_outcome
ed1815a9b3837073d36414823ea989a1735181f0da1b41daace2dcefd5f16d6f,2026,4431131,Devin,Hightower,LB,LB,UAB,Tulsa,defensive_tot,51.705111832518384,81.0,False,0,100.0,645,unobserved_2026_outcome
fef928e7553a78846b0ff54f6ee2bb4b9443ba83dc238d643634d1871eda3aed,2026,4916956,Blayne,Myrick,LB,LB,South Alabama,Miami (OH),defensive_tot,53.53679947144508,84.0,False,1,100.0,645,unobserved_2026_outcome
352d007cb9c43cae5b901000e9931dd0f780a411731505ba7b4483331568792b,2026,4920153,William,Watson III,QB,QB,Virginia Tech,Massachusetts,passing_yds,1093.5488415799919,77.0,False,1,100.0,524,unobserved_2026_outcome
0b6b6364d657514519a11af220f62abb69d37262ffaf686c04310e66e0b818c3,2026,5141563,Husan,Longstreet,QB,QB,USC,LSU,passing_yds,1421.7058188329727,103.0,False,0,100.0,524,unobserved_2026_outcome
deaf8f30228c618f74ae0233dbf246d381b8d6258436a933829e0f098492bb6d,2026,5079533,Mabrey,Mettauer,QB,QB,Sam Houston,SMU,passing_yds,939.230433972976,293.0,False,1,100.0,524,unobserved_2026_outcome
533c1d6ddfae23f32365a8a56e3e03d1384a9ba13453a9c99020aadabcb47a51,2026,4685435,Justyn,Martin,QB,QB,Maryland,Ohio State,passing_yds,803.2691928923898,,True,7,100.0,524,unobserved_2026_outcome
a15e23d62f9e37ec3cf9ac6f6fbd5add91deae663c9a491ec6691a72c0c1d049,2026,4565355,Dexter,Williams II,QB,QB,Kennesaw State,Tulsa,passing_yds,1051.8497808030413,787.0,False,0,100.0,524,unobserved_2026_outcome
7b03600ea34c9a7d8debafb994d8b270aee9084634564c68c50f47e5e4b7bf2c,2026,5207934,Austin,Carlisle,QB,QB,Houston,UL Monroe,passing_yds,791.0411315337346,,True,7,100.0,524,unobserved_2026_outcome
7b56cf11dfc31a1b1b8d53f0975b7d1763c4124648281113bcd172c50324add2,2026,5079339,Jayden,Bradford,QB,QB,Liberty,South Florida,passing_yds,1099.0061968932441,18.0,False,0,100.0,524,unobserved_2026_outcome
fe3e4fa700e8d57442fdb59f0779d6505bbc7872b15bbd87b552ca5b27265383,2026,5215310,Chaston,Ditta,QB,QB,East Carolina,North Texas,passing_yds,902.5613212045611,215.0,False,0,100.0,524,unobserved_2026_outcome
d589bf7171c4e9f008c033c3146b350cb8a192502e6c8910b3e79d760621101b,2026,5126464,Deuce,Adams,QB,QB,Louisville,Wisconsin,passing_yds,929.7914655304954,112.0,False,0,100.0,524,unobserved_2026_outcome
9042ac9b0a28f526ac8d1dd1b61e1c88b82d9b6eae323ad452bd68f04312bde7,2026,5296013,Mark,Wiepert,QB,QB,Oregon,UTSA,passing_yds,767.130726107417,,True,10,100.0,524,unobserved_2026_outcome
f8276a59f68fb6eeac4a99fbb451fef48f7cc81218ee222cc0b4e84a7a9046f1,2026,5075800,Emory,Williams,QB,QB,Miami,East Carolina,passing_yds,973.3031254385857,156.0,False,0,100.0,524,unobserved_2026_outcome
58a79b619a519864b3d5ade8e0ec27c53c7eb44099df8a70fc7eec3aa6d44858,2026,4883110,Grant,Jordan,QB,QB,Massachusetts,Oklahoma State,passing_yds,1091.1351492046826,595.0,False,0,100.0,524,unobserved_2026_outcome
d434678415660e2f01a2528df7cef71cae0030308667c4deacd1a6a1b7b60799,2026,5210501,Tristan,Ti'a,QB,QB,Oregon State,Auburn,passing_yds,1139.500580244612,385.0,False,0,100.0,524,unobserved_2026_outcome
fff71560b8d7e3325da0b5d8fd19e234e7c7f15656256017c9570d864a18ea40,2026,5232049,Raymond,Moore III,QB,QB,Morgan State,UTEP,passing_yds,1092.1508009419776,878.0,False,0,100.0,524,unobserved_2026_outcome
995b3a3610c503b238e8cde94a759317f787ff33e2a9b2708e82efe706a00d6c,2026,4870928,Malachi,Nelson,QB,QB,UTEP,Syracuse,passing_yds,1168.9290030098873,1163.0,False,0,100.0,524,unobserved_2026_outcome
f842b306391bb92502df33bea90805c789a5cc9c8ae34b67a9cecb16f1273105,2026,4870909,Jaden,Rashada,QB,QB,Sacramento State,Mississippi State,passing_yds,921.9276795136799,264.0,False,0,100.0,524,unobserved_2026_outcome
2e5bd124ea7c08a0101681aad1fe14c9abc7184efabb4fb19bb4d412c50278a7,2026,4986096,Chase,Jenkins,QB,QB,Rice,Kansas,passing_yds,1257.1997225086802,1025.0,False,0,100.0,524,unobserved_2026_outcome
e445955dd24d5c6732ac8cea026bef52da23235aeb90ef9248e09d05ac06306d,2026,5081405,AJ,Swann,QB,QB,App State,Mississippi State,passing_yds,1344.0266703369123,1494.0,False,0,100.0,524,unobserved_2026_outcome
30524984bcb9b942652945e8115bd882fbe06ac417fe8daffff5546c7e9f46a4,2026,5091836,Jaxon,Potter,QB,QB,Washington State,Old Dominion,passing_yds,1096.0475598123485,604.0,False,0,100.0,524,unobserved_2026_outcome
855fa498afa537f7b7325fa03c2be12cdbfc6191104158a80cab4f2c33b054ab,2026,5151618,Kirk,Francis,QB,QB,Tulsa,Texas Tech,passing_yds,920.1691807285796,493.0,False,0,100.0,524,unobserved_2026_outcome
f7236ad61acb3e607e04e30c553e3f7d1d49e59855bf9450e9f396fad37ff2a2,2026,4878681,Davis,Warren,QB,QB,Michigan,Stanford,passing_yds,774.1744469616058,,True,9,100.0,524,unobserved_2026_outcome
849019151f4501ccf610744586cc6eaa58939dbda461917e29e4de13223f22c1,2026,5141378,Cutter,Boley,QB,QB,Kentucky,Arizona State,passing_yds,1703.96811431173,2160.0,False,0,100.0,524,unobserved_2026_outcome
f3075d7ca8a1848226e59562d06e74b78c1424c9c08df05a198235e64d7ae830,2026,5078278,Lincoln,Kienholz,QB,QB,Ohio State,Louisville,passing_yds,1238.6516424503984,139.0,False,0,100.0,524,unobserved_2026_outcome
44bc63c1497098b51fc94df3dbb68b22b21f78f9f9bcc7f60f1f8beb94796da3,2026,4801307,Tayven,Jackson,QB,QB,UCF,North Texas,passing_yds,1597.219564673722,2151.0,False,0,100.0,524,unobserved_2026_outcome
dfb4b1e6a63e4ae220a708b2018ee227a7b2434e80a005e39d89ee6dcf2e0a0b,2026,5165807,Marcus,Stokes,QB,QB,West Florida,Memphis,passing_yds,820.1740131348489,,True,9,100.0,524,unobserved_2026_outcome
b80090fd6bd7b7fdc6593e0f076ad07c59542664d917c9a7c5eb7bf678a89d1c,2026,4685291,Jacurri,Brown,QB,QB,UCF,Rice,passing_yds,1180.8926787695416,97.0,False,1,100.0,524,unobserved_2026_outcome
635c3bb1b44f495fb3a194e9eb4a0c5eb0261f14926ef99ee4a2500062d5d99d,2026,5123665,Trey,Owens,QB,QB,Texas,Arkansas State,passing_yds,820.1740131348489,,True,9,100.0,524,unobserved_2026_outcome
d33d788688469699c43cb1d5865a78c9768f3701a3ed0c1e08bff9a0550f996b,2026,5083569,Jaden,Craig,QB,QB,Harvard,TCU,passing_yds,1898.7627509718452,2829.0,False,0,100.0,524,unobserved_2026_outcome
0f9b752551f7387176363d8e8ff6e257be1fbd8fa255e3bac8d2b90c6421b701,2026,5141366,Bryce,Baker,QB,QB,North Carolina,Virginia Tech,passing_yds,866.1735793080921,,True,9,100.0,524,unobserved_2026_outcome
e106818d6548de7d32c997e4e5b6a6ebfb3f0fc9cfd9805cd8cf90f02810c2e1,2026,4872721,Cardell,Williams,QB,QB,Sacramento State,Maryland,passing_yds,1505.1059060767273,1621.0,False,0,100.0,524,unobserved_2026_outcome
d3927d841a59ab681967dc8f28c953114ca6f85cd2af691b264679993d8dad79,2026,4912647,Austin,Novosad,QB,QB,Oregon,Bowling Green,passing_yds,1149.3695778083606,40.0,False,2,100.0,524,unobserved_2026_outcome
f47de29d8cbe2274dccda6f79fabc73e32a82b11fb6249e2d4a205d528d176a1,2026,5145396,Miles,O'Neill,QB,QB,Texas A&M,North Carolina,passing_yds,962.7857103162565,120.0,False,0,100.0,524,unobserved_2026_outcome
f2c8badfdbfff41970fe215bf93f9104c7d85ea8bae8a9e6e0b0e91addce931b,2026,4713649,Drew,Dickey,QB,QB,Vanderbilt,Arkansas State,passing_yds,878.4489110740953,28.0,False,0,100.0,524,unobserved_2026_outcome
cc9debc9455535831bbc06615059d00fad3b5d9a83eed6ba925e9fb0430ca62e,2026,5307005,Mason,McKenzie,QB,QB,Saginaw Valley State,Boston College,passing_yds,936.968341275322,202.0,False,0,100.0,524,unobserved_2026_outcome
f61b27b1287c57a564a263b65529adfabd51594c4a72e93024c68a0f93bf1872,2026,4918099,Kenny,Minchey,QB,QB,Notre Dame,Kentucky,passing_yds,1400.8792235281633,196.0,False,0,100.0,524,unobserved_2026_outcome
6f98b4ec697f103c15a4b6c49857c8f630a6309b75466ac262df2b1e0dc6045a,2026,4880272,Byrum,Brown,QB,QB,South Florida,Auburn,passing_yds,2411.40011864508,3158.0,False,0,100.0,524,unobserved_2026_outcome
fa0c0b045581e741a261f1e09d1b68a233eeabd30053269f551c1a634570a3aa,2026,5079555,DJ,Lagway,QB,QB,Florida,Baylor,passing_yds,1942.152779572573,2264.0,False,0,100.0,524,unobserved_2026_outcome
1ca78ab51ba3fb7e1082dbeca7ad36428827da063a85879e5845dc5bd55cd415,2026,5224789,Landen,Clark,QB,QB,Elon,LSU,passing_yds,1664.553592427927,2321.0,False,0,100.0,524,unobserved_2026_outcome
0d7e17de70581b952ab525e058eb1eef052233cd17c591d7b7d01400534acc2a,2026,5152153,Tyler,Mizzell,QB,QB,Concord,Ball State,passing_yds,774.1744469616058,,True,9,100.0,524,unobserved_2026_outcome
193253e185c9513b97f9c11e5fdaabd42a993028de622418fdaf8df2eb732045,2026,4833597,Brayden,Fowler-Nicolosi,QB,QB,Colorado State,Michigan,passing_yds,1026.811148061421,488.0,False,0,100.0,524,unobserved_2026_outcome
486ef2060f697d536d8c64c624d60c570e85cbdd7968b11d292445b43d88910b,2026,5211117,Bjorn,Jurgensen,QB,QB,Virginia,Hawai'i,passing_yds,820.1740131348489,,True,9,100.0,524,unobserved_2026_outcome
76ec5bea8d3a77551f825340d646c57b23957d9507255bbb239d654ba36a9377,2026,5077787,Jaxon,Smolik,QB,QB,Penn State,Temple,passing_yds,749.9347615468946,,True,8,100.0,524,unobserved_2026_outcome
c0931b5bce2c69322b82cac86bb20c4597838eedeaf53de2ff8affc87389b40d,2026,5144078,Ethan,Grunkemeyer,QB,QB,Penn State,Virginia Tech,passing_yds,1803.6759248049116,1339.0,False,0,100.0,524,unobserved_2026_outcome
845e9edc7869f8f98699d52e9c7d31977d4d8a2f716d42b57beba2210676931f,2026,5388310,Ethan,Thanthanavong,QB,QB,Defiance College,Kent State,passing_yds,682.1753146151193,,True,9,100.0,524,unobserved_2026_outcome
8d3d8f002652663f7579a25026ab6ff13ab06f3b921a4595b4c551fb944471dd,2026,5299092,Matt,Ivaldi,QB,QB,Fordham,Florida International,passing_yds,771.1301545140439,,True,11,100.0,524,unobserved_2026_outcome
7fa9043f5d1938f2b2679cde3c63bd72b71fc992a2ab0c9865e9bd08d9e6a1fc,2026,5191162,Alberto,Mendoza,QB,QB,Indiana,Georgia Tech,passing_yds,1114.3228921382822,286.0,False,0,100.0,524,unobserved_2026_outcome
5f146e619af72b96b241953604b0e1d6cadf8f2db3752aa8583750743a20d3ec,2026,4920227,Gio,Lopez,QB,QB,North Carolina,Wake Forest,passing_yds,1521.257409198286,1747.0,False,0,100.0,524,unobserved_2026_outcome
5ee76be94a4c773b68061165f535e531ef98fce00dff1b8aec56849645a30f2b,2026,4870793,Tad,Hudson,QB,QB,Coastal Carolina,NC State,passing_yds,1280.450056974899,1253.0,False,0,100.0,524,unobserved_2026_outcome
51ff2beea065288babff1cca7fd5b7d59edf8ebeba35e40f0bac43b62ee1082a,2026,5083847,Dean,DeNobile,QB,QB,Lafayette,Florida State,passing_yds,1644.9924070140582,2528.0,False,0,100.0,524,unobserved_2026_outcome
0da070de42019c561243e508849bb8c0610c848e4a5f83a8e4e798959de502e9,2026,5089540,Cole,Gonzales,QB,QB,Pittsburgh,Charlotte,passing_yds,889.7183100455374,118.0,False,2,100.0,524,unobserved_2026_outcome
3c074c5f62aa42252d7e484ac26cd102a16cd9fbc154bce2b561933dc266f0f9,2026,4870607,Jackson,Arnold,QB,QB,Auburn,UNLV,passing_yds,1474.2971992786963,1309.0,False,0,100.0,524,unobserved_2026_outcome
a7e798953222820d7dcb9483e0163240d141ad4c7923712994e06ecbc9d7a2d6,2026,5078166,Ajani,Sheppard,QB,QB,Washington State,Temple,passing_yds,728.1748807883625,,True,9,100.0,524,unobserved_2026_outcome
d7ff74b567312011876bcd6ae49f8ef5371f2d2f980bf2cccf37d50c28be6c1c,2026,5085337,Keyone,Jenkins,QB,QB,Florida International,UCF,passing_yds,1493.2069815707353,1742.0,False,0,100.0,524,unobserved_2026_outcome
80e0b4737d5e0ab969aff2428d027cc1cdac74fff3cf107f83a8acdd281be22a,2026,5208138,Luke,Carney,QB,QB,Syracuse,Houston,passing_yds,848.4543668922798,22.0,False,0,100.0,524,unobserved_2026_outcome
94dd7245f8cdce69630bd6ca80aa798bdf402d55061b535f8c72da3e7a33c7fb,2026,4881032,Taron,Dickens,QB,QB,Western Carolina,Northern Illinois,passing_yds,2082.411390405101,3508.0,False,0,100.0,524,unobserved_2026_outcome
05ac86a9019fb8f891cb390c9e3b65ea0c7d3dffe5e7e8783a07c5dc22bf7220,2026,5218650,Jeremy,St-Hilaire,QB,QB,Vanderbilt,Arkansas State,passing_yds,774.1744469616058,,True,9,100.0,524,unobserved_2026_outcome
87cbcf9a708348a57f43c55831157a520a7ec96a6b53eb7d380d358494dcb791,2026,4592531,Ari,Patu,QB,QB,North Alabama,Duke,passing_yds,993.914244119375,517.0,False,0,100.0,524,unobserved_2026_outcome
53f0f361783fb426a507eccf78f76f50929cc3f3f63e01e055cbad467a55d463,2026,5164317,Shaker,Reisig,QB,QB,Boston College,Texas State,passing_yds,914.0062267823162,141.0,False,0,100.0,524,unobserved_2026_outcome
d890623a7123946dba5e93a340da419c9b094dc7ac1933c8de020b91b66e255c,2026,5079531,Jake,Merklinger,QB,QB,Tennessee,UConn,passing_yds,1000.7029529671554,173.0,False,0,100.0,524,unobserved_2026_outcome
beb90ab1fa1db12867d08c0f39cdf7aa9e6cbfa86dc25eb72086e988c4ba3df5,2026,4879824,Callum,Wither,QB,QB,Laurier,Kentucky,passing_yds,820.1740131348489,,True,9,100.0,524,unobserved_2026_outcome
6153cbeba87d69a6e26240779a8267022ea4ba5a8f84bb4be69d266c2268831e,2026,5082407,Connor,Barry,QB,QB,Christopher Newport,Penn State,passing_yds,728.1748807883625,,True,9,100.0,524,unobserved_2026_outcome
884fed759a3a14719718ac892d5f4a95e9db07ad15723b57893893941d068fa7,2026,5232131,KJ,Cooper,QB,QB,Texas Southern,South Florida,passing_yds,1378.7420073421772,1497.0,False,0,100.0,524,unobserved_2026_outcome
548f06bd186f0d078e82d5585e99fb671b681c5a4fd0418c1b11cb4e6136fbe7,2026,5296163,Brady,Jones,QB,QB,Western Michigan,Oregon State,passing_yds,803.6003645668981,136.0,False,0,100.0,524,unobserved_2026_outcome
227dd3b7251aff34197e397a88b100552508f108aaf216dcb6614eb7cec4deb6,2026,5079620,Michael,Van Buren Jr.,QB,QB,LSU,South Florida,passing_yds,1270.4387621412845,1010.0,False,0,100.0,524,unobserved_2026_outcome
0e952bed13f7252cbcd5c96e4a1abeb3ae073dade8f46006b194c2ce9659539a,2026,5212654,Braden,Atkinson,QB,QB,Mercer,Oregon State,passing_yds,2060.6117826030045,3611.0,False,0,100.0,524,unobserved_2026_outcome
94792f54493d965e6ce9bb020e8ea1c2319b13c762920e0b23c58cb6901a907a,2026,4700135,Cam,Fancher,QB,QB,UCF,Michigan State,passing_yds,954.7395889169155,333.0,False,0,100.0,524,unobserved_2026_outcome
568ddd573586ccdbd7f5784c8446b33d250084e8b02c3a2e83bcf7ff765adc48,2026,5154248,Kaleb,Annett,QB,QB,Boise State,UCF,passing_yds,682.1753146151193,,True,9,100.0,524,unobserved_2026_outcome
348fc90d2f3eb9c7537080467e0d27119e3062c0604e1059792d10c6a24a966c,2026,4685391,Walker,Howard,QB,QB,Louisiana,Ole Miss,passing_yds,843.0094512004886,155.0,False,0,100.0,524,unobserved_2026_outcome
170695f06633cc727cebce3ed4bddc522ccb2fe74e462187f0fc1f3dac409b04,2026,4602923,Jaylen,Henderson,QB,QB,West Virginia,Liberty,passing_yds,714.2217256699699,50.0,False,0,100.0,524,unobserved_2026_outcome
8be37afa5eaa815fa20beb1d8df35453326833ab10b93a7b7969d24c9153a648,2026,5044387,Anthony,Colandrea,QB,QB,UNLV,Nebraska,passing_yds,2056.156373404179,3459.0,False,0,100.0,524,unobserved_2026_outcome
d37a4437fcef04b9beae3eff9e310f2f61aeceeaea033645169a0c2b4af9bcfc,2026,5219834,Drew,Mestemaker,QB,QB,North Texas,Oklahoma State,passing_yds,3055.6260781178844,4369.0,False,0,100.0,524,unobserved_2026_outcome
bb5a535f9d73715ddcdb80a6e5471513db16b9e60f7b05ad6a5c878071772e15,2026,5054036,Jackson,Brousseau,QB,QB,Colorado State,California,passing_yds,1356.3350322428892,1354.0,False,0,100.0,524,unobserved_2026_outcome
4fbc7190aa399bb5c7ea5641187cae0d49ef7cccb567bf1b5fcb1efa39d87fa1,2026,4801299,Rocco,Becht,QB,QB,Iowa State,Penn State,passing_yds,2263.2705065520936,2565.0,False,0,100.0,524,unobserved_2026_outcome
92ca23d8ab52ab5ae33a4a8eb03b98c7c041e2f1192a0a8f05890c2ed8551fcd,2026,4917093,Ryan,Staub,QB,QB,Colorado,Tennessee,passing_yds,999.3888783188263,426.0,False,0,100.0,524,unobserved_2026_outcome
435d88d74e35c1d939ebaa4073690ae5b35133d3cbd0e5f95ffa9507c5b18a40,2026,4816095,Blaine,Hipa,QB,QB,Princeton,Duke,passing_yds,1015.5858548816485,459.0,False,0,100.0,524,unobserved_2026_outcome
abf31bcf03c75f98e6337259f226faca2d3faeb764dbdbeaa03dbd2371883ab7,2026,5121169,Darian,Mensah,QB,QB,Duke,Miami,passing_yds,2734.580253177891,3973.0,False,0,100.0,524,unobserved_2026_outcome
4889cbc7ae19def788f69f1bd8abf3f8767a4df26e82b36e296b8499dadc6f28,2026,4870645,Rickie,Collins,QB,QB,Syracuse,Kennesaw State,passing_yds,1161.405243620162,1042.0,False,1,100.0,524,unobserved_2026_outcome
aa65238b1102ef78d3ebad049caf7b43ca8bc4b4082accfc66cb7b22a47c1d48,2026,5079465,Michael,Hawkins Jr.,QB,QB,Oklahoma,West Virginia,passing_yds,1012.2053929883099,167.0,False,0,100.0,524,unobserved_2026_outcome
6a80aaed055df840669bbcb2b7d9c8a9f6ad7bb22bcfb6a5416132fac839c4b5,2026,5079542,Luke,Kromenhoek,QB,QB,Mississippi State,South Florida,passing_yds,1039.702855453522,73.0,False,0,100.0,524,unobserved_2026_outcome
72e6a347e045b564dfebf1647c302100a7ab4fb0916c3bca5cd1275412749d6c,2026,5226019,Caden,Pinnick,QB,QB,UC Davis,Washington State,passing_yds,1842.7752029486248,3206.0,False,0,100.0,524,unobserved_2026_outcome
52e70a5bd67ce7cec68411ed59e7f2ae876f7294b33a0a35dc78c59339f99f4a,2026,4795295,Katin,Houser,QB,QB,East Carolina,Illinois,passing_yds,2184.60400754704,3300.0,False,0,100.0,524,unobserved_2026_outcome
c19dccb469fa8e635719e9975b83c17f9a57aaccfa7ab04761303c973175f2c2,2026,5298739,Logan,Inagawa,QB,QB,Drake,Massachusetts,passing_yds,1315.763895498551,1149.0,False,0,100.0,524,unobserved_2026_outcome
47c5a93d29fb6b4445224b31482530040beaf0a7d2dbb810b2f3bf53123a684b,2026,4618083,Ethan,Hampton,QB,QB,Illinois,Southern Miss,passing_yds,932.8455268988292,27.0,False,3,100.0,524,unobserved_2026_outcome
7f65b7f11536b13d07b57735f919f2d21607b182e9171b2a77fcdb4fdb280ce8,2026,5219898,Drew,Devillier,QB,QB,Rice,Florida Atlantic,passing_yds,894.2324262283372,123.0,False,1,100.0,524,unobserved_2026_outcome
eef02f0e3531293e026ad97d0486745b70d3478b3c52fefa66c914c7aedadc0b,2026,5394415,Khamoni,Robinson,QB,QB,Lenoir-Rhyne,Toledo,passing_yds,820.1740131348489,,True,9,100.0,524,unobserved_2026_outcome
fde0ccdf8cdad71bca3976ec3cff7522db542bb7d8817e76916bdedd2c19b1db,2026,4597499,Mikey,Keene,QB,QB,Michigan,Arizona State,passing_yds,774.1744469616058,,True,9,100.0,524,unobserved_2026_outcome
f3e53f3ec8c2364796a63bdf246d409c3247ab97155d067aa230d0979d98855c,2026,4870518,Zeon,Chriss-Gremillion,QB,QB,Houston,Tulane,passing_yds,851.3695207996936,108.0,False,1,100.0,524,unobserved_2026_outcome
cb5b836f7f1346885d9d9c047ecb268847c50b89f1a434679fb68113d350faa0,2026,5145788,Gael,Ochoa,QB,QB,UNLV,Rice,passing_yds,751.6816274552739,,True,8,100.0,524,unobserved_2026_outcome
26055750c8379d03c15d0c340c82a9bbb39c43273f5ad6c4abf829016f2a8b17,2026,5075392,Keldric,Luster,QB,QB,Texas State,Ball State,passing_yds,814.0351805974577,14.0,False,1,100.0,524,unobserved_2026_outcome
aa3902e52c329fd50684bb11d34c23e05036f1406bd2e54b6d159d4ae79d838f,2026,5129623,Kaden,Martin,QB,QB,Middle Tennessee,LSU,passing_yds,771.1301545140439,,True,11,100.0,524,unobserved_2026_outcome
f3b31e3cf7f44d53a9b24aff9fe7e63055acb9ddcd794c9165c72405db1ba738,2026,4685696,Beau,Pribula,QB,QB,Missouri,Virginia,passing_yds,1816.6404641502763,1946.0,False,0,100.0,524,unobserved_2026_outcome
7bed4d6775aa4970c77e2892a35295219a8000f18e684067ff1492e75d6469e1,2026,5148654,Jaylen,Patterson,QB,QB,New Mexico State,Sacramento State,passing_yds,682.1753146151193,,True,9,100.0,524,unobserved_2026_outcome
328f59bf577cbaffd009cf3053e1697c87fd1e8a6cd55ce7ad756f2e7f1bc12c,2026,5158251,Khalil,Wilkins,QB,QB,West Virginia,Marshall,passing_yds,769.893367278546,185.0,False,0,100.0,524,unobserved_2026_outcome
ec9af49ed5b508e408790ebcd47c030339e67c12229537ecfdc508f5ee4621d9,2026,5126470,Trever,Jackson,QB,QB,Arkansas,Coastal Carolina,passing_yds,752.7553213051174,0.0,False,2,100.0,524,unobserved_2026_outcome
af0acaae053944ce5fc4a577f3d0fcccd525512934b90c48288153d430195229,2026,4685740,Max,Johnson,QB,QB,North Carolina,Georgia Southern,passing_yds,1028.8231782120959,437.0,False,1,100.0,524,unobserved_2026_outcome
5a208ac522ff00d41b979cbfdd87c4a84fa51d47386d627d6dc23a27f7157ac6,2026,4870883,JJ,Kohl,QB,QB,App State,Florida International,passing_yds,1454.1879850265339,1465.0,False,0,100.0,524,unobserved_2026_outcome
8a683ad837c220eddf3d3bca9023b81be29febe7adb8a4b52f523b135ed42d4a,2026,4685488,MJ,Morris,QB,QB,Coastal Carolina,Texas,passing_yds,920.140315563644,304.0,False,0,100.0,524,unobserved_2026_outcome
c9fba08f29893f5a2d19d5403e22a1378b4233b83fabe7f963008739de8b408e,2026,5083042,Skyler,Locklear,QB,QB,UTEP,Missouri State,passing_yds,1278.4109188782609,1418.0,False,0,100.0,524,unobserved_2026_outcome
93f56819ca7bfd5a20161613457f14be91743fe566ad5ab33a07801fcdf314f3,2026,4870900,Dylan,Lonergan,QB,QB,Boston College,Rutgers,passing_yds,1614.2099581014274,2025.0,False,0,100.0,524,unobserved_2026_outcome
990ccf51ed914628a0cfcbc16bf27a7e6a0d941bdb12cc8c32fd4488d359d7bf,2026,5126471,Daniel,Kaelin,QB,QB,Virginia,Nebraska,passing_yds,962.9587748003927,339.0,False,0,100.0,524,unobserved_2026_outcome
84bf3184fa2d4af384be43205e991a15f763ca4c9a730ea545bf39950e2ceb7c,2026,5079619,Kalieb,Osborne,QB,QB,Toledo,UConn,passing_yds,1019.0725521717058,427.0,False,1,100.0,524,unobserved_2026_outcome
ad1c4fa4706cbc77310184d003fa7afe6d4d2bf247fb7399f2d145adda72ebf3,2026,5164316,Alex,Manske,QB,QB,Iowa State,Penn State,passing_yds,990.7089828323284,28.0,False,0,100.0,524,unobserved_2026_outcome
3d484b52f8ab020389a8e3408f22e173faa4dd959e95cb9436dbdf76c61dfc6f,2026,4592532,Billy,Edwards Jr.,QB,QB,Wisconsin,North Carolina,passing_yds,966.2181323803292,113.0,False,2,100.0,524,unobserved_2026_outcome
9b5c59c42c1682c522f5a165b51057f5cab2623bf99325dc76b7cf810080fdb9,2026,5079572,Dylan,Raiola,QB,QB,Nebraska,Oregon,passing_yds,2086.7672332916254,2000.0,False,0,100.0,524,unobserved_2026_outcome
7e2bb508450202e94769611a40e2400e531e49d6a001a2ff75694e6490e30623,2026,5082965,Tommy,Ulatowski,QB,QB,Kennesaw State,App State,passing_yds,741.0004017333474,9.0,False,0,100.0,524,unobserved_2026_outcome
fd7c95012a883306c4e1784830dc44fd9b1090f107fc2279bea08f45745a5638,2026,4433829,Mitch,Griffis,QB,QB,Texas Tech,East Carolina,passing_yds,1082.9921526953174,357.0,False,1,100.0,524,unobserved_2026_outcome
50a70c1e1acbe8566674b3d83a83e106ad906a56d2d657f118a00eab39d130bc,2026,5178086,Denzel,Gardner,QB,QB,Southern Miss,Memphis,passing_yds,767.130726107417,,True,10,100.0,524,unobserved_2026_outcome
944372ad969a136e7cfba344f0156dd40ccbb71b7a265c41838671c600cae187,2026,5171031,Matt,Vezza,QB,QB,New Hampshire,Ohio,passing_yds,1724.4972020087841,2673.0,False,2,100.0,524,unobserved_2026_outcome
0db7ee7c956b095584acdffbf0d9e3a24b96f97ff2c7b61e2c0e5c26d1413d70,2026,5126475,Trey,Petty,QB,QB,Illinois,Western Michigan,passing_yds,682.1753146151193,,True,9,100.0,524,unobserved_2026_outcome
a664dac3b583ce02eb3887db9ddd15c5168ef9431ed65c37003fb5fdcee79566,2026,5141684,Austin,Simmons,QB,QB,Ole Miss,Missouri,passing_yds,1534.8158782074295,744.0,False,0,100.0,524,unobserved_2026_outcome
f58f0f8a75381f7a0744390508ac893a65e62f8fba5b7a8f3ce0625ea853cfb8,2026,5079771,Isaac,Wilson,QB,QB,Utah,Colorado,passing_yds,735.5593567445949,0.0,False,0,100.0,524,unobserved_2026_outcome
75185f2b3f23ba865375c88e365f1fd37592e0047ab7f1aaeb8cadcc3856b06f,2026,4685401,Josh,Hoover,QB,QB,TCU,Indiana,passing_yds,2401.27513722258,3472.0,False,0,100.0,524,unobserved_2026_outcome
a1876cd3395573bea42b4ce67e0d58bf20c10aefdf2378185569d355b5f04cd4,2026,4838536,Tyler,Hughes,QB,QB,William & Mary,Wyoming,passing_yds,1677.6672732465265,2330.0,False,0,100.0,524,unobserved_2026_outcome
faaab34fc9ccbadacfc87277b15c9156d1aa05c2f4b0371a2483a3d448fea2db,2026,4836476,Davin,Wydner,QB,QB,West Georgia,Louisville,passing_yds,1194.8955260122912,1672.0,False,0,100.0,524,unobserved_2026_outcome
c0d76c5cd9faf0e7b733e911c1ae301a80252ed2d2fcc547e2f49e5f93f8ca8f,2026,5328086,Elijah,Holmes,QB,QB,Wingate,Buffalo,passing_yds,682.1753146151193,,True,9,100.0,524,unobserved_2026_outcome
e241fe9dd912c2b6918c2107d6f78f260966e316edeac69acca477404b90b76e,2026,4685459,Nicco,Marchiol,QB,QB,West Virginia,Northwestern,passing_yds,1168.3215246842337,720.0,False,0,100.0,524,unobserved_2026_outcome
3062c3bb3ad0424cdcc3a1d94c54c83526065501fe0dd0be4d46221aea9454fb,2026,5125715,Colton,Joseph,QB,QB,Old Dominion,Wisconsin,passing_yds,1720.9676648286527,2619.0,False,0,100.0,524,unobserved_2026_outcome
7d92fb50616dc4398665ab3f81e1964db81c6d787e74a5fb4250bae4e4dbdcde,2026,5079548,Air,Noland,QB,QB,South Carolina,Memphis,passing_yds,926.1474214805129,13.0,False,0,100.0,524,unobserved_2026_outcome
06743c59858212f9ededceac783cdde6633dbff67b444020035f192105671469,2026,5084404,Liam,O'Brien,QB,QB,Pennsylvania,Cincinnati,passing_yds,1673.8405525735088,2376.0,False,2,100.0,524,unobserved_2026_outcome
df19695acfcdd096bcd372a311f6b44b8e00f5cd70a09b2fd9aa6839b8d6ebba,2026,5142236,Grayson,Wilson,QB,QB,Arkansas,Boston College,passing_yds,820.1740131348489,,True,9,100.0,524,unobserved_2026_outcome
990572e80ec8c3a433c703729f2ee57fbea775a1f8ef81e4aad3263a407cfc17,2026,5279260,Bryson,Beaver,QB,QB,Oregon,Georgia,passing_yds,1129.2685650393878,,True,9,100.0,524,unobserved_2026_outcome
c6e50212b31f8372c35c4a97f7292d3febdb91c763f7f6fb77e522717062d1b0,2026,5132812,Aaron,Philo,QB,QB,Georgia Tech,Florida,passing_yds,1278.5976812972913,373.0,False,0,100.0,524,unobserved_2026_outcome
611c9db47fe17b882e20c8d991adf3c3bc3aafbebdc693e6d9befbc0c9bbc811,2026,5141473,AJ,Hill,QB,QB,Memphis,Arkansas,passing_yds,1053.5999482403006,223.0,False,0,100.0,524,unobserved_2026_outcome
a212fc2e3ad78e7ef2f60be4fc02ebc42fad49aabd319f841cd7362e6af5907d,2026,5078810,Sam,Leavitt,QB,QB,Arizona State,LSU,passing_yds,2196.5259719231867,1628.0,False,0,100.0,524,unobserved_2026_outcome
5c10475515d722a6a8c06caa17c61231c1905d9b43018d7a8c7d7ba821cc972b,2026,5147757,Arrington,Maiden,QB,QB,Memphis,James Madison,passing_yds,880.6437660773498,59.0,False,1,100.0,524,unobserved_2026_outcome
75e9c4bef3585e408ee18b9327714e73fdf688f170d8f5e1a2e8e32b6fb51755,2026,5146664,Henry,Hasselbeck,QB,QB,UCLA,App State,passing_yds,767.130726107417,,True,10,100.0,524,unobserved_2026_outcome
ae24d3fa8de44f76cf8d558bc149bceb4a61e496a916e0d6e220b9e5361c8460,2026,4685345,JC,French IV,QB,QB,Georgia Southern,Cincinnati,passing_yds,1879.1515761038768,2924.0,False,0,100.0,524,unobserved_2026_outcome
51f139432e403c464c3cf4fe7ce483463a52eedce3eb83db83dcf07263064355,2026,4838679,Ashton,Daniels,QB,QB,Auburn,Florida State,passing_yds,1128.1378103646598,797.0,False,0,100.0,524,unobserved_2026_outcome
7c9937bf1a479e95c39451109de5d1cb8d8f17d729e4518ceaee76e5dde837f8,2026,5295238,Luke,Weaver,QB,QB,Hawai'i,San José State,passing_yds,1063.9687723493264,628.0,False,1,100.0,524,unobserved_2026_outcome
94468c219439a36d032ca831b05e9ce8d26a6242508bd30fd5bb5d23d640cef3,2026,5077500,Luke,Duncan,QB,QB,UCLA,Nevada,passing_yds,998.9817208639391,235.0,False,3,100.0,524,unobserved_2026_outcome
5ee8a9e5a72a49f7a09a527d29705f87368dfd7c150dbc7e3a8cc28882521097,2026,4694149,Walker,Eget,QB,QB,San José State,Duke,passing_yds,1747.32910664119,3058.0,False,0,100.0,524,unobserved_2026_outcome
112634ffc4c794ae438b0da29ab87a2f5fda1f31d71a8459c9917975c8b7f1ac,2026,4911929,Alonza,Barnett III,QB,QB,James Madison,UCF,passing_yds,1973.0219388488367,2806.0,False,0,100.0,524,unobserved_2026_outcome
46feffd9457b59c4e2a7684a9e427b9d06ed8e37019b37cfeaa8aa309f32694c,2026,5075805,Aidan,Chiles,QB,QB,Michigan State,Northwestern,passing_yds,1740.7902819246938,1392.0,False,0,100.0,524,unobserved_2026_outcome
f9f27a775a612ecbdd56f896e834db34df9deccbfaa0b424ae0096c091fe8cd3,2026,5146713,Locklan,Hewlett,QB,QB,South Florida,Auburn,passing_yds,928.980063268773,90.0,False,0,100.0,524,unobserved_2026_outcome
d91ac505716f41a121f1885b7753cf385e3e52359c52bcbeebadec4a32e38f61,2026,5086156,Danny,Lauter,QB,QB,Georgetown,Syracuse,passing_yds,1060.5724283054058,618.0,False,0,100.0,524,unobserved_2026_outcome
370698cd359e6f2b7a2ab558b82473ee269a54f513f0d95b13e710d4d8a7a986,2026,5126472,JacQai,Long,QB,QB,Marshall,Kentucky,passing_yds,761.6111372176643,31.0,False,0,100.0,524,unobserved_2026_outcome
7390474d52172e52d22dba34e6068a081800d9d60750755616e39be1af2d0ac6,2026,5146667,Khristian,Martin,QB,QB,Maryland,Fresno State,passing_yds,939.6567001614666,105.0,False,0,100.0,524,unobserved_2026_outcome
8dec85aa10eab07f55e7d4e6547aafe0292c1c886cd7716b5eb6a1d9cf0d57e5,2026,4923267,Zane,Flores,QB,QB,Oklahoma State,Iowa State,passing_yds,1287.28135031101,1454.0,False,0,100.0,524,unobserved_2026_outcome
231904446c08ae7bb369638d87ecba30c36f68b9ed10e0d82fe0bf8b5174a313,2026,5141549,David,McComb,QB,QB,Kansas,Miami (OH),passing_yds,774.1744469616058,,True,9,100.0,524,unobserved_2026_outcome
d720b9bc8f12bc77518d018002442a63c3cca2165cc1fd0697ee45d71f272132,2026,5080403,Jaylen,Raynor,QB,QB,Arkansas State,Iowa State,passing_yds,1965.4034166474094,3364.0,False,0,100.0,524,unobserved_2026_outcome
d8eb077b63550abba78e50cac63190b463d062f9aa24a6e40e2b0e582fbb906f,2026,4870999,Malachi,Singleton,QB,QB,Purdue,App State,passing_yds,1006.0587818311479,439.0,False,0,100.0,524,unobserved_2026_outcome
0b1dac3a040f68a400e8c32609fbd2a3e1f0b4ca91b03a97d06028dc2781be4f,2026,4870819,Eli,Holstein,QB,QB,Pittsburgh,Virginia,passing_yds,1266.603563470332,1081.0,False,0,100.0,524,unobserved_2026_outcome
a83fece9f519d8a87a688ecb320a9243e1560ff6d2c3c8a9f3af9e7caf03f62e,2026,5151218,Lucian,Anderson III,QB,QB,Bowling Green,South Carolina,passing_yds,932.9337365583405,245.0,False,0,100.0,524,unobserved_2026_outcome
5a86443beccced991ea84c830ef77059cb73891e0e7b8ebd2b2f6777915bfc97,2026,5141664,Stone,Saunders,QB,QB,Kentucky,San Diego State,passing_yds,774.1744469616058,,True,9,100.0,524,unobserved_2026_outcome
26868ada3bb67ba13b5554907c3f25d9c6cf45c3e0e1ae2ddd191ea519c55ac4,2026,4755664,Nick,Evers,QB,QB,UConn,Missouri,passing_yds,956.1315814328814,105.0,False,0,100.0,524,unobserved_2026_outcome
9b4c902ca57bb6d5322449bf2575d36f38269374a18079780b24f381d2530f41,2026,5079318,Elijah,Brown,QB,QB,Stanford,Washington,passing_yds,1165.3413485155863,829.0,False,0,100.0,524,unobserved_2026_outcome
774330b35ef9cf7e445b704b36e74c1b9b0197170088fe8d183920f3f7856458,2026,5122887,Luke,Moga,QB,QB,Oregon,New Mexico,passing_yds,971.0632790364651,58.0,False,0,100.0,524,unobserved_2026_outcome
61650b6367e379367d41bc40faa82d797fab976901c60997ff7e6edb641060e6,2026,4920192,Carson,Conklin,QB,QB,Fresno State,Sacramento State,passing_yds,957.8397954893408,354.0,False,0,100.0,524,unobserved_2026_outcome
571d440f2689baa62d5becd66b65a9ae3b930ad9a727b6ca0d2b580f5e654d02,2026,5092275,Ty,Dieffenbach,QB,QB,Cal Poly,UCLA,passing_yds,1200.7772252141706,1305.0,False,0,100.0,524,unobserved_2026_outcome
982dc45cb0b17eb026ec289cc92642b3e5eb9e2a172a99fd30527ff8e1f89303,2026,4920158,Brock,Glenn,QB,QB,Florida State,Western Kentucky,passing_yds,927.0632775682394,69.0,False,0,100.0,524,unobserved_2026_outcome
8fe4effe8cac8bbf15078318cad02647782749a156e2355c16a972b19d0e2907,2026,5144313,Michael,Merdinger,QB,QB,Liberty,Minnesota,passing_yds,1017.0599816403868,350.0,False,0,100.0,524,unobserved_2026_outcome
b04dd5ceadbe342a4a9a6a2934e0e014ac470633abe66b8b193ddca93f28a67e,2026,5331746,Braeden,Fuller,QB,QB,Angelo State,Arkansas,passing_yds,682.1753146151193,,True,9,100.0,524,unobserved_2026_outcome
afcfd6cd22bb4b332aaea26b2d63da387d5c96e9dfb49a6e31760fe69e50bec9,2026,5083490,Ayden,Pereira,QB,QB,Merrimack,Georgia State,passing_yds,1260.4870070238007,1846.0,False,0,100.0,524,unobserved_2026_outcome
1a959ed12ff246f428e5535a7417cd812d3ecbecba153880e095c8d303f16cd7,2026,4875866,Reese,Poffenbarger,QB,QB,North Texas,Akron,passing_yds,903.9686195072574,36.0,False,0,100.0,524,unobserved_2026_outcome
fa083f81109213ee0fdcc4c35677d0a90cb1b080703aca9f2de0594c23d752db,2026,5138131,Deshawn,Purdie,QB,QB,Wake Forest,Liberty,passing_yds,1015.4992086368129,618.0,False,0,100.0,524,unobserved_2026_outcome
b938d3ceb83cd189a5cd63e7cbb3f02b60bd75e73a497e24d67abe6f8b8cb41c,2026,5153782,Amari,Odom,QB,QB,Kennesaw State,Syracuse,passing_yds,1756.6213843925623,2594.0,False,0,100.0,524,unobserved_2026_outcome
ff32ac23ea4a0b0e9d17bd839d261acff8e71c40c08c647f7cd09d6c254f65d7,2026,5141506,Deuce,Knight,QB,QB,Auburn,Ole Miss,passing_yds,1585.8208700717444,259.0,False,0,100.0,524,unobserved_2026_outcome
a070f855199ee3db38e6311e6834375ac2056388ccd1fe25718112cdeeafa088,2026,5141395,EJ,Colson,QB,QB,Incarnate Word,UTEP,passing_yds,1669.0298054731982,2142.0,False,0,100.0,524,unobserved_2026_outcome
0175b35326500a215b7113ce64371498fd0eb3aff42e146ef645191396780ae4,2026,5094040,Brogan,McCaughey,QB,QB,Yale,Eastern Michigan,passing_yds,682.1753146151193,,True,9,100.0,524,unobserved_2026_outcome
eb49b0abd98bb204b08a922ccddf90278b8292e57b9172b0f54aa67dd5f49a72,2026,4685252,Henry,Belin IV,QB,QB,Duke,Missouri State,passing_yds,731.9027561722621,22.0,False,0,100.0,524,unobserved_2026_outcome
5774613282a609e62fcd68f2b03318341e0651544c3d23f8123813fa32526c01,2026,4714300,Holden,Geriner,QB,QB,Texas State,Pittsburgh,passing_yds,595.5226479984228,0.0,False,0,100.0,524,unobserved_2026_outcome
9557fe61210e5e7aea80530825a881396dfbc90e4189bb297604f6c36bf8dada,2026,5294446,Trey,Hall,RB,RB,Ole Miss,Old Dominion,rushing_yds,285.5666064576711,,True,7,100.0,575,unobserved_2026_outcome
2c0b3fae027d450c8744d00e879173d3dcce67fd08dc0e5b7fe1d8fed9f2f3c4,2026,5387658,Xavior,Tyus,RB,RB,Wayne State,Eastern Michigan,rushing_yds,205.78057658916396,,True,8,100.0,575,unobserved_2026_outcome
0a9d020ba0c1a29bee3f7711a46273e627cb460f54dbc621bce14cc9ecc6724b,2026,5382852,Julian,Walker,RB,RB,St. Vincent,UL Monroe,rushing_yds,285.5666064576711,,True,7,100.0,575,unobserved_2026_outcome
fc934c6537df48d26681e7896d2862ae4378a4a39c2f461c84d4c9bd5509f74c,2026,4922983,Manny,Covey,RB,RB,Cincinnati,Memphis,rushing_yds,408.44432155602027,194.0,False,0,100.0,575,unobserved_2026_outcome
da03c01b087cc57f00f0e2b680e8d7a4a2c0f77120446e5589f15737722a40a2,2026,5229947,Davion,Godley,RB,RB,Weber State,Sacramento State,rushing_yds,423.1670110994904,512.0,False,0,100.0,575,unobserved_2026_outcome
84cbb3cbaa87c5f5e7a49531e670527d72fafc4fbd6f67b158526e7c0dd97e35,2026,4871065,Treyaun,Webb,RB,RB,Florida,App State,rushing_yds,364.75136900975394,,True,8,100.0,575,unobserved_2026_outcome
769782a19703afd4be8b0ed9e4edad6340e3bfe9426e7e47696fffe0f0194c71,2026,5078917,Khalifa,Keith,RB,RB,App State,Alabama,rushing_yds,303.35163990141683,8.0,False,3,100.0,575,unobserved_2026_outcome
4a7699e325e8fca004599b814f5cf7259a5637f6d7a44399d12a71922927dadf,2026,5121721,Jekail,Middlebrook,RB,RB,Middle Tennessee,Virginia,rushing_yds,573.6191342020622,752.0,False,0,100.0,575,unobserved_2026_outcome
f920fcc83d28e5112ac39db4479d080379a5ff27179eb57d493e533abfea9ec5,2026,5084286,Makhi,Frazier,RB,RB,Michigan State,Ole Miss,rushing_yds,449.70905225406506,520.0,False,0,100.0,575,unobserved_2026_outcome
ddfd85ad1fbb2ba666e366d4d2f775d4b7e13068978078dc393a1e95d0d85f28,2026,5219693,Solomon,Beebe,RB,RB,UAB,Virginia,rushing_yds,513.5481219789499,338.0,False,0,100.0,575,unobserved_2026_outcome
4b5f7a2d2a6d74e4300a8cb765b8c83f0ea64911fa4b8ce623ed48c9b4f73dcd,2026,5151892,Ja'Kobi,Jackson,RB,RB,Florida,Ohio State,rushing_yds,357.77517500304947,98.0,False,0,100.0,575,unobserved_2026_outcome
1ddb30d56e6442551e69cebe45845249256b46468c55225fbcf605b08d4bbb44,2026,4685418,Tavorus,Jones,RB,RB,Missouri,UTEP,rushing_yds,344.08948572722613,31.0,False,0,100.0,575,unobserved_2026_outcome
2366b3af849c7777d9fd91c532a3b003f77da060fb45d3ded80b7bbde5b124a2,2026,5079405,Stacy,Gage,RB,RB,UCF,LSU,rushing_yds,340.0992327883023,63.0,False,0,100.0,575,unobserved_2026_outcome
625bb99813b1d770cb8055bd1513819c323f54d380513380f538d13584c87719,2026,5076122,Evan,Dickens,RB,RB,Liberty,Boston College,rushing_yds,489.34698107587093,1325.0,False,0,100.0,575,unobserved_2026_outcome
9cdac7650fd77b29498c662207b9ff2111d93ba6efe973327ee488c8447cdea8,2026,5156440,Jamarice,Wilder,RB,RB,Louisville,Southern Miss,rushing_yds,315.28896098891596,15.0,False,3,100.0,575,unobserved_2026_outcome
cf7f8c1f461e398addbb33b3eeddb6a201511e377d68ce1d5cee56af5d30e670,2026,5164730,Autavius,Ison,RB,RB,Mercer,Toledo,rushing_yds,285.5666064576711,,True,7,100.0,575,unobserved_2026_outcome
ac03884b4393be41ccdd82d0c95662a556cf36fddbbe85865a53ee87beb7b1a6,2026,4920135,Kalib,Hicks,RB,RB,Oklahoma State,Western Kentucky,rushing_yds,327.10573427012,128.0,False,3,100.0,575,unobserved_2026_outcome
3748936635c701bd565abda57c86974c3d3e52e7c660202173a3ac78d9f43aba,2026,5228646,Rod,Gainey Jr.,RB,RB,Charlotte,LSU,rushing_yds,421.2490358869142,260.0,False,0,100.0,575,unobserved_2026_outcome
16185572996ed2e3d4e64400d589388b4d4d70521193445d2f8914f165d5cc73,2026,5258290,Malachi,Fannin-Render,RB,RB,Liberty,James Madison,rushing_yds,298.23817350679775,6.0,False,3,100.0,575,unobserved_2026_outcome
ff9e6862c70efc0b2a27099cde7b752c23dd852c3c385508b940b3819e5407ad,2026,4698727,Dallan,Hayden,RB,RB,Colorado,Memphis,rushing_yds,389.41899477145535,326.0,False,0,100.0,575,unobserved_2026_outcome
f46501331214192b1c14a6341cccae86d98663a120740093f18098a19255e3b8,2026,5136049,Duke,Watson,RB,RB,Louisville,UCF,rushing_yds,359.78514397244226,158.0,False,0,100.0,575,unobserved_2026_outcome
17a5e1be3b44953312a421327862953920989e589c0ad7b91402341a79168f4d,2026,4911971,Jahiem,White,RB,RB,West Virginia,North Texas,rushing_yds,363.2856646084589,133.0,False,0,100.0,575,unobserved_2026_outcome
26851eca75d2ec2f42da778f3163d008685ad51f2f85c076bff6703a30190a8f,2026,5300926,TJ,Lester,RB,RB,West Georgia,Marshall,rushing_yds,409.9089868353842,432.0,False,0,100.0,575,unobserved_2026_outcome
32298a70f399ec3bfb8f2cc36ab26533ace976749b18d93fe438d608a24fba15,2026,5155532,Sawyer,Seidl,RB,RB,North Dakota,Wake Forest,rushing_yds,470.40643679645103,897.0,False,0,100.0,575,unobserved_2026_outcome
d0d3cde6335e6edac555ae3eb116cf83ba1900cdc1e105f661f16d24e74746a5,2026,4870839,Kaleb,Jackson,RB,RB,LSU,North Carolina,rushing_yds,331.2535732069244,16.0,False,0,100.0,575,unobserved_2026_outcome
58bcded1b155bd1df696242b8875811bd9515d79a135d8f0eb073f31fdd224f9,2026,4805256,Sutton,Smith,RB,RB,Memphis,Arkansas,rushing_yds,494.67316748972513,669.0,False,0,100.0,575,unobserved_2026_outcome
2098e1ceaf64ca1f515af00bdd5bacd6464dac7886cb84b0c64bd9fb3b4da3a3,2026,5120735,Landon,Walker,RB,RB,Colorado School of Mines,TCU,rushing_yds,288.10397376630016,,True,7,100.0,575,unobserved_2026_outcome
d901ee49275a79229880e044c862dd55a437dcb9680528ae8ece208565546e67,2026,5147861,Adam,Mohammed,RB,RB,Washington,California,rushing_yds,565.1798162181541,523.0,False,0,100.0,575,unobserved_2026_outcome
3036e8d3b4fcfeb9a11fa83565a7dd9ff354d350196083d99f543ec32fc8deb8,2026,5076584,TJ,Washington Jr.,RB,RB,Iowa,New Mexico State,rushing_yds,348.689479510551,98.0,False,0,100.0,575,unobserved_2026_outcome
d78783e72fcfb70de7a95ba8c7a4fbdc25bddc8ceb6c5d514b1eba25059a50aa,2026,4870760,Justice,Haynes,RB,RB,Michigan,Georgia Tech,rushing_yds,581.7967684709292,857.0,False,0,100.0,575,unobserved_2026_outcome
04744635684d63e98cd9b3f35aed84e7d359eee4119ac44ba1b05a052542a634,2026,5126514,Harry,Stewart III,RB,RB,Kansas,Boise State,rushing_yds,358.1630781174706,98.0,False,1,100.0,575,unobserved_2026_outcome
4a6ae7f8d55738f3aacb428931f5eb4e6dec4600a76e37c772944e5bef67b653,2026,5079410,Jerrick,Gibson,RB,RB,Texas,Purdue,rushing_yds,345.3632679027672,152.0,False,3,100.0,575,unobserved_2026_outcome
63027e74bf0cda407b365106e9953cb64c68e1528172d0cc2816c262490fc844,2026,5224792,TJ,Thomas Jr.,RB,RB,Elon,Minnesota,rushing_yds,442.44183166756994,384.0,False,0,100.0,575,unobserved_2026_outcome
11313c7764f33410bb4131927f2f3040fe2b634e1e30671cc702e465756ff18f,2026,5122553,Peyton,Lewis,RB,RB,Tennessee,Virginia,rushing_yds,378.8961317181438,290.0,False,0,100.0,575,unobserved_2026_outcome
39e5f8e1898971b1f4f8c1a2de00f850201583bb56c4edf3ee999b946ca2b1ac,2026,5079468,Davion,Gause,RB,RB,North Carolina,NC State,rushing_yds,406.00533027790016,258.0,False,0,100.0,575,unobserved_2026_outcome
687781b9ad3dda3591546ec91721c887ec2270852120d3caf93f09be162a1d8c,2026,5225383,Tariq,Thomas,RB,RB,Bucknell,Fresno State,rushing_yds,426.63764605496317,602.0,False,0,100.0,575,unobserved_2026_outcome
79e37b00d49fd0deec40938e3db50e0038f7fab0e5ebb07bcc44fefec8043982,2026,5238020,Brendon,Haygood,RB,RB,Missouri,North Texas,rushing_yds,309.573834931805,12.0,False,3,100.0,575,unobserved_2026_outcome
c2ed543f094cb7747f1ac2f1bb24a0c901629cf40d005dcab987fadfc9c99cf8,2026,5296247,Cyncir,Bowers,RB,RB,West Virginia,UConn,rushing_yds,390.5801449435509,249.0,False,2,100.0,575,unobserved_2026_outcome
703f23aad24d9060c39c5a65e3ff0dddb6ea001607d2cec0b7ca9e5cad89ec78,2026,5085507,D.J.,Crowther,RB,RB,Dartmouth,South Florida,rushing_yds,508.1687600395694,929.0,False,1,100.0,575,unobserved_2026_outcome
8c7d53beee3e426c576212e8b2b784eb7cee96f52d5124b8449f8d6b5184b6f8,2026,5153885,Rodney,Nelson,RB,RB,Monmouth,Miami (OH),rushing_yds,635.8092463210165,1805.0,False,0,100.0,575,unobserved_2026_outcome
a483cfff1e2fcbb3a64ad810117a53b081b772ce05f03a323799aefef0e6e3cc,2026,5298748,Nick,Herman,RB,RB,Drake,James Madison,rushing_yds,486.0982124179826,921.0,False,0,100.0,575,unobserved_2026_outcome
3a850772d1667dbfcbc53843cb8cc865096b7eab0ac928ec674a9b13519ff2c5,2026,4432757,Evan,Pryor,RB,RB,Cincinnati,Florida,rushing_yds,438.769422486044,522.0,False,0,100.0,575,unobserved_2026_outcome
19cf3b6ba96bcb719c99674dbcbb21a315e74c0e9c1a45151f8b43f620a35f6c,2026,5081363,Justin,Williams-Thomas,RB,RB,Marshall,Massachusetts,rushing_yds,357.64374605467697,197.0,False,0,100.0,575,unobserved_2026_outcome
4e07c0ec58dfb624984083e016174e6e4e9fc2cad1484683f42935977fbb451b,2026,4685436,Antonio,Martin Jr.,RB,RB,Kansas State,Middle Tennessee,rushing_yds,355.42081677353633,129.0,False,3,100.0,575,unobserved_2026_outcome
e69ebd516835f7e79ac5d49e81402eddd6c5df37f9a648bbd1bc718e8e33fd5c,2026,4870609,CJ,Baxter,RB,RB,Texas,Kentucky,rushing_yds,394.15789820137303,196.0,False,0,100.0,575,unobserved_2026_outcome
f179b43581bb0b19f777dbda8be00b97d6faed1ae7de85f8a81e83c158fcc815,2026,4869341,Cade,Yacamelli,RB,RB,Wisconsin,Miami (OH),rushing_yds,347.3002581549991,128.0,False,0,100.0,575,unobserved_2026_outcome
eeb43b5592c235b1c82e71932046aaf76d7d68de2249c733f9fe54303e05c17e,2026,4871053,Hollywood,Smothers,RB,RB,NC State,Texas,rushing_yds,681.839574427444,939.0,False,0,100.0,575,unobserved_2026_outcome
cf58f2b5cd13b079db2a6bb840558da7993c580217af62c9dfe566b7c8b130d1,2026,5226949,David,Avit,RB,RB,Villanova,Arizona State,rushing_yds,450.14978190280533,687.0,False,0,100.0,575,unobserved_2026_outcome
52809f2d89be9082a2cf6ba9b245ce26111bb00bd490b03aaaf15e0dda35b558,2026,4612624,Antwan,Roberts,RB,RB,Marshall,Arizona,rushing_yds,429.1875975904405,512.0,False,0,100.0,575,unobserved_2026_outcome
09ed00c0df84312e8d450030ba9821e43b92a09c9806703681a4be56f4b9246f,2026,5150132,Mar'Kel,Porter,RB,RB,Bowling Green,Northwestern,rushing_yds,359.2387736026113,93.0,False,0,100.0,575,unobserved_2026_outcome
7ab1647862b69ee0614e3d167a679e99e1aebce3076bd6da612da9a2f87ae2d0,2026,5227849,Jordan,Washington,RB,RB,Murray State,Massachusetts,rushing_yds,455.66746762945695,340.0,False,0,100.0,575,unobserved_2026_outcome
aed5610a27002e65874caa0b8149dd53f3c4d9efafa578695fb0b5a5c3a35fa9,2026,4700811,Ja'Quez,Cross,RB,RB,Arkansas State,App State,rushing_yds,335.5630150890913,36.0,False,1,100.0,575,unobserved_2026_outcome
1d55420f7e6c5da4eb434af261f164980b67064d3807f6e7d6ae5de267cfef41,2026,5124975,Juelz,Goff,RB,RB,Pittsburgh,Boise State,rushing_yds,412.1719031974341,270.0,False,0,100.0,575,unobserved_2026_outcome
7de3fc9aa3747e10769098ce776efe7c655ee5f34dffd83dc9fff2977f21caa1,2026,5079360,J'Marion,Burnette,RB,RB,Houston,App State,rushing_yds,323.5060103186616,82.0,False,0,100.0,575,unobserved_2026_outcome
35056e900c510d70605af72e9d141b7a45d39e7d3a50254870952b0a75c9acfb,2026,5295930,Trequan,Jones,RB,RB,Old Dominion,Tulsa,rushing_yds,449.6659582020854,792.0,False,0,100.0,575,unobserved_2026_outcome
b70549d1d35508ac5945285de47ff2f59cf442cb3e69d5b1cde6402d8ffdac4e,2026,4870868,Jayden,Limar,RB,RB,Oregon,Washington,rushing_yds,417.5422934823164,262.0,False,0,100.0,575,unobserved_2026_outcome
7fc05fe9e7ad5ea74ef3e98992ba6e4943fc5af8205ec6e51550217ffe219567,2026,5225717,Savion,Hart,RB,RB,Georgetown,Georgia State,rushing_yds,472.6286798810566,816.0,False,0,100.0,575,unobserved_2026_outcome
874b8f3f37bdaa7ed4d9e1819fcda52a152a5b14cb46b390552d7ff2bb740e78,2026,5126524,Jakorion,Caffey,RB,RB,Cincinnati,Kent State,rushing_yds,291.0707405173309,6.0,False,3,100.0,575,unobserved_2026_outcome
2874568a2684bfacd88b1cc8db3f2bf5456cfa86037ea8608508a1fdd1d52ab2,2026,5157261,Ja'Vin,Simpkins,RB,RB,Coastal Carolina,UAB,rushing_yds,471.1630037272023,590.0,False,0,100.0,575,unobserved_2026_outcome
afafccfa67b26aede8500077470542a9209ddae7e9d0456aca4e7e402be441a0,2026,5227209,Anthony,Reagan Jr.,RB,RB,Howard,Louisiana,rushing_yds,462.3668019315799,549.0,False,0,100.0,575,unobserved_2026_outcome
a79bac41e0c3a6ab63a6102aa913ef09c021e9c83f01e8f5da944a07795d5694,2026,4918094,Damian,Henderson II,RB,RB,Sacramento State,Colorado,rushing_yds,433.2191491874203,565.0,False,0,100.0,575,unobserved_2026_outcome
291d153e2da76a1271e440c668656a777aa339f7b78973b53acca255c5f23ce1,2026,4923298,Peyton,Jones,RB,RB,Duke,Liberty,rushing_yds,329.80025912457586,34.0,False,1,100.0,575,unobserved_2026_outcome
412c624406e969f71b5ee626b3fb9eef692d81077611373479d4c66b8214356d,2026,5125784,Tyler,Jacklich,RB,RB,West Virginia,San José State,rushing_yds,317.42079780661913,36.0,False,3,100.0,575,unobserved_2026_outcome
8eb6fb16d5ff5d5d156537a2f2284b1b6c58a9887e9c3a215f07d255303eea8b,2026,5122155,Brady,Tillman III,RB,RB,Edward Waters,Florida Atlantic,rushing_yds,297.38554496907483,13.0,False,3,100.0,575,unobserved_2026_outcome
3fb4a1c830307fdcf320d8ed27fcbd51687aae7d1799077d849651a73eca3f9c,2026,5079699,Corey,Smith,RB,RB,Penn State,Toledo,rushing_yds,303.47958993008666,30.0,False,3,100.0,575,unobserved_2026_outcome
602b9f2b61aecc29a04b5a1dd0aab8c0fa3ec69371e6b3cbe3e86c310233ca4c,2026,5110516,Arnold,Barnes III,RB,RB,Tulane,Iowa State,rushing_yds,364.31494539217,217.0,False,0,100.0,575,unobserved_2026_outcome
e9b8014f9285a8273b26dcdf58839241fc05f5777959c3c58cf3ef9a979c3752,2026,5078144,Landen,Chambers,RB,RB,Central Arkansas,UCF,rushing_yds,599.1723086457127,1273.0,False,1,100.0,575,unobserved_2026_outcome
036541c07620f15baeebd9c195cd7e726cebf798aecccc5643fb51dbc478ebe8,2026,4900771,Marquis,Gillis,RB,RB,Delaware State,Arizona State,rushing_yds,495.05406756947735,1145.0,False,0,100.0,575,unobserved_2026_outcome
43f5779cabe57c50693ecba140e868775d15a0a8eb790659079fb9f2c93f7b61,2026,5091891,Lamar,Sperling,RB,RB,Buffalo,UTEP,rushing_yds,372.8340593438139,234.0,False,0,100.0,575,unobserved_2026_outcome
abb5df20d8532e67779049533a37d60093698f31395c57b64638e49890ec06ad,2026,4920162,Seth,Davis,RB,RB,Mississippi State,Tulsa,rushing_yds,372.76262739445735,47.0,False,3,100.0,575,unobserved_2026_outcome
692c539ee2a5a0c87e688792ec5a933ba111d75e9a64d643c1ee749fce948b14,2026,5219864,Terrez,Worthy,RB,RB,Temple,Maryland,rushing_yds,340.7576403010016,71.0,False,0,100.0,575,unobserved_2026_outcome
b0d68103efa1b0a8b3182e54cbc6af9fb062f36545962752b3499d1408aee202,2026,5294293,Javin,Gordon,RB,RB,Tulane,Tennessee,rushing_yds,440.6652957954939,516.0,False,0,100.0,575,unobserved_2026_outcome
4dccdbdc7f9296754116ffad6057d43805f72f5d980feb22f6d7bff81f9e7496,2026,5192899,Ashten,Emory,RB,RB,UTEP,California,rushing_yds,443.0291896514879,569.0,False,0,100.0,575,unobserved_2026_outcome
c73716df198921e2e2b913df74887c266561dab688da1d08f631012c447722cc,2026,5079651,DeVon,Rice,RB,RB,Kansas State,Hawai'i,rushing_yds,338.3114210662754,94.0,False,0,100.0,575,unobserved_2026_outcome
b244ccf9d066869f366c80e36df05635999b4fd31e04347710350bc2208402d7,2026,5390418,Leonard,Farrow,RB,RB,Fairmont State,Florida Atlantic,rushing_yds,283.02923914904204,,True,7,100.0,575,unobserved_2026_outcome
2db5a27fd41b71688a6021c2fadb3dca7d3319895631409ef9f1fde8cd5259c4,2026,4685268,Raleek,Brown,RB,RB,Arizona State,Texas,rushing_yds,681.241272327944,1141.0,False,0,100.0,575,unobserved_2026_outcome
937eda0ece7c4fcc4b8601379c1e76ee704cc48676bf132c451ca7916c8dd989,2026,5103798,Daelen,Alexander,RB,RB,Rice,Coastal Carolina,rushing_yds,372.86423378440253,392.0,False,3,100.0,575,unobserved_2026_outcome
ffb9c84991268156889313b7c119bae4e051a6e984109c745dac27ed614cb75a,2026,5154559,Jason,Collins Jr.,RB,RB,Morgan State,South Florida,rushing_yds,417.05183207739157,363.0,False,0,100.0,575,unobserved_2026_outcome
4617dc28b8790c07d735a386b3c73156b340ec246b923f0f9984dcd4882dfeb4,2026,4917981,AJ,Newberry,RB,RB,Vanderbilt,Oregon State,rushing_yds,329.04035158929065,57.0,False,0,100.0,575,unobserved_2026_outcome
350ea5ed89cfb366860b317e18f280fd30689753aeab61c2ec75d2a2b66efb4a,2026,5141431,DJ,Dugar Jr.,RB,RB,Oklahoma State,Tulane,rushing_yds,290.6413410749292,,True,7,100.0,575,unobserved_2026_outcome
98d3e721192520f2380d7d1efe760373c7c00c2bf9cede5631e562412929d258,2026,4601283,Trey,Cooley,RB,RB,Troy,Washington,rushing_yds,288.10397376630016,,True,7,100.0,575,unobserved_2026_outcome
044b9a0b973a7db2f75dcea5b68e75065ed6e87074414b404ac5c11a63f6d0e8,2026,5122043,Jaylen,Poe,RB,RB,Northern Illinois,Georgia State,rushing_yds,375.95576077796056,40.0,False,0,100.0,575,unobserved_2026_outcome
2726ab75acee0ac4eb8dd82cd09655c5a8c0f06c049ff5d660df6dfc7ffea11d,2026,5086097,Jaheim,Merriweather,RB,RB,Purdue,Troy,rushing_yds,293.03863881582595,4.0,False,3,100.0,575,unobserved_2026_outcome
acce7644feaa0f3c11f4fb3b48aa78ebd7140d2a7a0c213fb42f3c14296f484c,2026,5078005,Abu,Sama III,RB,RB,Iowa State,Wisconsin,rushing_yds,445.9872117253058,732.0,False,0,100.0,575,unobserved_2026_outcome
9a5bedc2ee4a5d6593773975f73d97ec637b25d2ef6117ad062322d9a4cf6f07,2026,5193388,Jaden,Allen-Hendrix,RB,RB,Oklahoma State,Coastal Carolina,rushing_yds,283.02923914904204,,True,7,100.0,575,unobserved_2026_outcome
6ef2671d2128b2255bf221c145ca713dca68e471386ea0f5b12363f8965391b4,2026,5141742,Jabree,Coleman,RB,RB,Penn State,South Carolina,rushing_yds,290.6413410749292,,True,7,100.0,575,unobserved_2026_outcome
59b4909ee4b59ad14ad9b0536cd161603772fbefe5cc4cc89a9da4a86a70968e,2026,5110454,James,Peoples,RB,RB,Ohio State,Penn State,rushing_yds,422.5432958035243,344.0,False,0,100.0,575,unobserved_2026_outcome
30d02116977fe4d9c099af91ad453e39cf1757aecf0e4fd2d5dcbf6a6918223f,2026,4875861,Ayo,Adeyi,RB,RB,James Madison,Oklahoma State,rushing_yds,340.4865198894517,120.0,False,3,100.0,575,unobserved_2026_outcome
71b6a98d1951ff8e85bcdaaf41d1735cbf9ed0663b2082689c6e2d8e55215c3c,2026,5150313,Kanye,Udoh,RB,RB,Arizona State,Liberty,rushing_yds,360.65518045751105,240.0,False,0,100.0,575,unobserved_2026_outcome
fae6718301eba168a34750fb381ee11dbc8c3ee5c507fc97b7ef2ed2ac998a56,2026,5258016,Caleb,Hawkins,RB,RB,North Texas,Oklahoma State,rushing_yds,676.465630020219,1424.0,False,0,100.0,575,unobserved_2026_outcome
1e1c6310574d4b32563ffc3f7005df2958ccd22cf31a28a70de67b9955e83ca1,2026,5146724,Turbo,Richard,RB,RB,Boston College,Indiana,rushing_yds,529.2138407172056,749.0,False,0,100.0,575,unobserved_2026_outcome
ed891f67c886700489c0648fe0e352bdd6aafd81de079225d3137f0558078224,2026,5194306,Ashton,Gray,RB,RB,North Texas,East Carolina,rushing_yds,389.6073578903933,377.0,False,0,100.0,575,unobserved_2026_outcome
0d7de7a80fc8d0106155230cdab616b542d903d74522e770181b00d927fdd921,2026,4899368,Kendrick,Raphael,RB,RB,California,SMU,rushing_yds,684.5649387505097,952.0,False,0,100.0,575,unobserved_2026_outcome
95892a942e9ae336e29cbbb869994db6c5ff16b30ed761eed599c12193caeef5,2026,4918103,Cam,Cook,RB,RB,Jacksonville State,West Virginia,rushing_yds,657.1163954666895,1666.0,False,0,100.0,575,unobserved_2026_outcome
4894f190d67f8568dcba11a87265b6f495efc1c050ad084bfcd215fd1b9bba6d,2026,5234086,Triston,Morgan,RB,RB,Benedict,Kennesaw State,rushing_yds,275.41713722315495,,True,7,100.0,575,unobserved_2026_outcome
40a0197bbc28dd2c1b3681ff36b311f1ea4d29988817421d64884b73da7c3c80,2026,5156906,Bill,Davis,RB,RB,Louisiana,Virginia Tech,rushing_yds,467.21203676231306,763.0,False,0,100.0,575,unobserved_2026_outcome
d83c4e08fb1cf420f7e32641ef434f0c9f708bea8430f4147aa38914985dc19e,2026,5390453,William,Mason,RB,RB,Central Oklahoma,Oklahoma State,rushing_yds,288.10397376630016,,True,7,100.0,575,unobserved_2026_outcome
8e369410d52a79281fa0cfee4956e48d5a1f8674c466385a6235e3dd66f81e2b,2026,5227400,Travis,Terrell Jr.,RB,RB,Jackson State,Purdue,rushing_yds,427.9367845845905,607.0,False,0,100.0,575,unobserved_2026_outcome
8a66711ef7938be835e738233681313be406477905f4e9e1642e3fdf3f7048c0,2026,5254150,Javion,Kinnard,RB,RB,Colorado State,San Diego State,rushing_yds,408.88572232748845,56.0,False,1,100.0,575,unobserved_2026_outcome
db2d147c9d56b3f3b3e864e886280e35965a007ab3642cd0a73c7d35e4afa288,2026,5227257,Markell,Holman,RB,RB,Western Illinois,Wyoming,rushing_yds,607.4518276339553,999.0,False,0,100.0,575,unobserved_2026_outcome
dab02579cfb155d9309bcb5f63113d98b349e833180bdac5a3d7aabd09b24772,2026,5233868,Lanear,McCrary Jr.,RB,RB,Shorter,Georgia State,rushing_yds,285.5666064576711,,True,7,100.0,575,unobserved_2026_outcome
6d7f72054f808cdafbd4097e8dd3b9223aba4cadeda064cc49313e3ab3b8bc0d,2026,5125823,DJ,McKinney,RB,RB,New Mexico,Tulsa,rushing_yds,458.1136108134452,464.0,False,2,100.0,575,unobserved_2026_outcome
d914d6279f3de1c15d743e8b09b15291cfa98936ea85f9dc30c4e25e556af8ca,2026,4897730,Bam,McReynolds,RB,RB,UL Monroe,UAB,rushing_yds,453.9528370128838,614.0,False,0,100.0,575,unobserved_2026_outcome
4b9cf3e5de2f491a15c7ba03e239dc4f4e0b5d7cadf8c4521face204d6886648,2026,5227742,Nick,Osho,RB,RB,Indiana State,North Texas,rushing_yds,433.83019010371436,686.0,False,0,100.0,575,unobserved_2026_outcome
23a291c97b59f1d2ca8675001bf9c4e201b87e6019c10c608db527dff3e868e9,2026,4923252,Dante,Dowdell,RB,RB,Kentucky,Georgia,rushing_yds,519.797467957943,560.0,False,0,100.0,575,unobserved_2026_outcome
68818d93040f096b7a65cb07747cc17edbe9cbf43ae049e7a263bafb5b790bb5,2026,5193496,Jay,Harris,RB,RB,Oregon,Kansas State,rushing_yds,378.5749232108902,151.0,False,0,100.0,575,unobserved_2026_outcome
fb7d569e4c95d673f0acf99ce40547ec23c256a39708bd7afedfaf823eba18a4,2026,5077502,Carson,Hansen,RB,RB,Iowa State,Penn State,rushing_yds,535.6325939920962,950.0,False,0,100.0,575,unobserved_2026_outcome
98c2da7afe6c34b5026236dcfa9cc25c431ba177d5817489124a384412ee77fe,2026,4685184,Don,Chaney Jr.,RB,RB,Charlotte,UL Monroe,rushing_yds,290.6413410749292,,True,7,100.0,575,unobserved_2026_outcome
aa4d17db74c20b88708218ad1bb3d28dce7d6613a394be9605ed560bb5f2d796,2026,5383063,Breezy,Dubar,RB,RB,Boise State,Missouri State,rushing_yds,285.5666064576711,,True,7,100.0,575,unobserved_2026_outcome
8a64a70447ea37d704fa905d1b9c5cfeed0f9fd669dff5f54701dadc85f5e41e,2026,4684421,Simeon,Price,RB,RB,Colorado,Oregon,rushing_yds,385.3798681871393,144.0,False,0,100.0,575,unobserved_2026_outcome
b6bdd80803f3659ca3f7eb2bfc8aa6af7649def70e719e4a9890aa291e77a172,2026,5184165,Nykahi,Davenport,RB,RB,South Florida,Auburn,rushing_yds,429.5863839940637,612.0,False,0,100.0,575,unobserved_2026_outcome
38f24b006ad7508b4ac95c70d791c7f1e4a7e201d8f31db45326280c9e710589,2026,5078422,Brandon,High Jr.,RB,RB,California,UTSA,rushing_yds,343.5721889059404,98.0,False,0,100.0,575,unobserved_2026_outcome
b429a47b3fabe6a82bca7a6b54ff077a45f0cdfd466d275c15f5850693c6e780,2026,5197158,Malachi,James,RB,RB,Syracuse,Eastern Michigan,rushing_yds,259.67846358250716,-2.0,False,3,100.0,575,unobserved_2026_outcome
29504f911648dbbf3411f26f6aab0709ca2835edfe3dc25444c2155ddb22b8b3,2026,5301028,JaQuail,Smith,RB,RB,Sacramento State,Colorado,rushing_yds,406.1982645348431,511.0,False,0,100.0,575,unobserved_2026_outcome
697fec6a3e75066cbc48d3a85d8613662de74367e51a1fbcbad4178fb262df90,2026,5086378,Diore,Hubbard,RB,RB,West Virginia,Wyoming,rushing_yds,443.39186862096994,335.0,False,0,100.0,575,unobserved_2026_outcome
317085e4b4c4a873ec1754d63474baf647c01d154cda1bde346c375a0eeee1ab,2026,5159948,Chris,Johnson Jr.,RB,RB,SMU,Clemson,rushing_yds,466.98463193969565,479.0,False,0,100.0,575,unobserved_2026_outcome
a6169bad383a3f8ca201cd03fed36402849376007a6204c4bed96e409e237c2e,2026,5079500,Bryan,Jackson,RB,RB,USC,Wisconsin,rushing_yds,343.3983537424215,123.0,False,0,100.0,575,unobserved_2026_outcome
3458251e2f707085447e74e7d57725fe07f5ec8f27793ddf78ed0c2ac1229478,2026,4954455,Bryson,Washington,RB,RB,Baylor,Auburn,rushing_yds,583.4590273137275,788.0,False,0,100.0,575,unobserved_2026_outcome
b1c23427a2da7a91b094c98196ec7f6f8b32becc8a0f529d0e740afcddce22ff,2026,5209688,JT,Lindsey,RB,RB,LSU,Ole Miss,rushing_yds,290.6413410749292,,True,7,100.0,575,unobserved_2026_outcome
83f2ac6d63be0e56fd270821deb3e86a2cf508f849064c0902a4f34e3059e4fc,2026,5092811,CJ,Miller,RB,RB,Mercer,Toledo,rushing_yds,522.0286260281995,953.0,False,0,100.0,575,unobserved_2026_outcome
c5c6b534e832f656dd34bb628aeb0e28d3c7cd1ec3e49bd1a01f680e4e3a9dd8,2026,5382987,Jaden,Miller,RB,RB,Keiser (Fl),Louisiana Tech,rushing_yds,288.10397376630016,,True,7,100.0,575,unobserved_2026_outcome
90f6fca4404560559fb089c2e84da6327ab0c2dac78722d10349bed0393421b8,2026,4816098,Makhi,Hughes,RB,RB,Oregon,Houston,rushing_yds,349.51814212673276,70.0,False,0,100.0,575,unobserved_2026_outcome
f4fe043b713485c50d94907d7574a6e1e2ed68f8caf547634555a68ee83769ea,2026,5218820,Johnnie,Daniels,RB,RB,Mississippi State,Tulane,rushing_yds,345.4982458212459,44.0,False,1,100.0,575,unobserved_2026_outcome
deca524acff20e250d4f0ee99a0fbb3aab69c74c0115a3e6724d5dba5df9c440,2026,5127724,Christian,Clark,RB,RB,Texas,South Carolina,rushing_yds,383.908528643402,236.0,False,0,100.0,575,unobserved_2026_outcome
957901ca4340cce8b4569172d0ab347630587a4751bb6d6060eb5985e75525ba,2026,5079364,Kam,Davis,RB,RB,Florida State,Liberty,rushing_yds,367.7007323069846,51.0,False,0,100.0,575,unobserved_2026_outcome
c5bd1aa30ad7d6ab13e45e6b8aa3dd73d53d82285b6956b8ca5c836ae892ad69,2026,4685269,Jovantae,Barnes,RB,RB,Oklahoma,Kentucky,rushing_yds,321.9891181420557,45.0,False,0,100.0,575,unobserved_2026_outcome
d63da3c5d5fc464ccf572e573c0083ce083c203cf9b2d620bf91dd99b3473aed,2026,5224505,Tre,Page III,RB,RB,Tarleton State,Oklahoma State,rushing_yds,457.910374393072,839.0,False,0,100.0,575,unobserved_2026_outcome
0851ed0c9c7aaff45744afc487cb892081e89034a94a60132d1966e8d6e6ec79,2026,5081332,Jaziun,Patterson,RB,RB,Iowa,Michigan State,rushing_yds,384.91673380810226,296.0,False,0,100.0,575,unobserved_2026_outcome
1650699067d51c2dc141e0e8eb2fe93ff24e79f2bad645ac96c2640912c9220b,2026,4918414,Dylan,Edwards,RB,RB,Kansas State,Kansas,rushing_yds,381.6893512287952,205.0,False,0,100.0,575,unobserved_2026_outcome
aba3f65d0e6aa0d3941f3c94dafe83decb1406487f8468a4d7a327653b059db2,2026,5382856,Bryson,Roland,RB,RB,Arkansas Tech,UL Monroe,rushing_yds,288.10397376630016,,True,7,100.0,575,unobserved_2026_outcome
a74f88236e2d1bb44e5959952f69fbd667e0a56242ea6b1c21ed10330b96a8c9,2026,4941012,London,Montgomery,RB,RB,East Carolina,Florida,rushing_yds,492.32680038176795,742.0,False,0,100.0,575,unobserved_2026_outcome
a586224bb73d2c2834e0b92382e0470d011efc9c61635eb697c01d291d843815,2026,4685699,Damari,Alston,RB,RB,Auburn,Tulsa,rushing_yds,359.2514792392781,128.0,False,0,100.0,575,unobserved_2026_outcome
fcf928042fad973910b932115481069114aaaa164c19ac79858966854dd85890,2026,5078251,Justin,Marshall,RB,RB,Colorado State,Liberty,rushing_yds,396.1213883673085,260.0,False,0,100.0,575,unobserved_2026_outcome
e51b7c98eeed9445d70028f13a6482ad057e2ce5c474c8892c8313660e279295,2026,4871148,Jaylin,Lucas,RB,RB,Florida State,Tulane,rushing_yds,411.8889505076073,160.0,False,0,100.0,575,unobserved_2026_outcome
d6fb05e86eaa0fa0e6a127c5330f66987c67d9ff3cf7716d6b568876b04831eb,2026,4871013,Gemari,Sands,RB,RB,Florida Atlantic,Florida State,rushing_yds,559.7536825596678,465.0,False,0,100.0,575,unobserved_2026_outcome
8a7618b3be5c91c4b450a38a9d0857ab5f94c0b3fa52baa7b8ba4b67a9abdf76,2026,5148741,Khamani,Alexander,RB,RB,App State,Charlotte,rushing_yds,336.25026392945887,50.0,False,1,100.0,575,unobserved_2026_outcome
4b45813071a6e8a0c0c959659d650ac6e7bb60497c086406a70b6889b437987f,2026,5296612,Steve,Chavez-Soto,RB,RB,San José State,Utah,rushing_yds,400.30806017192407,448.0,False,0,100.0,575,unobserved_2026_outcome
107c9508cf3fbdc879620c82871151d1ecb9036b0e0f0a8c57043bcd44b915fd,2026,4871076,Quintrevion,Wisner,RB,RB,Texas,Florida State,rushing_yds,587.6423200373778,597.0,False,0,100.0,575,unobserved_2026_outcome
6f2c077faf51866602a67d273c9531c2a744b2f4ac9f3d300e46698f170db909,2026,4596437,AJ,Green,RB,RB,Arkansas,Western Michigan,rushing_yds,390.29693153821205,11.0,False,4,100.0,575,unobserved_2026_outcome
051ef7ea78277d89af15563ae29e65b31e1c3eec636b0da534e0b106124966bc,2026,4683234,La'Vell,Wright,RB,RB,Western Kentucky,Pittsburgh,rushing_yds,413.28618260513053,471.0,False,0,100.0,575,unobserved_2026_outcome
b95604f3b51eaafaa85972fbb8af0f455b22f995855ac8b34a9c18b9d2e112cb,2026,4912342,Wayne,Knight,RB,RB,James Madison,UCLA,rushing_yds,656.5553488441788,1373.0,False,0,100.0,575,unobserved_2026_outcome
8a0a7fc0ce80d34c78326b4c9263f36e313069d7a17c1f235554ef67f8854860,2026,5150582,Salahadin,Allah,RB,RB,Oregon State,Iowa State,rushing_yds,345.2181365447896,71.0,False,0,100.0,575,unobserved_2026_outcome
010ef50f3d57e3d4802af2d2540f7f2c0955e83a2d260d7c840b8f7f79b6c6ed,2026,5214410,Jasper,Parker,RB,RB,Michigan,Arkansas,rushing_yds,327.4612511990195,93.0,False,3,100.0,575,unobserved_2026_outcome
f91c68da90272631ba55cb5c1df23b0e324724917bfe4e34671489118343386c,2026,4871081,Richard,Young,RB,RB,Alabama,Colorado,rushing_yds,326.46056836244276,64.0,False,0,100.0,575,unobserved_2026_outcome
4bc6223ebadab86efe73237a24ef3c3fb5b4208740a9bd1b72d48e8c8735e8db,2026,5214937,Jaron,Thomas,RB,RB,Purdue,Minnesota,rushing_yds,361.04462636268295,15.0,False,0,100.0,575,unobserved_2026_outcome
3676aa42d524a7842d9780c3b0dc74bd72304f9bbf6386341f85f4fd821d7b22,2026,4875755,Mason,King,RB,RB,Illinois State,Kent State,rushing_yds,338.2419137889597,38.0,False,2,100.0,575,unobserved_2026_outcome
057c05faf0ff2d8c0f7aef9e402e10f59ecf59c250f0b601ea7d6bd57b394082,2026,4880964,Terron,Kellman,RB,RB,Wyoming,Liberty,rushing_yds,389.99557689325184,331.0,False,1,100.0,575,unobserved_2026_outcome
3e40f149a37bacffa62123a8e5c6170b0cb44fec4704d6b3b19d9165ddade853,2026,5388312,Dylan,Armentrout,RB,RB,Defiance College,Kent State,rushing_yds,205.78057658916396,,True,8,100.0,575,unobserved_2026_outcome
0c27d65b805917ced1efe6057a46af206fa5eb0c851b3abe04eb8ecae5636ec9,2026,5295750,D'Mariun,Perteet,RB,RB,Coastal Carolina,Charlotte,rushing_yds,275.41713722315495,,True,7,100.0,575,unobserved_2026_outcome
142313897cff84a838e7f32ecbc19074ba13f67abe944a576e46fba7474fc016,2026,4685237,Michael,Allen,RB,RB,Marshall,East Carolina,rushing_yds,497.7425589162991,385.0,False,1,100.0,575,unobserved_2026_outcome
ad704755d5118be58a39182a437c8d0576348eed2b92ebe0e2247e1c638575c2,2026,5382994,Harrison,Williams,RB,RB,Harding,Louisiana Tech,rushing_yds,280.491871840413,,True,7,100.0,575,unobserved_2026_outcome
ee3eeae51b1ee7d1a412f33335ad3cf2f63318c9fa4a2513bd34619d3f0c9b26,2026,5079482,Dilin,Jones,RB,RB,Wisconsin,LSU,rushing_yds,401.23536723244064,300.0,False,0,100.0,575,unobserved_2026_outcome
58dc78ac8879400388b3a676721063f69a577c4bfb2d022330709dc67c1cf902,2026,5125335,Rodney,Fields Jr.,RB,RB,Oklahoma State,Kansas State,rushing_yds,528.9274976979202,614.0,False,0,100.0,575,unobserved_2026_outcome
2fa60eaa91a2bc4446bc8a93ecf3bfcbe6855ee740f4438c7990aa503d2df97f,2026,5220253,James,Jones,RB,RB,Delaware State,New Mexico State,rushing_yds,469.88944276928595,958.0,False,0,100.0,575,unobserved_2026_outcome
d7b3b08d7eb60af6b8fbc59b134025513b92def24339682eb465b58cb339ee0e,2026,5148905,Carter,Vargas,RB,RB,UC Davis,California,rushing_yds,419.32806106994576,445.0,False,0,100.0,575,unobserved_2026_outcome
71dbd42092790f1b676c37cebfd32b85d0770483f9ef5767f4b2cc8a95d769ad,2026,5081966,Colin,Page,RB,RB,Texas,North Texas,rushing_yds,291.05400598547413,,True,9,100.0,575,unobserved_2026_outcome
356c6472a28fc5ef25bcdfdeae47407c886e10c563b1a07e114b1ace99d6e9c2,2026,5089860,Chance,Williams,RB,RB,Cincinnati,Charlotte,rushing_yds,303.77463051322934,35.0,False,4,100.0,575,unobserved_2026_outcome
1ffdd59288c614b9564d77e8e27c7d3d1d1b95c125a024af4d8cfb0c544c8dbe,2026,5094035,Wilhelm,Daal II,RB,RB,Yale,Duke,rushing_yds,433.3777699846474,439.0,False,0,100.0,575,unobserved_2026_outcome
edaea79306e75706315e00466a9ff6f3658135fcc36bfdd3445cee3fce7ec5f7,2026,5141420,Marquise,Davis,RB,RB,Missouri,Louisville,rushing_yds,359.7260834773933,200.0,False,3,100.0,575,unobserved_2026_outcome
9828d517198fdef58ee0a1654720fab2f528519c07b83ee957c1dca6ab297881,2026,5079537,Ju'Juan,Johnson,RB,RB,LSU,Syracuse,rushing_yds,415.2107174766965,155.0,False,0,100.0,575,unobserved_2026_outcome
736fdf9a0e048cb135f3f1120d8fd85e670dd3b6af4c97efb35a4425a120e32c,2026,4685545,Gavin,Sawchuk,RB,RB,Florida State,Northwestern,rushing_yds,434.9476527267594,486.0,False,0,100.0,575,unobserved_2026_outcome
edb11d47370ae5ef39459449899b686cf692a42ed3d7f2f448c8851b247c31b4,2026,5107875,Cole,Tabb,RB,RB,Stanford,Cincinnati,rushing_yds,403.09415249178164,445.0,False,0,100.0,575,unobserved_2026_outcome
0601e0580084a1807bec717896500ba738c6048e600038aa47d0db5605e5d903,2026,5086034,Cam,Edwards,RB,RB,UConn,Michigan State,rushing_yds,540.8080837313711,1240.0,False,0,100.0,575,unobserved_2026_outcome
bf1138d14be95cfa47ccd089412fdec1f9447f102774b0acbec37017d913ccd4,2026,5086379,Brandon,Hood,RB,RB,Massachusetts,Southern Miss,rushing_yds,422.64000426722566,368.0,False,0,100.0,575,unobserved_2026_outcome
d529f896c7a26e5c40f9a4307cd83d14ff74e53c887903c08ba9d0461a98baee,2026,5196378,Raycine,Guillory,RB,RB,Utah,LSU,rushing_yds,315.50782156055783,4.0,False,3,100.0,575,unobserved_2026_outcome
2a346f42ff5f554ec5f737e68ccbf03903200000e3562ef93527a9b59a7b94f2,2026,4880395,Tae,Meadows,RB,RB,Troy,Auburn,rushing_yds,466.53355859628937,695.0,False,0,100.0,575,unobserved_2026_outcome
75cab4727813afa40ced5dd35d6cd6e1e915cb4e49c31e29fb7baf2c2c14ab59,2026,4887640,Kaderris,Roberts,RB,RB,Bowling Green,Delaware,rushing_yds,439.6903577796012,215.0,False,0,100.0,575,unobserved_2026_outcome
7d29665580f999f3e0900432845b79ac46a49fbf0df8f4f5f2ee557e24caa532,2026,5222223,KD,Daniels,RB,RB,Florida,Wake Forest,rushing_yds,355.16299953375824,120.0,False,0,100.0,575,unobserved_2026_outcome
2483b59e10e308519bd677c98d9c6c1449bd496411f5e77aa1d620357c4b00d9,2026,5122883,Dylan,Lee,RB,RB,Iowa State,UCLA,rushing_yds,348.61572431768275,117.0,False,0,100.0,575,unobserved_2026_outcome
fe651baba5020aa153536c43bd81a8a5b76b39a850ccc40cec889d69abf6d889,2026,5079749,Yasin,Willis,RB,RB,Syracuse,Kansas,rushing_yds,434.6537789702016,553.0,False,0,100.0,575,unobserved_2026_outcome
b6c425205cc405e10ec2fb29afdd00dbbc64ae360e85ae94791d8d510ca6f27c,2026,5141419,Harry,Dalton III,RB,RB,USC,Maryland,rushing_yds,337.98629886003425,44.0,False,3,100.0,575,unobserved_2026_outcome
39b0c9be72d79a7129e73646b454e27caa5d184fe9049add100eb96fa08a9fdc,2026,5084459,Cincere,Rhaney,RB,RB,San Diego State,Sacramento State,rushing_yds,315.90568416927294,19.0,False,3,100.0,575,unobserved_2026_outcome
5d3fc1ade0753a57165e022a2fc3a035147cb0542f6764aa32b2c06022d9d993,2026,5174993,Kenneth,Williams,RB,RB,Nebraska,Michigan State,rushing_yds,333.5597422762192,22.0,False,0,100.0,575,unobserved_2026_outcome
84b84dec46b3b37f231f5314011fe84b857c5607a9c1ce0c68c3dbde8130f0d6,2026,5157391,Jayden,Clerveaux,RB,RB,Holy Cross,Central Michigan,rushing_yds,452.8921899360212,762.0,False,2,100.0,575,unobserved_2026_outcome
f5a09c1e13fd2b43d3aba7573d9f5073b7e1bee4e22a730fc3c4f8065af0a9d1,2026,5218961,Fame,Ijeboi,RB,RB,Minnesota,Purdue,rushing_yds,420.71041554304304,441.0,False,0,100.0,575,unobserved_2026_outcome
05bb3e0d8070b9dde7399501a4219ccef894a300a00449b1dfb1f6093d52affe,2026,5154420,Ahmad,Miller,RB,RB,Jackson State,Syracuse,rushing_yds,469.02942063461404,1035.0,False,0,100.0,575,unobserved_2026_outcome
22869918e45f09f3bba0d2bc374f1b1a6bfc81b74c00d42237b6a7e21fa3cc43,2026,5121607,Ke'Marion,Baldwin,RB,RB,Charleston Southern,Bowling Green,rushing_yds,457.5158521825621,778.0,False,0,100.0,575,unobserved_2026_outcome
0c28d57ee22021ea1f7645294a74dd850e6b0486ba333a85a9d615049a00260f,2026,5125900,Joshua,Dye,RB,RB,Southern Utah,Ole Miss,rushing_yds,518.2499195935088,1660.0,False,0,100.0,575,unobserved_2026_outcome
39583d4825e9f7940ec34171a35a56da06fdb19058a2b7c1b40a65208514fe56,2026,5075952,Trey,Cornist,RB,RB,Central Michigan,UConn,rushing_yds,381.482151319624,469.0,False,4,100.0,575,unobserved_2026_outcome
a539f2f839c3725f1dda8006470cb95ad21a6705ae071f8bdba18c67ddb3c2e9,2026,4921316,Nolan,Ray,RB,RB,Maryland,Boston College,rushing_yds,408.12700583676184,289.0,False,0,100.0,575,unobserved_2026_outcome
f4bfbcc7947c0d355c0f84ee2d3e0b0d870361a002fff42a970740309257212d,2026,4685695,Samuel,Brown V,RB,RB,Rutgers,Temple,rushing_yds,305.2437735235737,38.0,False,3,100.0,575,unobserved_2026_outcome
c9b67c06db5654f90dc3aa676d1b44b20803452cb3d580ef4d98871aa2ad224c,2026,5383050,Terrance,Brown Jr.,RB,RB,Saginaw Valley State,Middle Tennessee,rushing_yds,205.78057658916396,,True,8,100.0,575,unobserved_2026_outcome
c4385a8d8d02fb7a52afceb07bbbdda7185e0bfecffc493793c29086b371cc9c,2026,5122147,Vaughn,Blue,RB,RB,Liberty,Central Michigan,rushing_yds,390.47547154510664,234.0,False,2,100.0,575,unobserved_2026_outcome
a470472e16bc5e81b5506a65bc2ee048a8fed2393b2191860e8116865a1e58e9,2026,5079552,Nate,Palmer,RB,RB,TCU,Wisconsin,rushing_yds,349.3705484861175,139.0,False,0,100.0,575,unobserved_2026_outcome
de4246a501aacb71793af6872d580d63728c30830d32b40d311455f320cdcb9e,2026,5155048,L.J.,Phillips Jr.,RB,RB,South Dakota,Iowa,rushing_yds,616.8394702642173,1860.0,False,0,100.0,575,unobserved_2026_outcome
52ce279d2efd9fdb7a7680321c91660be25d3b5318f3467cf1d845272d1c68b4,2026,4873234,Victor,Rosa,RB,RB,UConn,Ohio,rushing_yds,404.08471949660935,155.0,False,1,100.0,575,unobserved_2026_outcome
434581ddee44ce35d8b502e6f0162e1a48a5fcae276cec864f96e1e72d00b3b7,2026,4685509,Gi'Bran,Payne,RB,RB,Notre Dame,Cincinnati,rushing_yds,340.27459621252245,53.0,False,3,100.0,575,unobserved_2026_outcome
fffbf570ea3179bccbc523ffd79ec7e2b21d987fa36bc885bd6e768657a47bae,2026,5079298,Lloyd,Avant,RB,RB,Colorado State,Oklahoma,rushing_yds,479.6391100681453,417.0,False,0,100.0,575,unobserved_2026_outcome
31f120def1dfbc64226c1f5b3dca4bb207f52dc9671d1993ed042b67eeeda827,2026,5193112,Jalen,Dupree,RB,RB,Colorado State,Kansas,rushing_yds,445.88705842573995,508.0,False,0,100.0,575,unobserved_2026_outcome
e630c1faeffea697c72254fd89b809bf0faff6c49dbef0fbe7226912ba974040,2026,5296378,Clay,Thevenin,RB,RB,Louisiana Tech,Rutgers,rushing_yds,550.8242540157626,634.0,False,0,100.0,575,unobserved_2026_outcome
2c46dcc23cee26e4261c51ca7f50bf1d0784c24c0d8b191cbd40b9b270f1b699,2026,5194663,Cameron,Pettaway,RB,RB,Bowling Green,Iowa State,rushing_yds,396.2794398529286,365.0,False,0,100.0,575,unobserved_2026_outcome
3c32991acab916a7694fd6608cffbe8b667501118c212db3ffe5309dd5e99169,2026,5300775,Sincere,Baines,RB,RB,Maine,Western Kentucky,rushing_yds,452.9572922575398,711.0,False,0,100.0,575,unobserved_2026_outcome
29e76e1082dbc4778999a5e7ec2c5f382d2cc9bbc0679a7a9e8b4b1844faab94,2026,5225880,Xai'Shaun,Edwards,RB,RB,Houston Christian,Missouri,rushing_yds,519.7502249369247,1019.0,False,0,100.0,575,unobserved_2026_outcome
146fc8721a8f6a6ff7e5100340ef8764ea2cde776195de5fc6ab1643b4a02776,2026,4917310,Zylan,Perry,RB,RB,Louisiana,Cincinnati,rushing_yds,478.7790386661977,689.0,False,0,100.0,575,unobserved_2026_outcome
c9d0bfeeaba38abdc4dce6958ae34a8e3aa9fef2113a6799b63a6e421c7a930f,2026,5224714,Latrelle,Murrell,RB,RB,West Georgia,Kennesaw State,rushing_yds,493.56289722852546,894.0,False,0,100.0,575,unobserved_2026_outcome
9d4c452d224a82c4de90311c1a9794a907233049874862a941374fe72206086d,2026,5084906,Jaden,Hart,RB,RB,Syracuse,UConn,rushing_yds,333.63763822283585,53.0,False,0,100.0,575,unobserved_2026_outcome
8e3d4bf437578ada6f4c33951e659411f1e5bfb827b88e14211974a190a2d3b5,2026,5225213,Malae,Fonoti,RB,RB,Montana,Missouri,rushing_yds,387.42195329290485,184.0,False,0,100.0,575,unobserved_2026_outcome
af00d4b7aaa0695c51e91afcf1d15c16351ee6da87d30e5928c9734a94abc00e,2026,5146274,Dashun,Reeder,RB,RB,Northwestern,UConn,rushing_yds,390.3965628554326,222.0,False,3,100.0,575,unobserved_2026_outcome
7cc5c5eccfd43bac98079f46377792a57d7021f7a4a609f3232822a732423d44,2026,5220666,Derrick,Jameson,RB,RB,Utah State,UL Monroe,rushing_yds,285.5666064576711,,True,7,100.0,575,unobserved_2026_outcome
fc610f06cfd01471057e594ad87d9104e77edda4ba9c9585d6c5f14c1a85bf94,2026,4608922,Braydon,Bennett,RB,RB,Virginia Tech,Eastern Michigan,rushing_yds,302.60243088868185,8.0,False,0,100.0,575,unobserved_2026_outcome
784f72d587b337bedbb1373f8bd3f4c736b1d8bba26cbd4eccf1d3a3e8620e8c,2026,4899137,Johnny,Thompson Jr.,RB,RB,Kansas,Ball State,rushing_yds,323.0251428994425,75.0,False,3,100.0,575,unobserved_2026_outcome
474a4bb3adc4b61a84da1336cfd73546c95e17b19b0dcb3d75907c502a1b3368,2026,4873588,CJ,Campbell Jr.,RB,RB,Rutgers,Duke,rushing_yds,340.971901871092,119.0,False,3,100.0,575,unobserved_2026_outcome
7a7dd54f2b59e54ba178c53629eddd38a40c2ea29d6e4434ce2fef86aad07b78,2026,5225435,Seth,Cromwell,RB,RB,Northern Arizona,James Madison,rushing_yds,458.7200647082083,559.0,False,0,100.0,575,unobserved_2026_outcome
f56e92fb4c01c5ffa1ad211b21a059be8c100800bfd1fd2bffe9938b49620ebf,2026,5077874,Max,Drag,TE,TE,UCF,South Carolina,receiving_yds,103.19345111768335,19.0,False,0,100.0,357,unobserved_2026_outcome
bcf556c3cae889dd3dcee33834a2135d6d3ce82b01717221991658e3a41931cc,2026,4698120,Kevin,Schaeffer,TE,TE,Rhode Island,Florida International,receiving_yds,140.59595184425714,58.0,False,2,100.0,357,unobserved_2026_outcome
ed8b3245227a59148734f5e87d5f8af9b32a7e56c01731552e1dfb252e5a2ace,2026,5172608,Hunter,Provience,TE,TE,Montana State,NC State,receiving_yds,174.5325134603303,135.0,False,0,100.0,357,unobserved_2026_outcome
4c58707dc0c4858124bdada7f55346c8422ae3fb41addfb539e247d6697569b0,2026,5295066,Brec,Long,TE,TE,South Alabama,North Texas,receiving_yds,84.7745860549907,20.0,False,0,100.0,357,unobserved_2026_outcome
8c5b58e4ab63b25bca40fa1a425570b2d48bad14d1f57ab496105f6875376283,2026,5303826,Evan,Chieca,TE,TE,New Haven,Florida,receiving_yds,181.9071067254363,255.0,False,0,100.0,357,unobserved_2026_outcome
69f1738f745ba84288789736367db19054434316f872591537fd45da4c1e9f60,2026,5095138,Trevor,Wilson,TE,TE,Campbell,Buffalo,receiving_yds,153.20058487930294,193.0,False,0,100.0,357,unobserved_2026_outcome
8d220e58e88722a237e41e482ae3693adb3cf7971a4d7d5a7a233c2673ff17b6,2026,5138451,Luke,Reynolds,TE,TE,Penn State,Virginia Tech,receiving_yds,262.2208311550373,257.0,False,0,100.0,357,unobserved_2026_outcome
f36244e171e7cb684363b14e230b3982206f2ede081bae6aac8d9c32d64041f8,2026,5098591,Carter,Moses,TE,TE,Albany,Kansas,receiving_yds,101.7709069152331,,True,5,100.0,357,unobserved_2026_outcome
602332d3e3b02319e7ded857415cb1e3d17be013d0ccd38aa70d61001900e430,2026,5138656,Lane,Wadle,TE,TE,Georgia State,Charlotte,receiving_yds,124.35656368258715,92.0,False,0,100.0,357,unobserved_2026_outcome
a341a98307289338054d8c7dc4c75fe26b18dd425f68773b7578478ff3cb9055,2026,4683912,Hunter,Herring,TE,TE,UL Monroe,Auburn,receiving_yds,105.73002442194645,17.0,False,0,100.0,357,unobserved_2026_outcome
292de4e354413d050122cc175dc713a88389aaeef217b816ceaff04d87ae2f93,2026,5301984,Josiah,Thomas,TE,TE,Western Carolina,New Mexico State,receiving_yds,169.42398977661315,228.0,False,2,100.0,357,unobserved_2026_outcome
93a38886944d1f17b6821f001e0ff9efc3f3cc63d349d4d45d3bcc391f4b947a,2026,5124338,Josh,Ford,TE,TE,Oklahoma State,Alabama,receiving_yds,127.63310472019724,45.0,False,0,100.0,357,unobserved_2026_outcome
e372891436ee1b727cd65c9c54ffbe5cb61f9aa87f1ba50c0d4e0ef1470750d3,2026,4870870,Ty,Lockwood,TE,TE,Boston College,Arkansas,receiving_yds,113.68215912908968,30.0,False,0,100.0,357,unobserved_2026_outcome
c7368bad7f5027e585837553549e8f3ae790cad36730d0895b1889dfc96911e8,2026,5293671,Jeremiah,Beck,TE,TE,Arkansas,Southern Miss,receiving_yds,97.71049587498618,,True,5,100.0,357,unobserved_2026_outcome
b8d74d617a91790106bf781ed1567080b6e46659b1721fa6c635001f2cbfd412,2026,4870954,Randy,Pittman Jr.,TE,TE,Florida State,SMU,receiving_yds,183.5299741395961,208.0,False,0,100.0,357,unobserved_2026_outcome
63e7c11bd67bd608c781a29b3f0a83f0de66ba022b9834a8770f60ae70af8b54,2026,5032961,Tucker,Ashcraft,TE,TE,Wisconsin,USC,receiving_yds,108.07109648379954,10.0,False,0,100.0,357,unobserved_2026_outcome
d23ca6a3717e747eac370ffd965c209e7349aaabe35c006a859355af7aed7043,2026,5079655,Joey,Olsen,TE,TE,USC,New Mexico,receiving_yds,105.83131795548002,,True,5,100.0,357,unobserved_2026_outcome
fd43ebbbb908efdefdea56b190459fd40b415ce659019c08a4dfcee089a40e4b,2026,5095242,Cyrus,Ellison,TE,TE,South Carolina State,Coastal Carolina,receiving_yds,156.41821846292092,159.0,False,0,100.0,357,unobserved_2026_outcome
98a48545535b9d1abd3ca0e4776f119e51ae2c50e7ff16c4d2c727a54e7853ed,2026,4876695,Jaden,Allen,TE,TE,Fordham,Central Michigan,receiving_yds,118.46969433620824,187.0,False,1,100.0,357,unobserved_2026_outcome
7648d2e561b7c6e2eada5eea64e6bcf12bc898d5e4020a4360fe1185f1a2283e,2026,5146636,Arthur,Ban,TE,TE,San Diego State,Arizona,receiving_yds,105.83131795548002,,True,5,100.0,357,unobserved_2026_outcome
31708860a77cc8b7b55da240ef8a32c22d884526c1d502619cd1d4268962c3f9,2026,5083135,Carson,Kent,TE,TE,Oklahoma,Pittsburgh,receiving_yds,115.6394943084173,26.0,False,0,100.0,357,unobserved_2026_outcome
00f144cc70334e5bb4cd7c66f43bddfe711147063b97872ce2f960dab6507790,2026,5121893,Tony,Livingston,TE,TE,Florida,Baylor,receiving_yds,152.92641427123525,119.0,False,0,100.0,357,unobserved_2026_outcome
f6fdb140fb0f40143fedec7037e3aa8a60512a1a178437366680a703cc26a8aa,2026,5084910,Josh,Phifer,TE,TE,James Madison,UCLA,receiving_yds,123.74110676360297,40.0,False,0,100.0,357,unobserved_2026_outcome
97bb8cce9782c518f60e2ee7ec97b6f2a380fdaca0390714cda44f91d2ab9f12,2026,4869442,Brayden,Loftin,TE,TE,Kansas State,UCLA,receiving_yds,123.61213512645055,55.0,False,0,100.0,357,unobserved_2026_outcome
634682ff44979aed472e23ad746286e1f8e095dd022096152088006d66db8f95,2026,4915713,Walter,Taylor III,TE,TE,Ball State,Vanderbilt,receiving_yds,105.83131795548002,,True,5,100.0,357,unobserved_2026_outcome
068d82da3ad70fe5a16ee480301ac76fe928c714f5174cc03ad722c5e391cb80,2026,4882061,Jake,Newell,TE,TE,Akron,Toledo,receiving_yds,96.61604012615528,14.0,False,0,100.0,357,unobserved_2026_outcome
6190894fc0e141389b81ab4d055e3116bbf66c6d29e3e95cb307b3f3ed81647e,2026,5152783,Kristian,Ingman,TE,TE,Portland State,Arizona State,receiving_yds,199.04270019476036,342.0,False,0,100.0,357,unobserved_2026_outcome
49a27c683b3c21ab690558186c460c08c1898df9b53bdd5799863f9607e7be44,2026,5201877,Vander,Ploog,TE,TE,Oregon,NC State,receiving_yds,109.89172899572694,,True,5,100.0,357,unobserved_2026_outcome
7bdc3168938dccfa2d85884262fdc80a5c967cc7a0910b206d1a48fa945b9626,2026,5151193,Marcus,Vinson,TE,TE,New Mexico,Florida Atlantic,receiving_yds,97.71049587498618,,True,5,100.0,357,unobserved_2026_outcome
1db36dcfb7b079ac0b1377d50adbf0b22dde36721445c69a30a0301a87fd36b5,2026,5081640,Scott,Isacks III,TE,TE,Florida,UAB,receiving_yds,93.65008483473926,,True,5,100.0,357,unobserved_2026_outcome
180812e535d1183c59210d8d34163b88ba7b4a01b4bf2d590add75adedc29756,2026,4685414,Jake,Johnson,TE,TE,North Carolina,Auburn,receiving_yds,147.915459185527,149.0,False,0,100.0,357,unobserved_2026_outcome
8e536374eea2f0049782141a6ada2ac24a3c0ba314dea12aace405f1ac19e7ff,2026,5222239,Dawson,Johnson,TE,TE,Old Dominion,Tulane,receiving_yds,133.20499110943632,99.0,False,2,100.0,357,unobserved_2026_outcome
5729d1cfc249d8bfe8b47279fd743fa4f93217a8c259f50eaea9e12ccfc1ba17,2026,5390284,Thatcher,Miller,TE,TE,West Chester,James Madison,receiving_yds,101.7709069152331,,True,5,100.0,357,unobserved_2026_outcome
2f48e16e5897a2d41a78a5a4429a56fa8429eacf9519e3143707b88015ca0842,2026,4870742,Jaden,Hamm,TE,TE,Kansas,Arkansas State,receiving_yds,111.00444670244383,,True,6,100.0,357,unobserved_2026_outcome
071c0fb08f1903c583cbe06999b4e1263339ade1986269fb942a0203cc29cf6e,2026,5221043,Walker,Lyons,TE,TE,USC,BYU,receiving_yds,235.45541078663788,223.0,False,0,100.0,357,unobserved_2026_outcome
9ba5779f77b8e1d48fb8be40673f7632c2499d65303a2a10292633b911d69afd,2026,4695711,Max,Whisner,TE,TE,Akron,Sam Houston,receiving_yds,108.61461389344706,36.0,False,0,100.0,357,unobserved_2026_outcome
6e38b5289df94cc70fb1eed47773cd50a6696f401858845758080aa89c951b56,2026,4685492,Jack,Pedersen,TE,TE,UCLA,Washington State,receiving_yds,126.8847436930874,72.0,False,0,100.0,357,unobserved_2026_outcome
819d653fd9e0cc6f0b31d20dd897ade6e2f8eaba5cab6cc8371e2da843c1950d,2026,5225846,Kyle,Koontz,TE,TE,Houston Christian,Sacramento State,receiving_yds,104.21870052492338,71.0,False,0,100.0,357,unobserved_2026_outcome
e977388a9b276e3b3c090301c401749f247a1d570c3b05d42617db49a57ed026,2026,4431009,Hunter,Welcing,TE,TE,Northwestern,Ohio State,receiving_yds,266.95011983960103,296.0,False,0,100.0,357,unobserved_2026_outcome
f6161a4bbdd0239df90b9ecd4ef23fdfb838665e77b11456fa70fa97c150887e,2026,5221596,Alex,Godavitarne,TE,TE,Wheeling,UConn,receiving_yds,105.83131795548002,,True,5,100.0,357,unobserved_2026_outcome
70d2879cc3a0ff2f7a35053589332073531dc7068f7b907dd656a770f8274f0b,2026,5085505,Sean,Ward,TE,TE,Dartmouth,Ball State,receiving_yds,91.63375973624517,9.0,False,0,100.0,357,unobserved_2026_outcome
ed1f562ac240d09243c501d2a9334b017d5addfcd41594e6794d716449bd72fd,2026,4685289,Keyan,Burnett,TE,TE,Arizona,UNLV,receiving_yds,100.43502805653587,11.0,False,0,100.0,357,unobserved_2026_outcome
70756e7c0464f023bdd781e2ab0fb7a2fe535ed205c84d8615e0ea7caa336b26,2026,5122018,Jacob,Harris,TE,TE,Bowling Green,Wisconsin,receiving_yds,169.1782889834008,182.0,False,0,100.0,357,unobserved_2026_outcome
18e60ea4faa2deb79b337480507aa27d6b80cdc8e232f2b8629bcf73603d1f69,2026,4911906,Kanen,Hamlett,TE,TE,App State,East Carolina,receiving_yds,157.4186907748755,142.0,False,1,100.0,357,unobserved_2026_outcome
1d1e8cd5a9b90ae88d77329763be2a7b32f9cf0ffddb6e9d328379851915d5bd,2026,5139854,Trey,Jackson,TE,TE,Texas Tech,SMU,receiving_yds,109.89172899572694,,True,5,100.0,357,unobserved_2026_outcome
feac18467664bce91b22a026227d4c6959b937247bc74af89b9c8772e5ec556f,2026,5146987,Brandon,Young Jr.,TE,TE,North Texas,UTSA,receiving_yds,87.7057954502856,10.0,False,0,100.0,357,unobserved_2026_outcome
72e1df9b317c08a1c2b109f7bf74ff76632c885bca253dc0ad100fe446da0976,2026,5087060,Ethan,Malafa,TE,TE,Butler,Toledo,receiving_yds,130.30739799243895,66.0,False,2,100.0,357,unobserved_2026_outcome
904e802de0634944bd99821d69e5e9dee05795f2e4a5f34809e9a5a4523b8a3a,2026,5265431,Brock,Kuhl,TE,TE,Florida Atlantic,Sam Houston,receiving_yds,111.00444670244383,,True,6,100.0,357,unobserved_2026_outcome
ab13d7d8011f55b02d21efc2dfbdc1c57de008816caa1c833d8d095599b78788,2026,5394410,Riley,Palmeter,TE,TE,Marian,Ohio,receiving_yds,101.7709069152331,,True,5,100.0,357,unobserved_2026_outcome
44f1436c6308dbdc8eb17563c3196bd6b8e3ebee1bb577f322a93449545bebd2,2026,5211118,Jordan,Vyborny,TE,TE,Oklahoma State,Iowa State,receiving_yds,105.83131795548002,,True,5,100.0,357,unobserved_2026_outcome
f6f8e897a3f4ab42c7e0b3d445473949fcceee6b26e4c9d287821969eae5f950,2026,4890881,Cam,Ball,TE,TE,Mississippi State,West Virginia,receiving_yds,99.2885374799474,12.0,False,0,100.0,357,unobserved_2026_outcome
623f88ac7a03e9bd76b5dc0241f65d28564be73dfd631df32e31b1436d09a5e2,2026,4683417,Miles,Campbell,TE,TE,Florida A&M,UTSA,receiving_yds,258.45878772610854,305.0,False,1,100.0,357,unobserved_2026_outcome
ff37a5f82c83a0bd6727a832d5e554bf7b33b6be6321db96fe99eca4fb310a04,2026,5331543,Bodie,Boydstun,TE,TE,Southwestern Oklahoma State,Oklahoma State,receiving_yds,105.83131795548002,,True,5,100.0,357,unobserved_2026_outcome
64e932d484c07f403b67a2e88fce1606e171686765a938619490efec4e33c58a,2026,5146756,Jordan,Washington,TE,TE,Texas,North Carolina,receiving_yds,155.58028519180615,109.0,False,0,100.0,357,unobserved_2026_outcome
54acd4f2ac337b4660e0bb6f84da07639440abf4ae22320317b5624553100bb7,2026,5295371,Bryce,Anderson,TE,TE,Memphis,UL Monroe,receiving_yds,133.9598016843545,101.0,False,0,100.0,357,unobserved_2026_outcome
baf26831673b55d78e65a16f1249796fb729d4f274b646e6fd41fc7b51440467,2026,5086150,Ryan,Schwendeman,TE,TE,Southern Illinois,Wisconsin,receiving_yds,174.93150464668332,191.0,False,0,100.0,357,unobserved_2026_outcome
3ddf95e8de897298d01c3a56865e40462dce07f1b7681969f7216ffbbb0118d2,2026,5083966,Morgan,McPhaul,TE,TE,VMI,Oklahoma State,receiving_yds,192.43171068836025,174.0,False,0,100.0,357,unobserved_2026_outcome
acb29afa553088cb1026a5fc9de7d037a87c761bfc123bad8036bb19e4fe7683,2026,5209120,Stevie,Amar Jr.,TE,TE,Boston College,UCLA,receiving_yds,101.7709069152331,,True,5,100.0,357,unobserved_2026_outcome
a29c35608f63fa8eb37edacf1317f3f097f448e407b26408b3600c5f536880c0,2026,5125012,Ismael,Smith Flores,TE,TE,Texas-Rio Grande Valley,East Carolina,receiving_yds,111.00444670244383,,True,6,100.0,357,unobserved_2026_outcome
812dd7c1e432959ea6097a8140641023c2ced1be5da784b5e9da04853b3369bb,2026,5119659,Trent,Thomas,TE,TE,South Alabama,Tennessee,receiving_yds,112.09306269570818,34.0,False,0,100.0,357,unobserved_2026_outcome
c58b9aec90965d760e39e7b40082083e1fcc39fe503697893223e4a48cdbbd82,2026,5227231,KD,Mosley,TE,TE,Howard,James Madison,receiving_yds,131.60475905369984,120.0,False,0,100.0,357,unobserved_2026_outcome
bb0b6fb16f998b49a13e89ce82086ae695ec5fb44246cc78f49500e468eee2bc,2026,4832875,Leon,Haughton Jr.,TE,TE,Maryland,Old Dominion,receiving_yds,109.32594646712164,43.0,False,0,100.0,357,unobserved_2026_outcome
7254ca987874ec81b741661ac3541a9967c34d8a252f0d34cbbdead0dac22f69,2026,4685393,Preston,Howard,TE,TE,Auburn,Maryland,receiving_yds,132.48598970631485,84.0,False,0,100.0,357,unobserved_2026_outcome
289c6d026bc571b45e7dabda9b46337c103613abae71abd4835abd91c13bd2e5,2026,5214441,Drew,Clemens,TE,TE,Utah,North Texas,receiving_yds,109.89172899572694,,True,5,100.0,357,unobserved_2026_outcome
6933356f68e4d2aeca95b3fd9abb33abdb3f05cee6b6481f121695c73df61000,2026,5233213,Breckan,Kirby,TE,TE,North Greenville,Liberty,receiving_yds,97.71049587498618,,True,5,100.0,357,unobserved_2026_outcome
f03574b0d93afcd08e764542c3268c387a30ef5c43ea680d43eb238b997256cc,2026,5161233,Preston,Kilgore,TE,TE,East Texas A&M,Southern Miss,receiving_yds,103.99996038803174,48.0,False,0,100.0,357,unobserved_2026_outcome
193867288b7ecab260b5f6d987d58b79329f80b1ad02c6f9df66d6a9c4315964,2026,4698471,Matt,Ragan,TE,TE,Boston College,UConn,receiving_yds,105.83131795548002,,True,5,100.0,357,unobserved_2026_outcome
f47ad6550547fd9f2712d6a4ad7a236b2ee7343d40a4dadc40f04e9f24c744ce,2026,5082283,Alex,Scherle,TE,TE,Rice,Ball State,receiving_yds,97.71049587498618,,True,5,100.0,357,unobserved_2026_outcome
1b54becff3c8f408f7d650abc6d37c3374b00763340c573a1564be53b0dc3dcc,2026,5211862,Matt,Henderson,TE,TE,Penn State,Virginia Tech,receiving_yds,109.89172899572694,,True,5,100.0,357,unobserved_2026_outcome
632c82ea62d1f24ef8cb1482894a3a6532f570e628679de0dbf21cd82d011cb4,2026,5328488,Luke,Dehnicke,TE,TE,Minnesota Duluth,Northwestern,receiving_yds,118.01255107622077,,True,5,100.0,357,unobserved_2026_outcome
436b172f2a67de457e35fa89db7c26c509d788aae4146dc984643ea237bd1bee,2026,4923057,Connor,Cox,TE,TE,North Carolina,Virginia,receiving_yds,110.51122002200024,21.0,False,0,100.0,357,unobserved_2026_outcome
8728f80141597121740f06a926dc9d44bccaeb094a8f85cf4e6e1ab67624261d,2026,4908552,Dorian,Thomas,TE,TE,New Mexico,California,receiving_yds,327.986305649264,560.0,False,0,100.0,357,unobserved_2026_outcome
f7fb3d44336f507ad799f0f7738a696f8e1d4c9e83acd58a930b66c3282df1c4,2026,5078160,Richie,Anderson,TE,TE,Fresno State,Texas A&M,receiving_yds,189.05164114251357,300.0,False,0,100.0,357,unobserved_2026_outcome
9368ceb90faf8463c1e37051477a96b25ddeb60b85df58013901668a7a923226,2026,5125726,CC,Ezirim,TE,TE,Toledo,Western Kentucky,receiving_yds,93.2376656840336,8.0,False,0,100.0,357,unobserved_2026_outcome
08e0b941c93a94c48f8ba7f4cd817daf307ca3942f494f05ed962cfb7fc08f17,2026,5119873,Wyatt,Hook,TE,TE,Michigan State,Akron,receiving_yds,101.7709069152331,,True,5,100.0,357,unobserved_2026_outcome
df3d1323773d6a35b24ee60e93f0eb0ecc8fb7a959d9fd7bd4780cc4e169b0ab,2026,4709804,Cole,Rusk,TE,TE,Illinois,Arizona,receiving_yds,240.20751902537216,217.0,False,0,100.0,357,unobserved_2026_outcome
432fe29999c986c214c55c8e355f3ed05612ec18f0e854204f7a0abca98b422e,2026,4801276,Houston,Thomas,TE,TE,UTSA,Texas A&M,receiving_yds,203.42699079162284,347.0,False,0,100.0,357,unobserved_2026_outcome
339d08b303f4363cc21908b8ad3d5be7740fd2addb25d06b4cec23ee1b92d071,2026,5262779,Grant,McAtee,TE,TE,North Central College,Tulsa,receiving_yds,105.83131795548002,,True,5,100.0,357,unobserved_2026_outcome
fa26c47d2421a58709bcbc43813c0251bea78610c364753cb8e40d1d76c0c376,2026,5197034,Malachi,Thomas,TE,TE,Pittsburgh,LSU,receiving_yds,166.54645259038458,192.0,False,0,100.0,357,unobserved_2026_outcome
2e8963bc7d24c426b1f03cb601b8aebddf5ed4bb645a397fac223fe15e44f448,2026,4869519,Gabe,Burkle,TE,TE,Iowa State,Penn State,receiving_yds,212.9936204739188,302.0,False,0,100.0,357,unobserved_2026_outcome
9afc11d6be1b38b24c283d2738d354f71dc7260d04c47572f650d8d4e19f04ae,2026,5041960,Jayvontay,Conner,TE,TE,East Carolina,Vanderbilt,receiving_yds,246.50473302785372,333.0,False,0,100.0,357,unobserved_2026_outcome
184bb0267c930fd4e72b6e131fb8f55cd17ea721dc04066a2362462a287325d9,2026,4878109,Hayden,Hansen,TE,TE,Florida,Oklahoma,receiving_yds,191.71844196840283,254.0,False,0,100.0,357,unobserved_2026_outcome
fb6d6d29c123ae9479348feedcc1f18ec58e95c8185c41f1025e0b775c6d309c,2026,5077877,Justyn,Reid,TE,TE,Tulane,Louisville,receiving_yds,163.06542697390853,200.0,False,0,100.0,357,unobserved_2026_outcome
ba385d272d7dd524de3ea9df051b0cf3084e84fe2e4a37b018e5f7aca6edeefb,2026,5220352,Hunter,Tipton,TE,TE,Middle Tennessee,Memphis,receiving_yds,210.96708468733374,411.0,False,0,100.0,357,unobserved_2026_outcome
a5371585f824f4ab0a5dd426e76eceae96961262c8211e2a055773739908c5e6,2026,5079382,Jonathan,Echols,TE,TE,South Florida,Auburn,receiving_yds,141.27359966560604,109.0,False,0,100.0,357,unobserved_2026_outcome
b3f71211785ae5c21768dcd855e909a6f75a5f054715cd4fa4a089de6846316b,2026,5193264,Kameron,Anthony,TE,TE,Ball State,Rutgers,receiving_yds,154.32008275509082,117.0,False,0,100.0,357,unobserved_2026_outcome
5403260fe0fabd36a581792d30351cf24b45ba2a2475056386c4b134723d0c8b,2026,5221306,Jake,Furtney,TE,TE,Illinois,Ohio,receiving_yds,111.00444670244383,,True,6,100.0,357,unobserved_2026_outcome
e42b3e150fd91a1ab44952d6d4257c43d543c7a73ec9470dbcbcc1ec5440d9e0,2026,5218907,Luke,Harpring,TE,TE,Georgia Tech,Florida,receiving_yds,164.88296225905094,158.0,False,0,100.0,357,unobserved_2026_outcome
bba892c828d6790573c0cae80268c42aba71071a758da44bfeb21d4b4390923d,2026,4869821,DeCorion,Temple,TE,TE,Central Michigan,Oregon State,receiving_yds,146.6416533197553,143.0,False,1,100.0,357,unobserved_2026_outcome
3593a2b2cb0fc46c2aafb1811f409b878d47ff24bb051bba968eea9e55415ef4,2026,5219129,Jaxxon,Warren,TE,TE,Colorado State,North Carolina,receiving_yds,139.74929608199696,95.0,False,0,100.0,357,unobserved_2026_outcome
d654a8599e0ff6b8f2b93473566a0b44ae52db2b40e841fc94543835ca6b06fb,2026,4917370,Brooks,Johnson,TE,TE,Coastal Carolina,Florida Atlantic,receiving_yds,135.44163724741392,87.0,False,1,100.0,357,unobserved_2026_outcome
d0acd3449c393af11202064f730912c06c67291717993e2bf107e23d860d371e,2026,5155033,Spencer,Mermans,TE,TE,Yale,Georgia Tech,receiving_yds,90.03701409399916,4.0,False,0,100.0,357,unobserved_2026_outcome
89ac031584505ca532a790cb0f664b51bbda07005e554c79faae21c68b40a319,2026,4683306,Landon,Morris,TE,TE,California,Wake Forest,receiving_yds,141.02004055430334,94.0,False,0,100.0,357,unobserved_2026_outcome
7a4d6cae21fb824e3a25ebec520a1b27e247b81446f489ace898df6d6f2fb98f,2026,5201878,Andrew,Olesh,TE,TE,Penn State,Oregon,receiving_yds,113.95214003597385,,True,5,100.0,357,unobserved_2026_outcome
dc8893bd71cbfc34515d16cefce4a674f7d404340722fd59f52ed0b292279781,2026,5151609,Everett,Hunter,TE,TE,Nicholls,South Alabama,receiving_yds,173.8557858730835,283.0,False,0,100.0,357,unobserved_2026_outcome
a54e2f43903c7a271b6fa2673a2fe0107452864a4e7409980f1f16c24f1100d9,2026,4885469,Darrin,Fugitt,TE,TE,Lindenwood,App State,receiving_yds,209.5304329203482,341.0,False,2,100.0,357,unobserved_2026_outcome
63bea56b61e92218fb87140ab772dcc80caa757c9f0e70c007357d5fde82ef63,2026,5295450,Sean,Persson,TE,TE,Toledo,UAB,receiving_yds,93.65008483473926,,True,5,100.0,357,unobserved_2026_outcome
958715c056b3ebf4c329df15302e8134502d9c9e1dbc4812ca19f93791fbfef4,2026,5121998,Lacota,Dippre,TE,TE,James Madison,Florida,receiving_yds,171.92488346562385,192.0,False,0,100.0,357,unobserved_2026_outcome
23b3e48aa6200d33b5f289c8afa09f9af2a2c36ac5145e6f2abaaec886380c76,2026,5168802,Grayson,Brousseau,TE,TE,Oklahoma State,UCF,receiving_yds,118.57902103344405,45.0,False,0,100.0,357,unobserved_2026_outcome
0db6635000a0050e0f16ed172083c79abe09ede884ffd9b44df25f9e4391a225,2026,4870608,Benjamin,Brahmer,TE,TE,Iowa State,Penn State,receiving_yds,299.91842127528633,446.0,False,0,100.0,357,unobserved_2026_outcome
5c1ee82d81997ed1a6d56dd080485fc8cb204e59e0db7569c378520008e6378e,2026,5146740,Cooper,Alexander,TE,TE,Iowa State,Penn State,receiving_yds,129.58773354958794,47.0,False,0,100.0,357,unobserved_2026_outcome
783b0bac7536b644e812edf159c115bd9f06fef480ebd7be328dd5970b6d853e,2026,4870843,Theo,Melin Ohrstrom,TE,TE,Texas A&M,SMU,receiving_yds,226.89138139078875,168.0,False,0,100.0,357,unobserved_2026_outcome
40a718e1f92a953268a25782f74651414c0a935e78f32fe8eea65d0c830f17a1,2026,5079630,Brady,Prieskorn,TE,TE,Michigan,Ole Miss,receiving_yds,109.89172899572694,,True,5,100.0,357,unobserved_2026_outcome
be015cfbb5901bc3d5199c06b0760c59254d23f54b3a95c4a25ebf629285b101,2026,4827049,Max,Reese,TE,TE,Mississippi State,North Texas,receiving_yds,95.89048696080836,1.0,False,1,100.0,357,unobserved_2026_outcome
87cf0a567917334ee43d6780f797e502f7e42336202297e409d64f09102a9d4c,2026,4430954,Lukas,Ungar,TE,TE,New Mexico State,Virginia,receiving_yds,96.4738484146677,14.0,False,0,100.0,357,unobserved_2026_outcome
7efda0bdc5767ca3f84c77668a3ed2f323191ad6b5baae3ac1c207b5d7d4d3cb,2026,5387647,Gavin,Spillers,TE,TE,Mars Hill,Central Michigan,receiving_yds,110.39155507319117,,True,7,100.0,357,unobserved_2026_outcome
e2920e022807bbd7a4df3c9a67f235129c1c302e67c51c1b20e0b3a045a52085,2026,5121636,Adam,Parks,TE,TE,New Mexico State,Western Michigan,receiving_yds,22.368287370759607,7.0,False,0,100.0,357,unobserved_2026_outcome
89fea37f9967b86df6c3956cce0e910a5c946fcb2f6b1ddd45dd9c72b3990158,2026,4826579,Tyler,Siddons,TE,TE,Central Arkansas,Wyoming,receiving_yds,111.00444670244383,,True,6,100.0,357,unobserved_2026_outcome
85a91e348231c06a392c174ddce4a5e9f046f57c5c44c979a2f703c7ad21e663,2026,5295366,Matt,Adcock,TE,TE,Memphis,Arkansas,receiving_yds,117.89824426969251,70.0,False,0,100.0,357,unobserved_2026_outcome
fc00d20b5aa673afee33b066816bac47620ff4ddc858ecf88ed0d1be83b8a1b3,2026,5151966,Jailen,Butler,TE,TE,Old Dominion,Kansas,receiving_yds,127.73044644819186,59.0,False,0,100.0,357,unobserved_2026_outcome
f87ad06605f9e3cd2634fc9db2c64f41fa04d3b47aadb6038adc96c5c2fdc8d6,2026,5218664,Tyler,Fortenberry,TE,TE,Arkansas State,Iowa State,receiving_yds,192.70966476291264,294.0,False,0,100.0,357,unobserved_2026_outcome
b1a69d3c7eff4117c01cc50ef74a7da86d321f118ff589f296cb7cdb957d75e5,2026,5086204,Matt,Buron,TE,TE,Fordham,Georgia State,receiving_yds,163.19910740945838,77.0,False,2,100.0,357,unobserved_2026_outcome
6912e8fb7c5dca74dcea42f3914560d92dca60fa9b6e274079ef69b9d5eec01e,2026,5080786,Cedric,Anton,TE,TE,Tiffin University,Sacramento State,receiving_yds,93.65008483473926,,True,5,100.0,357,unobserved_2026_outcome
2cabf176969a2e21630d0369c99339cbbcc0445ccafe7cf2553de5bb9566a6b0,2026,5382863,Jase,Hoath,TE,TE,Tennessee State,UL Monroe,receiving_yds,97.71049587498618,,True,5,100.0,357,unobserved_2026_outcome
18604b945283cb3a57563444e47f4fec770c1ca0249969c533a76db7b3b06f37,2026,5225330,Cade,Callahan,TE,TE,Merrimack,UL Monroe,receiving_yds,181.854425482067,279.0,False,0,100.0,357,unobserved_2026_outcome
38399276ea180569a00c4477d19c96dd4aaa587065f35071d75cd5e4ced22f8d,2026,4702556,Arlis,Boardingham,TE,TE,Bowling Green,Auburn,receiving_yds,109.89172899572694,,True,5,100.0,357,unobserved_2026_outcome
90d2bd1efb3bc54c6392bb645d4df80e53c72548c2d36a19dce14774cbb38158,2026,5156110,Kade,Caton,TE,TE,Oregon,South Florida,receiving_yds,109.89172899572694,,True,5,100.0,357,unobserved_2026_outcome
6d6a90d287cadfc3f035974840a97e28c4ea7fa940412361c3fb8756f5180a35,2026,4911541,Carson,Gulker,TE,TE,Ferris State,Michigan State,receiving_yds,109.89172899572694,,True,5,100.0,357,unobserved_2026_outcome
3a871fda331afee5828eaaf0d10c1a41a15ab7b171a1dc3e97122422c406cbbd,2026,5295765,Josh,Humes,TE,TE,Coastal Carolina,Delaware,receiving_yds,31.658974449570607,,True,5,100.0,357,unobserved_2026_outcome
122670cb241a12310873c4ed57a75ff555b4c5ecda0a80753ae03bb088d55062,2026,5141744,Jack,Van Dorselaer,TE,TE,Tennessee,Oklahoma,receiving_yds,169.7947033447844,23.0,False,0,100.0,357,unobserved_2026_outcome
11fae5e51a625f13c894ce0b1f1fee10a5aa72f5d4658f593053cb02bb2caa25,2026,5142604,Brock,Schott,TE,TE,Miami,Indiana,receiving_yds,117.275014749917,24.0,False,0,100.0,357,unobserved_2026_outcome
a71a74372fbbd86749731f6274fd7cc5dde0a2589230197f330ae6984c8b3e5b,2026,4816104,Michael,Masunas,TE,TE,Michigan State,Texas,receiving_yds,170.62373895790336,232.0,False,0,100.0,357,unobserved_2026_outcome
b174d486bb22b4ebf930f9be0cc0d6eb19cab6354cf12fa20910bdf9495e9877,2026,4873418,Kaden,Helms,TE,TE,Oklahoma,Minnesota,receiving_yds,114.59772945344866,35.0,False,0,100.0,357,unobserved_2026_outcome
b4929fd3091a7f147d08dae66d3486e5d7a5052cd99151aa626d5e55ae535a26,2026,4871039,Jelani,Thurman,TE,TE,Ohio State,North Carolina,receiving_yds,148.22601321102732,84.0,False,0,100.0,357,unobserved_2026_outcome
8fe06e7f7327c27e2c646816daadb84818f4caaf7b3f17a38f9bf8dff339e050,2026,5160086,Desirrio,Riles,TE,TE,East Carolina,Florida State,receiving_yds,214.50278994293456,362.0,False,0,100.0,357,unobserved_2026_outcome
93220492b14e9ad76b7f1fbd6bafedb396f571877d1f30b89de0616f28981700,2026,4898892,Joey,Schlaffer,TE,TE,Penn State,Temple,receiving_yds,114.14164614452413,19.0,False,0,100.0,357,unobserved_2026_outcome
33e6a36df6e4ec068ac39d246c3e377b16aa248a2bb9ce6b79aa8a2ccbfbc820,2026,5086240,Donovan,Green,TE,TE,LSU,Oklahoma State,receiving_yds,129.8776071329231,40.0,False,0,100.0,357,unobserved_2026_outcome
b2d415ee3b5dff723b23a768735a9a90510343d0dcff02a44ed02e3402a05fb4,2026,4871019,Rico,Walker,TE,TE,Purdue,California,receiving_yds,144.9443073114733,100.0,False,0,100.0,357,unobserved_2026_outcome
80d11c292db703c540c4cd5716bf1a6c896d9dc187eb5071436d51f814cdbffa,2026,5154262,Gavin,Harris,TE,TE,New Mexico State,Georgia Tech,receiving_yds,243.90285007117348,514.0,False,0,100.0,357,unobserved_2026_outcome
396a4698bd04949d8752aaa90167c9fe12dbce3248134fb84e7c76c33a9141f9,2026,4819226,Brody,Foley,TE,TE,Tulsa,Louisville,receiving_yds,340.07927617176006,521.0,False,0,100.0,357,unobserved_2026_outcome
bb9126b71c00eacdbf0d9a9086376062f862e780971ffcaf1bf6439ca668c69d,2026,5079462,Kylan,Fox,TE,TE,UCF,Purdue,receiving_yds,147.84007735181126,137.0,False,0,100.0,357,unobserved_2026_outcome
374a30ca8eea5d662780518fd6e6e58c5dd91edf171fc07454f7ab57b3725255,2026,5141712,Bear,Tenney,TE,TE,Sacramento State,New Mexico,receiving_yds,124.1345057201113,40.0,False,0,100.0,357,unobserved_2026_outcome
0e2a8a07d350e4c5a3694626df5d8fa8d5a874537bf56de3fce5a15aabc29443,2026,5296040,Elijah,Lagg,TE,TE,UAB,Pittsburgh,receiving_yds,145.32295802708353,164.0,False,0,100.0,357,unobserved_2026_outcome
0784db7d99c4db9e896d97f0199fb91086a178455909c5577914b26813b97bfb,2026,5218246,Luke,Douglas,TE,TE,Florida State,App State,receiving_yds,110.39155507319117,,True,7,100.0,357,unobserved_2026_outcome
251b0062c7ea910054b0505f8494ff3b32ef76661125519229a70debbf66209c,2026,4569262,Alex,Honig,TE,TE,UConn,Northwestern,receiving_yds,163.11697472698796,162.0,False,0,100.0,357,unobserved_2026_outcome
585c88c6841840ec1fd9b35ad7979ceecfb61ceeb38eaefa0970b5aad03dfe20,2026,5296210,Carson,Su'esu'e,TE,TE,Oklahoma State,New Mexico State,receiving_yds,105.83131795548002,,True,5,100.0,357,unobserved_2026_outcome
d4a8d82c4c0e4fe91dcab18e4a4b8e5753f867b54ad6bbe16a6c1ca1358d2b64,2026,4917270,Harry,Lodge,TE,TE,Wake Forest,UCLA,receiving_yds,105.83131795548002,,True,5,100.0,357,unobserved_2026_outcome
3e9d4c01a71af40ec7bbabec1ea13ffc45516e78f105145e450079ec7dc3ab84,2026,5120299,Patrick,Overmyer,TE,TE,UTSA,Houston,receiving_yds,203.7057102350543,344.0,False,0,100.0,357,unobserved_2026_outcome
31a4223896a5702da0bf9f0bbc5705679e331739a5d9104030010a33450fb7fc,2026,4683137,Drake,Martinez,TE,TE,UT Martin,Tennessee,receiving_yds,139.0233566339102,124.0,False,0,100.0,357,unobserved_2026_outcome
7f3dfec6527080819c95352d829a54a1e6e5662b7b7426cb852521e4861e2265,2026,5121720,Noah,Meyers,TE,TE,Western Kentucky,Syracuse,receiving_yds,226.59912743539266,357.0,False,0,100.0,357,unobserved_2026_outcome
f39a763b76e0e1044abdb77aacc9d98c61353f023c7fdefd5d21db747363b901,2026,4900351,Noah,Bennee,TE,TE,Weber State,Utah,receiving_yds,181.87423811439476,264.0,False,0,100.0,357,unobserved_2026_outcome
7769367f87c62e6c589f4086ec371112e551038c468253d4f0a7c1690b86b1e2,2026,4898018,Josh,Sapp,TE,TE,Clemson,West Virginia,receiving_yds,154.46292512017993,150.0,False,0,100.0,357,unobserved_2026_outcome
ccbf367af71f5970a7f81ae58a7a84ddf008ecf170acaf10f6a590bf5c0f9464,2026,4907786,Rocky,Beers,TE,TE,Colorado State,Oklahoma,receiving_yds,213.7924396645903,388.0,False,0,100.0,357,unobserved_2026_outcome
5225154a9348e31c3e771be8f12abb430ffe1393549cbc20e56c97ab537bde72,2026,5110569,Anthony,Miller,TE,TE,Tulane,Arizona State,receiving_yds,119.58811108431028,60.0,False,0,100.0,357,unobserved_2026_outcome
c7e61a6d2553d3ce8e15d6244a65d9981c294a1b381ecdc6e6d012c52f701349,2026,4695195,Jett,Carpenter,TE,TE,Nevada,Texas Tech,receiving_yds,218.99920908081302,374.0,False,0,100.0,357,unobserved_2026_outcome
c06c0de38631636b35aaf73b4c354307957c2d4e17a6c810e98abdb84d995c72,2026,5236393,Shane,King,TE,TE,Southern Miss,Arizona,receiving_yds,115.63197083056524,24.0,False,0,100.0,357,unobserved_2026_outcome
33889984a6730e7625055b5ee98a49f7d1720910ab01f35fd6c7abd621ccd12a,2026,5081611,Mason,Williams,TE,TE,Ohio,Ohio State,receiving_yds,183.4497665445446,285.0,False,0,100.0,357,unobserved_2026_outcome
bf089609be600f8935093886b6200c0d84f62385f96392b3258a0605224b131e,2026,5130407,Roger,Saleapaga II,TE,TE,Oregon,BYU,receiving_yds,184.05693671198185,26.0,False,0,100.0,357,unobserved_2026_outcome
2960663513da1d209cea4213ae02febbb69f7cee60612b6d950e63042d758f02,2026,5158450,Zach,Grace,TE,TE,Oregon,LSU,receiving_yds,105.83131795548002,,True,5,100.0,357,unobserved_2026_outcome
4e1553cbcd9ff73565cbaee958377cd502a1b06c60805d2b4c9564c5f7ee279f,2026,5169215,Maurice,Veney,TE,TE,Morehouse,Vanderbilt,receiving_yds,94.41840416955772,12.0,False,0,100.0,357,unobserved_2026_outcome
cd1244f8c27f3dd8393390441802b301df0de993f05630f1ae3c0172d468c893,2026,4816323,Nate,Kurisky,TE,TE,Louisville,Duke,receiving_yds,160.81915525108198,157.0,False,0,100.0,357,unobserved_2026_outcome
a912af4d0611aa00d24ed063ad92accc9ab28ccfc858135398c09273f750b81a,2026,5261457,Cameron,Kossmann,TE,TE,Florida,Boston College,receiving_yds,105.83131795548002,,True,5,100.0,357,unobserved_2026_outcome
db6ae7102603fbe7ea67039bdcfc00f7ad8973c5724b5107b433d9ae4404bc42,2026,4871054,Riley,Williams,TE,TE,Oregon State,Mississippi State,receiving_yds,109.396434636949,15.0,False,0,100.0,357,unobserved_2026_outcome
70f77632b6938bb959e692b2f5564428980a32a27348013520ebd793bc0df4bb,2026,5083249,Fisher,Clements,TE,TE,Northern Colorado,Colorado,receiving_yds,107.39561868065222,27.0,False,0,100.0,357,unobserved_2026_outcome
a2082422a6f07b96dc56cc1fa7e858f5df6f9380f56879b694f1cceb2f4fc650,2026,5114312,Will,Monney,TE,TE,Oklahoma State,Utah,receiving_yds,120.54269441603006,39.0,False,0,100.0,357,unobserved_2026_outcome
05f0e60c619aabb662f9ced277aebc9082aabcba57113783a2e814026cb5001a,2026,5155426,Christian,Greenlaw,TE,TE,Hampton,Iowa State,receiving_yds,103.2606789307257,36.0,False,0,100.0,357,unobserved_2026_outcome
fabcd02f8a08a49d590c815c90463cd766eb93bf78beb2d895cc0add1ddcfc24,2026,5085509,Chris,Corbo,TE,TE,Dartmouth,Georgia Tech,receiving_yds,238.16790550624538,516.0,False,0,100.0,357,unobserved_2026_outcome
4669bb969f01126a83aa0cadee7777fbe11b0f77fe3c9102e54d53ccd1a2919c,2026,5300511,Luke,Clyburn,TE,TE,Furman,South Florida,receiving_yds,133.9248318473811,88.0,False,2,100.0,357,unobserved_2026_outcome
0a30b0f4a63fecc43769a859dadc4f5520fcdc32e2e0c45cb0335d6a102f8558,2026,5301221,Xavier,Newsom,TE,TE,Howard,Auburn,receiving_yds,101.7709069152331,,True,5,100.0,357,unobserved_2026_outcome
ef5b88ccc2f1a667948b3f75e13f56a9de111cd4e62e20f5922a583e462b764e,2026,4606685,Logan,Mauldin,TE,TE,McNeese,Charlotte,receiving_yds,205.1420618574032,341.0,False,0,100.0,357,unobserved_2026_outcome
6819323897ceca8a4dd24d6a71e4198294f6bbe587bf189af90d67f1c48a4373,2026,5088952,Eric,Olsen,TE,TE,Utah Tech,Oregon State,receiving_yds,266.58524746530793,566.0,False,0,100.0,357,unobserved_2026_outcome
b5f20589f3abfd77ed733b02059a666f09d58a2bb1762f3b55097e1609ce1d8d,2026,4702826,LaKelsey,Johnson Jr.,TE,TE,Baylor,Liberty,receiving_yds,107.72098238858423,33.0,False,0,100.0,357,unobserved_2026_outcome
c21347643f0b455068dc07ba11219384155f968d87cdebb54d4e61a71d7e430c,2026,4920188,Vance,Bolyard,TE,TE,Duke,Tulane,receiving_yds,97.71049587498618,,True,5,100.0,357,unobserved_2026_outcome
3000ef90b0436430af9503ce4ba55c435ce479eb9d3a2c40203902b402ca7cb2,2026,4869294,Jake,Appleget,TE,TE,Northern Illinois,Fresno State,receiving_yds,109.48768919695836,57.0,False,0,100.0,357,unobserved_2026_outcome
0c9bbc73fe0dfb7f086ea4fa01d73039235f4d770a88a4f56685712e807adc3b,2026,5218754,Parker,Fulghum,WR,WR,Clemson,UL Monroe,receiving_yds,214.03062222392185,,True,7,1000.0,1086,unobserved_2026_outcome
089b580c515c8de9925db97679c27b0e1e815d8746fb7d676067b9d5bcafb2b5,2026,5085129,Ian,VerSteeg,WR,WR,Wake Forest,Ohio,receiving_yds,199.65491709290293,,True,7,1000.0,1086,unobserved_2026_outcome
0a6d1e4b91d93a0525d8f512f964c8d202b18de72556683c7460822f553a24f7,2026,5141402,Royal,Capell,WR,WR,Oklahoma State,UTEP,receiving_yds,294.9906903751577,47.0,False,0,1000.0,1086,unobserved_2026_outcome
59d3b59325c9a32083fd6beb423bf663c6f26fc582980d23954d839a40e8c709,2026,5084905,Jaylan,Hornsby,WR,WR,Syracuse,Purdue,receiving_yds,286.12403066795713,103.0,False,2,1000.0,1086,unobserved_2026_outcome
bdec9148c32f5719c625fd3777d9cb387f9f89e1f31c51ddb8179d6a5b927ee1,2026,5079686,Bredell,Richardson,WR,WR,UCF,Tulane,receiving_yds,228.40632735494083,,True,7,1000.0,1086,unobserved_2026_outcome
1d0ece125ca296669c26b056942da798b5275cde044fae5223407bb47660858d,2026,5300740,Ky,Wilson,WR,WR,Youngstown State,UConn,receiving_yds,429.5365846367083,652.0,False,2,1000.0,1086,unobserved_2026_outcome
2c497e337a8f2426af6810bd2b120e5d9267aabd41f8369efbdb1655b7b84d59,2026,5152600,Reed,Swanson,WR,WR,Colgate,Boston College,receiving_yds,449.5041757485478,939.0,False,0,1000.0,1086,unobserved_2026_outcome
cdee4e9482d47335dbf93a8fabacc9324bf5167ae1d51e4f26d6c642ff4b0e9e,2026,5125819,Darrell,Gill Jr.,WR,WR,Syracuse,Ole Miss,receiving_yds,460.4081467411117,506.0,False,0,1000.0,1086,unobserved_2026_outcome
d47fca875026b02c7e06b8b8d9bd6cb16b947eef28280981a9934a3f5748eba2,2026,5294510,Damarcco,Blanton,WR,WR,Arkansas State,UL Monroe,receiving_yds,228.40632735494083,,True,7,1000.0,1086,unobserved_2026_outcome
1707a854e453312ebc6c7470a876fde1956d08793c2a289467e94f02ffc7c435,2026,4870754,Rodney,Gallagher III,WR,WR,West Virginia,Arizona,receiving_yds,329.66066657436886,243.0,False,0,1000.0,1086,unobserved_2026_outcome
bf3cc7a6a5a9bd725ead16b11361543d7f641ff8edc1c57be1dce47bae4fea59,2026,5150460,John,Neider,WR,WR,UConn,West Virginia,receiving_yds,334.2698090239398,422.0,False,2,1000.0,1086,unobserved_2026_outcome
15e62192a5a87309e198d16eb3645d298e16428ca04c847eebe1e0a71d97cb25,2026,5121666,Kam,Shanks,WR,WR,Arkansas,Wake Forest,receiving_yds,309.18458265106113,101.0,False,0,1000.0,1086,unobserved_2026_outcome
c59a4c86d0eb0b8b341c570e14666ab235e6cab6e954da9450a62cf5706b970d,2026,4920229,Jerry,McClure,WR,WR,San Diego State,San José State,receiving_yds,272.25871800224627,8.0,False,3,1000.0,1086,unobserved_2026_outcome
7c9c46222df2c307d27bb199bf07349e8e6826862dbd864d58a1e2282f33090c,2026,5144023,Jackson,Voth,WR,WR,Drake,Louisville,receiving_yds,352.78451728640835,536.0,False,2,1000.0,1086,unobserved_2026_outcome
bc3bcef0d090751c458738cb1a7444b682d75aedba8916c5168ba0f95a7990e0,2026,5157430,Aldrich,Doe,WR,WR,Bryant,San Diego State,receiving_yds,351.1183638604396,467.0,False,0,1000.0,1086,unobserved_2026_outcome
8b0f2d11405887a098997ed4c29b7eb9c9135bd9f667578ecd99e2cd552d4244,2026,5082584,DJ,Epps,WR,WR,Troy,West Virginia,receiving_yds,386.2808813531595,498.0,False,0,1000.0,1086,unobserved_2026_outcome
78dafbca36f8e959faf88691c4db8a44b74e966a1842daf17c27d16fb4146267,2026,4922992,Israel,Polk,WR,WR,Akron,Oklahoma State,receiving_yds,402.9501313693324,525.0,False,0,1000.0,1086,unobserved_2026_outcome
b980b83fc07282087374a7181a1011b7bd84a5cee7e587683fbaa9a66f35109b,2026,5141448,Kamren,Flowers,WR,WR,Toledo,UConn,receiving_yds,239.42343276110137,,True,8,1000.0,1086,unobserved_2026_outcome
32d521ae0fb4e73697cb6128b80386584054359e903b37481c5dadb6bbf77221,2026,5158759,Raiden,Brown,WR,WR,Idaho State,Sacramento State,receiving_yds,321.21414201039505,126.0,False,1,1000.0,1086,unobserved_2026_outcome
44bc9ca334f8718e7ccd6e5f578589535410cb8e16951f6d8fa1c4d0704ee2fd,2026,5149007,Miles,Coleman,WR,WR,North Texas,Oklahoma State,receiving_yds,391.83355585639185,550.0,False,0,1000.0,1086,unobserved_2026_outcome
fcaccd9668711ff625027729f86463bfa8c3f6468af43dbe42a854111e2aa2ac,2026,5219035,Cam,King,WR,WR,Auburn,Georgia Southern,receiving_yds,254.30580447314873,6.0,False,2,1000.0,1086,unobserved_2026_outcome
166c1922aab21c99c8099dcc295d7765e1ec24384f07b881e9ad9522719dc126,2026,5222221,Tank,Hawkins,WR,WR,Florida,Washington State,receiving_yds,278.2565817987773,16.0,False,2,1000.0,1086,unobserved_2026_outcome
2e9ad03beae6449cfae8b81f570d86481c5d724f3876e321715ff03783507a70,2026,5159139,Donovan,Faupel,WR,WR,New Mexico State,Arkansas,receiving_yds,397.063247218587,661.0,False,2,1000.0,1086,unobserved_2026_outcome
890e623bca4035234f7d40ab562dbe8333feb51eaaf1e060fce8c81417ae02ad,2026,5193274,Cade,Wolford,WR,WR,Kent State,Cincinnati,receiving_yds,443.5037260926243,509.0,False,0,1000.0,1086,unobserved_2026_outcome
b021f35ff456f47e5d81910e102975dd897f9a63b184d37076cf4a1ed5ebda2b,2026,5193351,Krosse,Johnson,WR,WR,Arkansas,Coastal Carolina,receiving_yds,272.13269578096003,9.0,False,3,1000.0,1086,unobserved_2026_outcome
bf7028229a21826a3856f44abb963ec89bbb143707f67967aba0308f7a512c0a,2026,4917119,Devin,Alves,WR,WR,Virginia Tech,Hawai'i,receiving_yds,262.3113486330609,45.0,False,2,1000.0,1086,unobserved_2026_outcome
37d2b3f5c8c7ed9e6ed0a150a31c191a2af0e4dba0e4e45778d236cff5e9d60e,2026,5175175,Owen,Dupree,WR,WR,West Georgia,Georgia State,receiving_yds,312.8914574553106,310.0,False,2,1000.0,1086,unobserved_2026_outcome
399fa384a8ad220cffa6b94724d1722fb9a92242685258a453652a406b16aeb8,2026,4912135,Justius,Lowe,WR,WR,Oregon,San Diego State,receiving_yds,283.1404076705019,56.0,False,2,1000.0,1086,unobserved_2026_outcome
44c91b6d15cb0843950b5963cff84d4ee9eda35eefd1d6d67b6667d5c51530b3,2026,5295267,Ace,Ciongoli,WR,WR,Indiana,Florida,receiving_yds,199.65491709290293,,True,7,1000.0,1086,unobserved_2026_outcome
17ae3831bae3a0e1fc83012e0c13935fa145f3e5da786305a241076bbcef7607,2026,4685517,Talyn,Shettron,WR,WR,Oklahoma State,Louisiana Tech,receiving_yds,242.7820324859598,,True,7,1000.0,1086,unobserved_2026_outcome
5e48b20f16ba35b3ce2353d50e98595134b9ff671ec1c7c940ef0c3f84255cf4,2026,5144288,Ben,Grice,WR,WR,Wake Forest,Rice,receiving_yds,228.40632735494083,,True,7,1000.0,1086,unobserved_2026_outcome
8e8ad841f9dab20e4763cc106ee5df3f7a53f9af11c5809639f779a712d8ea42,2026,5150834,Destyn,Hill,WR,WR,LSU,Tulane,receiving_yds,297.60612577048767,22.0,False,3,1000.0,1086,unobserved_2026_outcome
c2c812100ec06f1807b6cc67fbdb837ae4f76c629460101d419aeb4b40bfc1ec,2026,5079556,Parker,Livingstone,WR,WR,Texas,Oklahoma,receiving_yds,435.88333846780006,516.0,False,2,1000.0,1086,unobserved_2026_outcome
08c12bff283d71066bfa5d0f1d708ba0e9c147ce783f17e239073b2af4959a5d,2026,5219011,EJ,Reid,WR,WR,Wake Forest,UAB,receiving_yds,221.21847478943133,,True,7,1000.0,1086,unobserved_2026_outcome
03101e9be5574d0968a80c2dd8e3533cee9da6ae508d6e8d1306abc8834bd52d,2026,5153889,Josh,Derry,WR,WR,Monmouth,UCF,receiving_yds,484.95116273232946,1101.0,False,0,1000.0,1086,unobserved_2026_outcome
eb49a3c237ae2f180f809b90a98458b35893f76560e37a53b4c2328216e45a27,2026,5208136,Matt,Outten,WR,WR,Penn State,Syracuse,receiving_yds,249.9698850514693,,True,7,1000.0,1086,unobserved_2026_outcome
1715473b66a6932afde038852b9d6f3d384d90807f3951786f0795842c34d1db,2026,4916987,T.J.,West,WR,WR,Texas Tech,UTSA,receiving_yds,275.4260579502549,19.0,False,3,1000.0,1086,unobserved_2026_outcome
514308aa336b4987f5735274970262380e3c3ede66cd79a1b300bfed54fcbc8d,2026,5226828,Isaiah,Dawson,WR,WR,Richmond,Bowling Green,receiving_yds,397.3845976873236,575.0,False,2,1000.0,1086,unobserved_2026_outcome
620e53301d4c7b1fc8d02958e77b516aada5ed4d7e4b3b733317d5f9500c1d7c,2026,5161162,Ronnel,Johnson,WR,WR,Missouri State,Jacksonville State,receiving_yds,356.6064186446462,463.0,False,0,1000.0,1086,unobserved_2026_outcome
566eaad1daa881bb2bab2a8287f6fb6db7517d386081b798cc35880e6ba40883,2026,5155746,Jordan,Dees,WR,WR,West Georgia,Washington State,receiving_yds,335.15588218345226,508.0,False,2,1000.0,1086,unobserved_2026_outcome
c755dda2aa043d95a690241e8165713faffd82a100c49e0035f2bcb5bf04147a,2026,5092470,Ty,Mims,WR,WR,Texas State,UAB,receiving_yds,228.40632735494083,,True,7,1000.0,1086,unobserved_2026_outcome
43741176547e85e560bbf297269c88a714dd59fd637c981613639af7e33e255e,2026,4883774,Jayden,McGowan,WR,WR,Charlotte,Baylor,receiving_yds,268.55548738288144,7.0,False,2,1000.0,1086,unobserved_2026_outcome
9cfcd587232971fb791284744b79bc044754a5d874cb1a87f4474bd48abc86fa,2026,5219505,Ayo,Shotomide-King,WR,WR,Oklahoma State,San Diego State,receiving_yds,235.59417992045033,,True,7,1000.0,1086,unobserved_2026_outcome
cd9a40f5ae739d1bcc7acce03151a8beb9fe3a5c31e4275422adc9fb0aa6a8ca,2026,5224790,Isaiah,Fuhrmann,WR,WR,Elon,Georgia Tech,receiving_yds,427.91834069762626,907.0,False,0,1000.0,1086,unobserved_2026_outcome
136e1d1b16c5a1556e7a82b49cd03e48d6ccdae8e14698ba793658dad21dfc4a,2026,5086096,Lawayne,McCoy,WR,WR,Florida State,Louisville,receiving_yds,403.2187286856028,403.0,False,2,1000.0,1086,unobserved_2026_outcome
eb88a9ace7e125b754cc95534c8a55317a5a10c24a0aa931762988cfbd3d0fca,2026,4703030,Jaiven,Plummer,WR,WR,California,Georgia Tech,receiving_yds,281.11666677577375,86.0,False,2,1000.0,1086,unobserved_2026_outcome
8d4a55d119664f74e0d9107194f245661e0de790ec5867005dbaa9f3dcec1ec3,2026,5079535,Zion,Kearney,WR,WR,Oklahoma,Wisconsin,receiving_yds,276.4285703983676,31.0,False,2,1000.0,1086,unobserved_2026_outcome
aa14b19320c1343380492a08ec9a0a42e56692de4be29ec6641b842b84cb0b23,2026,4685364,Andre,Greene Jr.,WR,WR,Virginia,Georgia Southern,receiving_yds,261.367634817372,7.0,False,2,1000.0,1086,unobserved_2026_outcome
1456d199bd584821312ad69192088c5bbeab830946b72c4754b06b7ac6275488,2026,5381371,Chase,Allen-Jackman,WR,WR,Washburn,Georgia State,receiving_yds,235.59417992045033,,True,7,1000.0,1086,unobserved_2026_outcome
ce1802c33fc97e7c780d856c1147d964c3bdd30d759971e1134fc12bf450a059,2026,5225013,Rodshaun,Dorsey,WR,WR,Erskine,Georgia State,receiving_yds,268.2932750367507,58.0,False,2,1000.0,1086,unobserved_2026_outcome
c2c106e944c7f52c52a95226b63d211fa8e4879faffe28b9d5841561a968423c,2026,5150276,Dazmin,James,WR,WR,California,App State,receiving_yds,228.40632735494083,,True,7,1000.0,1086,unobserved_2026_outcome
daa412076466abb92488bef3019232e3e04363e01f119cb132b346a86ad3c578,2026,5150538,Devin,Hyatt,WR,WR,Arizona,Miami (OH),receiving_yds,268.17742071902273,10.0,False,2,1000.0,1086,unobserved_2026_outcome
33be7b9fcd4b64ebc52390689bc6bb83e4115fbaad7ba658ad803d56043ef4ad,2026,5215218,Karon,Brookins,WR,WR,Iowa State,Penn State,receiving_yds,235.59417992045033,,True,7,1000.0,1086,unobserved_2026_outcome
8ee4a3cafac3c58fb3dcd99af8db92099e4f64c0291019908817a881fa0c1a8e,2026,5165803,Corey,Scott,WR,WR,West Florida,James Madison,receiving_yds,242.7820324859598,,True,7,1000.0,1086,unobserved_2026_outcome
efde6991621849fdbc298731ed48572b970c3129cb7da40a457ddfb5c6e72d8b,2026,5164362,Raiden,Vines-Bright,WR,WR,Washington,Arizona State,receiving_yds,362.69691474701546,238.0,False,0,1000.0,1086,unobserved_2026_outcome
2af0550018ae03d1a1ae3348e3be0fae06c7dedb0ab3bb6d746b9198449ea673,2026,5146753,Shamar,Rigby,WR,WR,Oklahoma State,Wisconsin,receiving_yds,339.6461685926517,351.0,False,2,1000.0,1086,unobserved_2026_outcome
eb7073fc804d94a136cd7be0e14839e7d8a9bedfcc513ca036c8c01640c107e8,2026,5152815,Danny,Scudero,WR,WR,San José State,Colorado,receiving_yds,484.35920370479994,1297.0,False,2,1000.0,1086,unobserved_2026_outcome
b225ad8b5191a59f25cf6e79cd15d36ee02a8a042ddcb65aed86251154e296ca,2026,4870739,Christian,Hamilton,WR,WR,West Virginia,Marshall,receiving_yds,277.11346305311406,25.0,False,2,1000.0,1086,unobserved_2026_outcome
e040e54c95c96175936c486a27c09a18cd910cea439d5884f9756a938843deb2,2026,5146673,Christian,Zachary,WR,WR,NC State,Sam Houston,receiving_yds,239.42343276110137,,True,8,1000.0,1086,unobserved_2026_outcome
2d0866783c732ec40f1aa25c43a319ba1fdc638442e55983907667ed982a7f25,2026,4685601,Armani,Winfield,WR,WR,Colorado State,South Florida,receiving_yds,345.4232791434933,276.0,False,3,1000.0,1086,unobserved_2026_outcome
2ee0d791f0c6b144aec52671c7d5794ea09f8f32111bf272ee34a066a0815bab,2026,4838549,Kam,Perry,WR,WR,Miami (OH),Colorado,receiving_yds,398.3532590139299,976.0,False,2,1000.0,1086,unobserved_2026_outcome
f7e656b1587a541470c3027f2884ab1ff18ab11514701e94d38381392ad961db,2026,5125905,Corri,Milliner,WR,WR,UAB,North Texas,receiving_yds,312.4710763126293,341.0,False,2,1000.0,1086,unobserved_2026_outcome
eb256154026e997c1c7d0e4036d79dca212b1f9c8fb1da8d566a58581e69f342,2026,4870929,Noah,Rogers,WR,WR,NC State,Alabama,receiving_yds,413.1730556378147,413.0,False,2,1000.0,1086,unobserved_2026_outcome
4c0139fdab3173b466093152a7548b4d55d813d98c149ea096877fdeae4e69bb,2026,5300543,Sam,Pickett III,WR,WR,Samford,App State,receiving_yds,342.0506428335306,450.0,False,0,1000.0,1086,unobserved_2026_outcome
1b05aa736dc3ec9b74ee066fbe23edcd2fca34a5c85d509405a1e6307fff7dc7,2026,5155193,Corey,Thompson Jr.,WR,WR,Utah State,Ball State,receiving_yds,228.40632735494083,,True,7,1000.0,1086,unobserved_2026_outcome
638d860c0538e682eb41d8e7bbe6ba7f68b7c8578b2080533dce657ae0bbf168,2026,5144084,Jahmari,Powell-Wonson,WR,WR,Maryland,Florida Atlantic,receiving_yds,274.04566849909537,14.0,False,3,1000.0,1086,unobserved_2026_outcome
f97e40e07561cf87cb29c66297209803a66d64e354ad08b057985827458b16a3,2026,5078533,Jabari,Smith Jr.,WR,WR,Florida Atlantic,Ball State,receiving_yds,308.72284934877536,166.0,False,2,1000.0,1086,unobserved_2026_outcome
1a413485a5152b49eea7390f83e639136d7bcc7ccf4285919888d53c93c2f6f0,2026,5231360,Nick,Sowell,WR,WR,South Carolina State,Bowling Green,receiving_yds,297.9510823387281,247.0,False,2,1000.0,1086,unobserved_2026_outcome
3832fd55f86d4615d165088dfb7d6267bba69abe60d61c2afd94aa5519ae2c47,2026,5152717,Mason,Humphrey,WR,WR,Lehigh,North Carolina,receiving_yds,369.0146985286003,651.0,False,2,1000.0,1086,unobserved_2026_outcome
612f41e2a0560d6a487d86007a2bde4d439d0fa9354e9cf20c1671e5bc6bae2e,2026,4870770,Ray Ray,Joseph,WR,WR,Miami,East Carolina,receiving_yds,277.80814163437486,25.0,False,2,1000.0,1086,unobserved_2026_outcome
c056eaac8ea4e338259eaa8e5473d65b79a74725f6f73a74618fd62d96196e9a,2026,4870826,Micah,Mays Jr.,WR,WR,Wake Forest,Florida,receiving_yds,336.02496432626805,302.0,False,2,1000.0,1086,unobserved_2026_outcome
8b45908add1d7d867efa4cbf913d961971be0ea74e0b9ea9329a56fb93029f36,2026,4870927,Bryson,Rodgers,WR,WR,Ohio State,South Florida,receiving_yds,289.34614597388,79.0,False,2,1000.0,1086,unobserved_2026_outcome
47ea1daa91eeeea9ba509aec72d2f07758dd59932298012bf41e2f73e96a2ff4,2026,5079374,Ny,Carr,WR,WR,Miami,Wake Forest,receiving_yds,273.09208633043124,45.0,False,2,1000.0,1086,unobserved_2026_outcome
d7ab1e2ae82249d9e179f7bc368600212e78aa0c799dce55ae48ed114811469e,2026,5209464,Brian,Rowe Jr.,WR,WR,South Carolina,UCLA,receiving_yds,335.6030698263351,149.0,False,0,1000.0,1086,unobserved_2026_outcome
18b2a7fde7dfa94594d73c166820fc15f2cca6cd82947e0d5055049f42c9dd37,2026,5219270,Lyndon,Ravare,WR,WR,Kennesaw State,New Mexico State,receiving_yds,307.6015120697279,237.0,False,2,1000.0,1086,unobserved_2026_outcome
cec4f1a64faceb38645cbd7651eaff98ef5624ad455834c4b011d2386d04eeea,2026,5300856,Tony,Diaz,WR,WR,Texas-Rio Grande Valley,Iowa,receiving_yds,235.59417992045033,,True,7,1000.0,1086,unobserved_2026_outcome
6f356dab94ff86ebb9c22637b5510e7052865ef2cd10a9003575b281097a5780,2026,5153318,A.J.,Little,WR,WR,Chattanooga,Southern Miss,receiving_yds,333.07245279851014,345.0,False,0,1000.0,1086,unobserved_2026_outcome
229783d29278785df9ef2d6830b948301eb5cd19ac87bc63f2dc7b9f4cc64a48,2026,5084409,Jared,Richardson,WR,WR,Pennsylvania,Duke,receiving_yds,468.3848685994063,1033.0,False,2,1000.0,1086,unobserved_2026_outcome
93d0d9532aa8cef02b4d4f859f5445f238323b20bdc877dd3332b47c684b320a,2026,5126534,Jeremy,Scott,WR,WR,South Alabama,TCU,receiving_yds,340.26854429127366,417.0,False,2,1000.0,1086,unobserved_2026_outcome
547ff89395913d9306b92a184a23014a11cacb33636951ed99855274dd63a2e6,2026,5294063,Tre,Richardson,WR,WR,Vanderbilt,Louisville,receiving_yds,499.11457339131164,810.0,False,0,1000.0,1086,unobserved_2026_outcome
d51779d8d119d752f2a0f08bcf21284c3b8a307e1c813e6e2643624f941ae647,2026,5085503,Grayson,O'Bara,WR,WR,Dartmouth,North Texas,receiving_yds,320.980079558593,590.0,False,2,1000.0,1086,unobserved_2026_outcome
b41c1cbd25f30aa5202e206c80de62102ee102dea457f3938036787a667ff3ff,2026,5222394,Da'Shawn,Martin,WR,WR,Kent State,Virginia,receiving_yds,367.8820883837259,507.0,False,2,1000.0,1086,unobserved_2026_outcome
d05762559ddc8529f46b7d3147048d618cc539ac9a883720a3fc8b4da188fc84,2026,5296438,Tristian,Gardner,WR,WR,Missouri State,Coastal Carolina,receiving_yds,358.29297356590496,465.0,False,2,1000.0,1086,unobserved_2026_outcome
81a1c0346c07d187e6dea84aedfe798da1b47c258f16c1fe7f6429d5303f8c06,2026,4717430,Chris,Marshall,WR,WR,Boise State,Arkansas,receiving_yds,350.67356785105676,574.0,False,2,1000.0,1086,unobserved_2026_outcome
9700598e3d3a201e04cb462cc5904fe1b22bb7a59b835d4dd7e0fa4cbff92030,2026,5385750,DJ,Young,WR,WR,Siena Heights,Ball State,receiving_yds,228.40632735494083,,True,7,1000.0,1086,unobserved_2026_outcome
38e9b2525aaa75d097124a7bd95ee025ec255bd19ac7e449f3323f6273d49b8a,2026,5221139,Shawn,Foster,WR,WR,Michigan State,Central Michigan,receiving_yds,168.37934959481734,,True,7,1000.0,1086,unobserved_2026_outcome
37b65481c853bb6d53b09254ac647391147e58bf989144adb17e90dd7b6b25f0,2026,5079745,Joshisa,Trader,WR,WR,Miami,NC State,receiving_yds,319.83242944765544,178.0,False,2,1000.0,1086,unobserved_2026_outcome
c410adefb956270a4f00186cb346c295b0313499b8120b46ebbe392d035d4bd7,2026,5218698,Zach,Taylor,WR,WR,Arkansas,App State,receiving_yds,214.03062222392185,,True,7,1000.0,1086,unobserved_2026_outcome
e3b40df0ef6687518e14f59176bf8ae21f08914799dd8d01edca0a4677ca01e1,2026,5218787,Que'Sean,Brown,WR,WR,Duke,Virginia Tech,receiving_yds,503.3825738145777,842.0,False,0,1000.0,1086,unobserved_2026_outcome
f6dfc5fa62207275ca765712a61a5b93f28198db48c976cb1cd98f2a328f1f04,2026,5089182,CJ,Nelson,WR,WR,Eastern Illinois,Ball State,receiving_yds,357.8958802385369,393.0,False,1,1000.0,1086,unobserved_2026_outcome
4373eb0a7786fe74f981248af27c89bb34dd0c25982ea0bae0e9ec9a124b5905,2026,5079704,Emanuel,Ross,WR,WR,Syracuse,UConn,receiving_yds,294.96341115513263,110.0,False,2,1000.0,1086,unobserved_2026_outcome
32080a09a962ed513a2a3862b8eae8d6f81caafbddf385202cfdd07670f1776d,2026,5079612,Dre'lon,Miller,WR,WR,Colorado,Baylor,receiving_yds,356.00673369966916,159.0,False,0,1000.0,1086,unobserved_2026_outcome
fa95154ca50cf64e500e4bc76d81c65b2be01212e7fc8ca4f2a7730c840ae7e5,2026,5224217,Marcus,Calwise Jr.,WR,WR,Eastern Kentucky,Louisiana Tech,receiving_yds,369.8105720242732,417.0,False,0,1000.0,1086,unobserved_2026_outcome
7dae12c9c68128059039fffd13b7e5855560a95a665dc65d4a23727243be70a0,2026,5132652,Ricky,Johnson,WR,WR,Mississippi State,Utah,receiving_yds,293.932169772433,17.0,False,0,1000.0,1086,unobserved_2026_outcome
3e84c1393411d186e0faa7fac238376eaba78b3788f3e709989d4a2de3e217b1,2026,5211691,Preston,Bowman,WR,WR,Kentucky,Ohio,receiving_yds,235.59417992045033,,True,7,1000.0,1086,unobserved_2026_outcome
5eba511e726b5a32aedf2f7c72b10539d4dbbad3555c48feccba1ec12694cbf1,2026,5218663,Boski,Barrett,WR,WR,Vanderbilt,Arkansas State,receiving_yds,235.59417992045033,,True,7,1000.0,1086,unobserved_2026_outcome
baf351bc4facbd04ab1992deeb6f2cdf3a67c2669930d80f8db336bf4b02d5b4,2026,5351309,Jaylen,Brown-Wallace,WR,WR,Wingate,Clemson,receiving_yds,235.59417992045033,,True,7,1000.0,1086,unobserved_2026_outcome
cca1fdd89e686d3c4cd47ba4af0872c0bcda7ad7f53ae6ef1fe00dd632973421,2026,5119868,Jaylen,Lloyd,WR,WR,Oklahoma State,Florida,receiving_yds,257.19223052657594,,True,5,1000.0,1086,unobserved_2026_outcome
1e10a5727a2b6934fe142c87f474a9b7cb745b7a6c9dacee6a51869957d7f57d,2026,5225335,Noah,Grevious,WR,WR,VMI,James Madison,receiving_yds,413.4759782923106,731.0,False,0,1000.0,1086,unobserved_2026_outcome
5309f02a9fcf67428f169fd8b7693701ae726160614f0d5d9dbe9b1b37b5ff6c,2026,5168788,Brayden,Munroe,WR,WR,Northern Colorado,Kennesaw State,receiving_yds,373.03651542531935,696.0,False,2,1000.0,1086,unobserved_2026_outcome
b7a672e723c62beee44e76841b4c6baf7825a672ba2754ca28da4cf88a65f5a6,2026,5154413,Isaiah,Spencer,WR,WR,Virginia Tech,Ole Miss,receiving_yds,322.2905898907692,194.0,False,0,1000.0,1086,unobserved_2026_outcome
8fd4ce1b1557dec8a83b379e92337b423b8ae01f5079d18191d7ac34998a7996,2026,4712328,Anthony,Simpson,WR,WR,Michigan,Toledo,receiving_yds,242.92787430761052,,True,5,1000.0,1086,unobserved_2026_outcome
7ecfb2317cc5a6181711f883c80e1decd988787f03ec5a32ace6a284792d60b9,2026,5080819,Davion,Dozier,WR,WR,App State,NC State,receiving_yds,340.0976412366505,448.0,False,2,1000.0,1086,unobserved_2026_outcome
1ad132efae2660c06eb7f0816a8f74e71708e42c9cb61bbc2a265b62018bcfdb,2026,4894839,Brandon,White,WR,WR,Hawai'i,Kansas State,receiving_yds,366.5879404873922,399.0,False,0,1000.0,1086,unobserved_2026_outcome
234df95ddf339d721855d48c19b13f6055ae6af615c73ef36b2a047e505a2761,2026,5164691,Montavin,Quisenberry,WR,WR,Kentucky,Louisville,receiving_yds,268.9335540467402,4.0,False,2,1000.0,1086,unobserved_2026_outcome
30989a0922e8155e637f0f73ff2efa41900850f9832b19222f3bc855b8990e54,2026,4683543,RJ,Garcia II,WR,WR,Bowling Green,Florida Atlantic,receiving_yds,330.36495851746173,283.0,False,0,1000.0,1086,unobserved_2026_outcome
bd3cf71d1d4809dd2307303f3cc40cc46d4c858465e841f3fea99fe1e1f1500d,2026,5094032,Nico,Brown,WR,WR,Yale,Stanford,receiving_yds,476.5465775484418,1085.0,False,0,1000.0,1086,unobserved_2026_outcome
22e6119464abb835f108c27e7c6103aada6b30b9219b5cc1ad371b0a96a86a9f,2026,5082587,Matthew,Coleman,WR,WR,San José State,Sacramento State,receiving_yds,297.3825369325597,131.0,False,2,1000.0,1086,unobserved_2026_outcome
405e29d78cb0802ccc572b52b2019087f5e1eef099b1fc9d1fadb7aca84d78a8,2026,5224388,Shane,Carr,WR,WR,Southern Utah,Kentucky,receiving_yds,368.52029852410203,655.0,False,2,1000.0,1086,unobserved_2026_outcome
ffc7c558cd2ca4b2cf2a29d745f32685541495649aa6ee410c33ed6057743fbd,2026,5078245,Kenric,Lanier II,WR,WR,Minnesota,Missouri,receiving_yds,276.4861373173596,79.0,False,2,1000.0,1086,unobserved_2026_outcome
1624017c071881f4244338a78558b4d764c3669edc3e693fde88f8cd85ae3b06,2026,5153613,Carter,Shaw,WR,WR,UCLA,Stanford,receiving_yds,228.40632735494083,,True,7,1000.0,1086,unobserved_2026_outcome
dab8f445a9cb31e85b9a464689d4dbd156f1ce2222a52623504ef8294cbbac16,2026,4870656,Johntay,Cook II,WR,WR,Syracuse,Ole Miss,receiving_yds,399.01142914126314,559.0,False,0,1000.0,1086,unobserved_2026_outcome
c7936342c0d679e88404e5b47277f1f38ab0180dbf5818a29f41696729c427ee,2026,5095360,Eric,Singleton Jr.,WR,WR,Auburn,Florida,receiving_yds,478.16350138381574,534.0,False,0,1000.0,1086,unobserved_2026_outcome
af7628eb02334eec573a6a1971bc22d2ad23a55d2ce6972c4fdcd4a2fbf94b87,2026,5141697,Winston,Watkins,WR,WR,Ole Miss,LSU,receiving_yds,407.841506926212,373.0,False,0,1000.0,1086,unobserved_2026_outcome
226510bfd901a6c5b7ebb63802d6b043bf4aed73f5655bb52062d7aac8e5bb78,2026,4917945,Aidan,Mizell,WR,WR,Florida,UCLA,receiving_yds,360.18234371598635,177.0,False,2,1000.0,1086,unobserved_2026_outcome
f427cfc98fd9b954dc5a1e3b8f832e9d37f7e19f79df0e7dc2a3aae74dc44b13,2026,4893702,Elizjah,Lewis,WR,WR,Pace,Louisville,receiving_yds,297.57777813510006,137.0,False,2,1000.0,1086,unobserved_2026_outcome
0cbe84abfd2832bc16ba67070bb6a3dcb8994f6ecc4aed970534d115c8ace684,2026,5079370,Ernest,Campbell,WR,WR,Sacramento State,Colorado,receiving_yds,423.69600099509586,755.0,False,0,1000.0,1086,unobserved_2026_outcome
2cc69dadc280934cc6fc3ee2b5fa0594e19519a53a000380e8e6363fca06a6ab,2026,4709669,Christian,Moss,WR,WR,Kennesaw State,Washington,receiving_yds,374.99614844829586,682.0,False,2,1000.0,1086,unobserved_2026_outcome
e564f3ddd8f09507b3d30e60171df78110d913da4141e3ed9e860ff51f09bd63,2026,4603185,Markus,Allen,WR,WR,Mississippi State,Middle Tennessee,receiving_yds,246.991929686353,7.0,False,2,1000.0,1086,unobserved_2026_outcome
ccf31cb0b36fe0b411eb27c41720d2516e2309fbed198dbf8a5234af5afe0ed5,2026,4710860,Oran,Singleton Jr.,WR,WR,West Virginia,Tulsa,receiving_yds,298.74954991982605,22.0,False,1,1000.0,1086,unobserved_2026_outcome
c1eca96771be882f0d39712114a21902855d455c31d19b9a0172e6184addd228,2026,5264658,Jermane,Hayes,WR,WR,Southern Miss,Memphis,receiving_yds,276.73338815295995,36.0,False,3,1000.0,1086,unobserved_2026_outcome
8b3795121fed2f5801c071b16e037bce97ce68696ebdd1aa12630054784aabad,2026,5148660,Micah,Matthews,WR,WR,Virginia Tech,James Madison,receiving_yds,242.7820324859598,,True,7,1000.0,1086,unobserved_2026_outcome
81311d6bb54a5b97c5ef6b4eae6b43317ab64049c336b0369482b73f955b93a1,2026,4685290,Tychaun,Chapman,WR,WR,Southern Miss,Memphis,receiving_yds,359.60477752121085,444.0,False,0,1000.0,1086,unobserved_2026_outcome
f644540cdad35e942f74cf579c1de5ffea49902327315dc53a93aae96c5db722,2026,5148535,Brett,Eskildsen,WR,WR,Iowa State,Penn State,receiving_yds,384.8722711413456,526.0,False,2,1000.0,1086,unobserved_2026_outcome
b1bf2b2df1e1b7c87e73ed831a612c1f8b57f62e1d17168ee9ca13da9b5fd500,2026,4896289,Gavin,Freeman,WR,WR,Oklahoma State,Baylor,receiving_yds,391.0372237565712,481.0,False,0,1000.0,1086,unobserved_2026_outcome
e9bac9d2571616a3011979da72d8b3c75257680d999c2603e69beee3951e40ae,2026,5218736,Emazon,Littlejohn,WR,WR,South Carolina,Western Michigan,receiving_yds,238.78407306867,,True,9,1000.0,1086,unobserved_2026_outcome
07c1a2d0773ac6e8a2dbf71214a9c6d39f971bf55bb00776d56b24727624d382,2026,5219702,Xavier,Daisy,WR,WR,UAB,Kentucky,receiving_yds,298.6542817765666,177.0,False,2,1000.0,1086,unobserved_2026_outcome
9cd8f963ab022e9fba9dd2808927be4ef8ed72eefb9d3b86aeac84d3fe394190,2026,5390043,King,Phillips,WR,WR,Texas A&M-Kingsville,Georgia Southern,receiving_yds,228.40632735494083,,True,7,1000.0,1086,unobserved_2026_outcome
4eecc740b6be4a5c060757fbb360451ae89855bfe6b77d8e00fbdd8475132c6a,2026,5301163,Refeno,Vangates,WR,WR,North Carolina Central,Liberty,receiving_yds,346.9814140985789,357.0,False,0,1000.0,1086,unobserved_2026_outcome
b2f92d4af43abd9362f16e3c806b04d08bc6ba2b75d3865ad9716058b2f272d4,2026,5388313,Javier,Willis,WR,WR,Tiffin University,Kent State,receiving_yds,221.21847478943133,,True,7,1000.0,1086,unobserved_2026_outcome
eb5fcdeb9b5aca5531c20e4a36ca3e1a1083691bc4f0194c069bd621726d238b,2026,5228882,Ryder,Treadway,WR,WR,Toledo,UConn,receiving_yds,303.58407091343173,176.0,False,2,1000.0,1086,unobserved_2026_outcome
0a1d5e43992a2414f4d608d93e81faefc13ce561bce181c04fa720260b7a5b11,2026,4429804,Jimmy,Calloway,WR,WR,Tulane,Tulsa,receiving_yds,298.3010377738154,52.0,False,0,1000.0,1086,unobserved_2026_outcome
bbb4f7fc6102c039dff715307f91a4a5995870174ca366451f49f145808df725,2026,5164039,Jeremiah,Carroll,WR,WR,Carson Newman,Western Kentucky,receiving_yds,221.21847478943133,,True,7,1000.0,1086,unobserved_2026_outcome
4a38c83851d49c951c51e4cf3fcc308120e19d816f5b7ffd60697fe315e7f9f9,2026,5078003,Zion,Agnew,WR,WR,Lenoir Rhyne,Old Dominion,receiving_yds,228.40632735494083,,True,7,1000.0,1086,unobserved_2026_outcome
8d574d4403f9caa840892145634e509a531b8811699f87ce529083cfa42695c3,2026,5193720,Javon,Brown,WR,WR,Toledo,UConn,receiving_yds,276.6683687786591,156.0,False,2,1000.0,1086,unobserved_2026_outcome
d58db72ecf644ca5cffd8d0d1ca7af5b6ce134a1d492b9e0b4cac52ec41a0afb,2026,5153369,Ja'Keith,Hamilton,WR,WR,Furman,East Carolina,receiving_yds,367.6824591685245,545.0,False,4,1000.0,1086,unobserved_2026_outcome
ac53843a2e9e73cd0045a5d73fb87f3494c36164e82bd247f766195adb9f6763,2026,5243671,Brock,Coffman,WR,WR,Louisville,Kentucky,receiving_yds,235.59417992045033,,True,7,1000.0,1086,unobserved_2026_outcome
ae7308a59b04b53904a9f1a33a22f94a0ee503216efd6540244857db2c96afc9,2026,4900879,Jacquon,Gibson,WR,WR,Massachusetts,Virginia,receiving_yds,390.0027547334423,616.0,False,0,1000.0,1086,unobserved_2026_outcome
22b8ce0f9d5ed3ac0bbad26c6f9d832eef860aead214db1e81590b4db7751f8a,2026,4870876,Kyler,Kasper,WR,WR,Oregon,BYU,receiving_yds,278.9311584423424,51.0,False,2,1000.0,1086,unobserved_2026_outcome
402c9cec843bf10dac963b39f76854c26c2fbd039c7817d41a3532df9c35faf5,2026,5195952,Wondame,Davis Jr.,WR,WR,UTEP,Wake Forest,receiving_yds,372.6340309945561,604.0,False,2,1000.0,1086,unobserved_2026_outcome
24665db8b72578d71301225c15b15564d7cfcde3d7458c424c3356ce79f8989a,2026,5161253,Devin,Matthews,WR,WR,East Texas A&M,Massachusetts,receiving_yds,381.11813396583733,649.0,False,0,1000.0,1086,unobserved_2026_outcome
396ecf56f81d951b9f4eea72d16c17bd35c3dc8a03b3ce252eb4acf06e80b749,2026,5079444,Mylan,Graham,WR,WR,Ohio State,Notre Dame,receiving_yds,344.6390231175648,93.0,False,2,1000.0,1086,unobserved_2026_outcome
6dda04e105cfc4cfc9b064d18cfafeaf68746f7951eb53d54c8eda4644db33c3,2026,4870860,DeAndre,Moore Jr.,WR,WR,Texas,Colorado,receiving_yds,441.6111654292614,532.0,False,2,1000.0,1086,unobserved_2026_outcome
b43af621de163efd560fe3f2e012aed98c72d631efda9d02c76ea6a607ed34f0,2026,5159362,Zion,Booker,WR,WR,Tulsa,Kennesaw State,receiving_yds,366.09067607779554,418.0,False,0,1000.0,1086,unobserved_2026_outcome
6e4fd0818516b37ffbe96b0cb4a624f00127c23619bc7ba04da83d9b1dc18cfd,2026,5219476,Isaiah,Myers,WR,WR,Western Kentucky,Missouri State,receiving_yds,254.4214655006938,43.0,False,2,1000.0,1086,unobserved_2026_outcome
9fbc3dafc977859bedd0873eb20f5dadf7dcd0cf4ab639de04b7960c26e7da7e,2026,4870592,Jordyn,Bailey,WR,WR,TCU,Iowa State,receiving_yds,297.256156040799,36.0,False,0,1000.0,1086,unobserved_2026_outcome
b7cc430e7d8ceadb2859aef25c06b0725aafdcadcff109211226fbfb30b9cde0,2026,5079769,Izaiah,Williams,WR,WR,Texas A&M,Kansas State,receiving_yds,292.46684891518015,64.0,False,2,1000.0,1086,unobserved_2026_outcome
cb2217085f92e7650768abcd6fbfa7b945c6fab5fad4d6b8155d9f0b97ecc2b2,2026,5141443,Jeff,Exinor Jr.,WR,WR,Penn State,Virginia Tech,receiving_yds,249.9698850514693,,True,7,1000.0,1086,unobserved_2026_outcome
9694ae63df090b6ac3e140de19080e859c5d09211743d9b6e7bd337e2e776453,2026,4912130,Trell,Harris,WR,WR,Virginia,Oklahoma,receiving_yds,479.8653971641798,847.0,False,2,1000.0,1086,unobserved_2026_outcome
074f43f18839b8eaecfb2045a186235e5fb8beb12784279a4a5cd1a49a433b2a,2026,5151405,Jaceon,Doss,WR,WR,Towson,Nevada,receiving_yds,365.89548808561,657.0,False,3,1000.0,1086,unobserved_2026_outcome
e2d2cbf844da21a7c6948097b776ff6a36aaf915933a2b01e9130306b002682e,2026,4870858,Cayden,Lee,WR,WR,Ole Miss,Missouri,receiving_yds,421.78132551180823,635.0,False,2,1000.0,1086,unobserved_2026_outcome
0ce01d6bb2c9d76d35dc652f4cdf7da2aa9734686570b2587ceeb72f945c3a07,2026,4923288,Barry,Jackson Jr.,WR,WR,Cincinnati,Rice,receiving_yds,221.21847478943133,,True,7,1000.0,1086,unobserved_2026_outcome
d9bd629ece9569906aedcdcda2ce91221a43fdb655474ea9e1087bb367beaff6,2026,5121334,Jayce,Brown,WR,WR,Kansas State,LSU,receiving_yds,480.66986870023106,712.0,False,0,1000.0,1086,unobserved_2026_outcome
53141218e01066e6bdb51051a0b8266a490c71ed157c696218e4169b6387c009,2026,4870859,Noble,Johnson,WR,WR,Arizona State,Georgia Southern,receiving_yds,228.40632735494083,,True,7,1000.0,1086,unobserved_2026_outcome
6b5af5ab4f294d7bbd3c2083d049368d7797f18350cfd42d8a6dc1c116efc48f,2026,4685510,Kaden,Saunders,WR,WR,Penn State,Southern Miss,receiving_yds,263.51114769367746,,True,8,1000.0,1086,unobserved_2026_outcome
4daa3c6f8bd61892b3d5e603350501200afedded5b95a0284f4ec5ccf1fe418c,2026,5125593,Bailey,Stockton,WR,WR,Georgia Tech,Florida,receiving_yds,330.1683265512943,233.0,False,0,1000.0,1086,unobserved_2026_outcome
d6631c5ce09d3973db78a6cdbc51435df8b63a86f5cab0717687c0498bbb8bb8,2026,4837269,Omari,Hayes,WR,WR,Tulane,Iowa State,receiving_yds,337.22877377425004,515.0,False,2,1000.0,1086,unobserved_2026_outcome
8620560d80abde79b9a076c75767bed7cbbc581d541afdaa04596a7f76261526,2026,5216510,Kory,Pettigrew,WR,WR,South Florida,Auburn,receiving_yds,270.30501908173994,21.0,False,2,1000.0,1086,unobserved_2026_outcome
7530e0bf1a77d0852558f5483745b5b60677bd8431760cc1574a87a6c034e554,2026,5079486,Zy'marion,Lang,WR,WR,Toledo,UConn,receiving_yds,239.42343276110137,,True,8,1000.0,1086,unobserved_2026_outcome
591e2e777d55b0ef5fbe2a9adf2b1c063e141cb7525ce2802acef428e5b7a44a,2026,5125521,Arhmad,Branch,WR,WR,Purdue,South Florida,receiving_yds,328.0054472596349,212.0,False,2,1000.0,1086,unobserved_2026_outcome
5b2c72724bdcc5e5d29ed855c225235dbb7a31f835f75f696ccb54eeedc17086,2026,4685516,Shazz,Preston,WR,WR,Tulane,Indiana,receiving_yds,399.87923976878125,723.0,False,2,1000.0,1086,unobserved_2026_outcome
83a5753f4c9c5471d6d91ed5d1098100fe26ed4092017578f4c54d2892fd3adc,2026,5394595,Jaylen,Himes,WR,WR,Wingate,Southern Miss,receiving_yds,235.59417992045033,,True,7,1000.0,1086,unobserved_2026_outcome
ef2677913041ed5010cdd1c62e7358a0698a59c06256a0ae91e7b331c455318b,2026,5141456,TaRon,Francis,WR,WR,LSU,West Virginia,receiving_yds,249.9698850514693,,True,7,1000.0,1086,unobserved_2026_outcome
06cc981e4e198c81a96a885722f6dce0ab6a8e77c7131c0d99147c18c593c3ad,2026,4804878,Cooper,Barkate,WR,WR,Duke,Miami,receiving_yds,521.3992699621472,1106.0,False,2,1000.0,1086,unobserved_2026_outcome
37ed6f137413ea24a1b365cde91235d52052a7563a96470bb8cbca44556cf22d,2026,5390036,Justin,Popovich,WR,WR,Lock Haven,Wyoming,receiving_yds,228.40632735494083,,True,7,1000.0,1086,unobserved_2026_outcome
3de13d9b6adcc3c24846bbcc2a747aa70fa1e5785b1063dce0f1c2040ec6e5fe,2026,5150845,Goldie,Lawrence,WR,WR,Florida A&M,Coastal Carolina,receiving_yds,356.0343793953222,420.0,False,0,1000.0,1086,unobserved_2026_outcome
d350d4bfab3cbae663615a31e2dc0ee5a090e666b019c12827d523a65be2feb6,2026,5226578,Eli,Adams,WR,WR,Louisville,Wisconsin,receiving_yds,221.21847478943133,,True,7,1000.0,1086,unobserved_2026_outcome
14d53a7a8e9dadd289008c5cdec77e9424589d4aed305a2151963695d3370651,2026,5388300,Demonte,Greene,WR,WR,Midwestern State,Temple,receiving_yds,221.21847478943133,,True,7,1000.0,1086,unobserved_2026_outcome
0193b15969435d4fa3b78dbc9b4c254240360a74692cc6100238bcba064edca6,2026,5079691,Malcolm,Simmons,WR,WR,Auburn,Texas Tech,receiving_yds,433.6401523145169,457.0,False,0,1000.0,1086,unobserved_2026_outcome
8158afcda7d5a824a97bcebe33305dd955946532635feea799f95d4abb01c427,2026,5079600,Nick,Marsh,WR,WR,Michigan State,Indiana,receiving_yds,499.18014067368676,662.0,False,0,1000.0,1086,unobserved_2026_outcome
b71caf8948090c7944031b16e1067d07cd073905648775dccfba71ffc1136cfa,2026,4917349,Jamari,Hawkins,WR,WR,Memphis,Arkansas,receiving_yds,378.1156824413825,623.0,False,0,1000.0,1086,unobserved_2026_outcome
aa253d157f9d32984172fdfd460aa274557d8c2c29a747c8c65c58bd3593523f,2026,5155062,Larenzo,Fenner,WR,WR,South Dakota,Cincinnati,receiving_yds,470.35066724102023,961.0,False,0,1000.0,1086,unobserved_2026_outcome
98c3dd14513bea4cb14d0b49ea8bb328422556c98108ca81b2eba9c3e977725f,2026,5081089,Dylan,Gary,WR,WR,Georgia Southern,Kennesaw State,receiving_yds,274.1635995350454,59.0,False,2,1000.0,1086,unobserved_2026_outcome
0ca164938277e3ed025700c22f4e33ecc58f7efdf1d5f577ed46dec23d062168,2026,5114311,Jackson,Harris,WR,WR,Hawai'i,LSU,receiving_yds,458.15199942234995,963.0,False,2,1000.0,1086,unobserved_2026_outcome
9d9ad18685ebb391243ba65f3d1158c59a8ed85c99f782b9184bbb46e37ca871,2026,5076106,Marquis,Johnson,WR,WR,Missouri,Mississippi State,receiving_yds,400.58442304654466,345.0,False,2,1000.0,1086,unobserved_2026_outcome
0ba54824553cb845c5d24327ab519c8916ef0d0f3be47c95cb0ce718da344c8c,2026,4870850,Omarion,Miller,WR,WR,Colorado,Arizona State,receiving_yds,491.85774003104484,807.0,False,2,1000.0,1086,unobserved_2026_outcome
d16acc7575a8622d079f8ca270888e6435b98a77de0896564ea40f7845125ea5,2026,4870713,Rico,Flores Jr.,WR,WR,UCLA,Virginia,receiving_yds,319.2362989225744,274.0,False,2,1000.0,1086,unobserved_2026_outcome
be86bd1f5214069c5884a8d6b99d4e144fd2ef087132d3619946dd08423ed030,2026,5154809,Jaylon,Domingeaux,WR,WR,Southeastern Louisiana,Wisconsin,receiving_yds,242.7820324859598,,True,7,1000.0,1086,unobserved_2026_outcome
c66c71298fd1fbc6e258e97ffc8803c668a036d2f2b60a0ce4f6dd6de258ceff,2026,5079759,Jelani,Watkins,WR,WR,LSU,Arkansas,receiving_yds,277.72443117433636,21.0,False,2,1000.0,1086,unobserved_2026_outcome
16362cbbb39278da3ff4661d40a2855846981fcb314e291cbf95bf7b3f7a1d34,2026,5141450,Semaj,Fleming,WR,WR,Boston College,App State,receiving_yds,239.42343276110137,,True,8,1000.0,1086,unobserved_2026_outcome
c9161f280dfa9a0ebc804275e2c0144e4406fa3708ef27b2a3ee050a64df05cd,2026,5163636,TJ,Chukwurah,WR,WR,Black Hills State,North Texas,receiving_yds,228.40632735494083,,True,7,1000.0,1086,unobserved_2026_outcome
6a8773a1654ea0c0d038f88180a43f1ba896282ef6f4639bd98eb005f78dea00,2026,5141584,Naeshaun,Montgomery,WR,WR,Florida,Missouri,receiving_yds,278.8607894239839,26.0,False,2,1000.0,1086,unobserved_2026_outcome
ca1c788d2892060163044b2a087cb3e92d1915d725b00ef3cdcdd4dbbe9d7c28,2026,5122076,Cole,Weaver,WR,WR,Miami (OH),Syracuse,receiving_yds,354.19178058559635,642.0,False,2,1000.0,1086,unobserved_2026_outcome
087fbab4873276093abed3053b042ff41a41b811f1924f9b3e855ca0d627c747,2026,4923295,Kenny,Johnson,WR,WR,Pittsburgh,Texas Tech,receiving_yds,399.7639485907453,658.0,False,0,1000.0,1086,unobserved_2026_outcome
c18d59c2ba74aa368c232f9bc922ebb93dc9c95027ce8fd187c0631471044890,2026,5220256,Donte,Lee Jr.,WR,WR,Liberty,Texas Tech,receiving_yds,364.8781332432832,589.0,False,2,1000.0,1086,unobserved_2026_outcome
b4b3f504fe7025bb660dc3ac0f9e999c1f94e27d2121f21af45ef11a5746eae0,2026,5092352,Chris,Lofton,WR,WR,Gardner-Webb,App State,receiving_yds,415.5362179543237,917.0,False,2,1000.0,1086,unobserved_2026_outcome
b0a8713f79c922f2e492948f9f4eda784816f2ccb6ca66984aa0457eed616b0c,2026,4689118,Jyzaiah,Rockwell,WR,WR,Prairie View A&M,Western Kentucky,receiving_yds,432.23160130134966,1132.0,False,2,1000.0,1086,unobserved_2026_outcome
81ff848032ad6058ae656d5f6e79c4c08274e885d95dc5668e941653f4577f78,2026,5141597,Cooper,Perry,WR,WR,Oregon,California,receiving_yds,293.44219654680506,25.0,False,2,1000.0,1086,unobserved_2026_outcome
a9c526817b967ecb3c7df6e94db466509e4df81316a42d13d5a28bc847b22276,2026,5088336,Makai,Jackson,WR,WR,Indiana,Liberty,receiving_yds,278.4141716097802,15.0,False,2,1000.0,1086,unobserved_2026_outcome
e59dcf42fb9284f0b293d9ac8d5b20fd2b03aa836cd54a2a6e369521014ccbac,2026,5147203,Chase,Tyler,WR,WR,Duke,Wake Forest,receiving_yds,287.4429018453362,120.0,False,2,1000.0,1086,unobserved_2026_outcome
a874160e7aa05adbf15703053eeb37d8564e3fe2f615642d7fddecc770bde95a,2026,5220007,Tank,Boston,WR,WR,NC State,Charlotte,receiving_yds,269.97996316810026,11.0,False,2,1000.0,1086,unobserved_2026_outcome
f88ea5f87edfd76c8762c60fb057493b344f396dad59bfebe561f3a06b14120e,2026,4869962,Ashton,Hollins,WR,WR,Illinois,Georgia Southern,receiving_yds,261.26940838259964,108.0,False,2,1000.0,1086,unobserved_2026_outcome
93fb726ebc6b05d9a838d40683d2e35f3b5cc8ae09d122f84828d09bf3354b7e,2026,5084429,Darren,Morris,WR,WR,Southern,Boise State,receiving_yds,371.0780124666356,508.0,False,2,1000.0,1086,unobserved_2026_outcome
ac650b1c16d91716c7ada7e8e2d6b9f2ee0e792fdeda3ae6988ef75ef72f1e3c,2026,5295918,Tre',Brown III,WR,WR,Old Dominion,LSU,receiving_yds,434.38427420058724,762.0,False,2,1000.0,1086,unobserved_2026_outcome
fb5bb89d9bd75b96821fa7b7ffd3475a5d0746b6325f41e79a9677f3fc72818c,2026,5331747,Tyree,Holloway,WR,WR,West Florida,LSU,receiving_yds,235.59417992045033,,True,7,1000.0,1086,unobserved_2026_outcome
257626aaa421253eb3bacb0575f7d3d0996438fe2794e2bbfef5021fdb337c0f,2026,5132253,Isiah,Canion,WR,WR,Georgia Tech,Georgia,receiving_yds,432.05401751237184,467.0,False,2,1000.0,1086,unobserved_2026_outcome
45e41a2d44da2638640de6bfbd719996c3939119767eb87022914d9d42735a87,2026,5083747,Justin,Bowick,WR,WR,Illinois,Oklahoma State,receiving_yds,386.5605994214992,265.0,False,2,1000.0,1086,unobserved_2026_outcome
ee9d926fc9fb188ef4d4e92bc3b75e8535d54a2c4dadedad0f456f9205ac5b5e,2026,5148787,Wyatt,Young,WR,WR,North Texas,Oklahoma State,receiving_yds,565.5632761191207,1264.0,False,0,1000.0,1086,unobserved_2026_outcome
5671ffc98bc3300b1c562556077fb6e7ed0747482ac8b8cf0fc555ce85cf2a37,2026,5150418,KK,Smith,WR,WR,Notre Dame,Michigan State,receiving_yds,300.3979987383218,123.0,False,2,1000.0,1086,unobserved_2026_outcome
5da8ab1b3ee640e56104802d1d27083ddaee18ddbdee5503cfa65a2481260247,2026,5130792,Nitro,Tuggle,WR,WR,Purdue,South Carolina,receiving_yds,359.7850365769341,505.0,False,2,1000.0,1086,unobserved_2026_outcome
b2d405f4ebdd9446c345fdf07c8312709326a65eef664b8d8c895f38b16bd372,2026,5146748,Tre',Griffiths,WR,WR,Oklahoma State,Hawai'i,receiving_yds,235.59417992045033,,True,7,1000.0,1086,unobserved_2026_outcome
978d1848d03ee73e6b47b261c067cfaef834f96aaa22b0744427e0f827694e45,2026,5216345,Bodpegn,Miller,WR,WR,Ohio State,Washington,receiving_yds,242.7820324859598,,True,7,1000.0,1086,unobserved_2026_outcome
9a9b650a2b21d17f45bb54c83524ccbbff1b60848edc300510ae8cef90d885ca,2026,5153263,Jakob,Dixon,WR,WR,Eastern Kentucky,Louisville,receiving_yds,253.80171558800373,10.0,False,2,1000.0,1086,unobserved_2026_outcome
ad0324c9a1ff2c70f9d99969d8ebe0e14b51b48fcfc448d580ff2b951d8b41c8,2026,4880358,Cam,Pedro,WR,WR,Southeast Missouri State,Charlotte,receiving_yds,419.25638931967086,814.0,False,1,1000.0,1086,unobserved_2026_outcome
8c0ba007cbe129a61d4b01eef401262ef05dc090833ed1edb0d02e0ec6498751,2026,4912286,Iverson,Hooks,WR,WR,UAB,Oregon,receiving_yds,461.4482829179739,927.0,False,0,1000.0,1086,unobserved_2026_outcome
5ff171a81aa1ac8222161f6e91402be93d5891ddb7a09bf4df058fb5bd74ebf5,2026,5084658,Terrell,Anderson,WR,WR,NC State,USC,receiving_yds,458.33699061504075,629.0,False,2,1000.0,1086,unobserved_2026_outcome
533d448e14b9603d2450ebde17fb9949f9db7245a4520eb56abf77a6a7b090cf,2026,5125750,Jediyah,Willoughby,WR,WR,Toledo,UConn,receiving_yds,214.03062222392185,,True,7,1000.0,1086,unobserved_2026_outcome
db510b5d66730b0f2f64ea306b0b2c63c0fa38b87a84ffb17917fabed66ca1e3,2026,4870941,Cameron,Seldon,WR,WR,Virginia Tech,South Florida,receiving_yds,337.59573712370036,165.0,False,0,1000.0,1086,unobserved_2026_outcome
eb7cb00e9598fa08753f11a2b8891b4db615a9bbfd136e775f42951bbb59726c,2026,4917947,Malachi,Coleman,WR,WR,Minnesota,Wisconsin,receiving_yds,289.52252197853824,83.0,False,2,1000.0,1086,unobserved_2026_outcome
8eaad7e1eb66e439016afb33e529178777f6f790f2b3fb39afd5e61216376100,2026,5227057,Jalen,Jones,WR,WR,Alabama State,Texas Tech,receiving_yds,450.21020598788647,1119.0,False,0,1000.0,1086,unobserved_2026_outcome
623d513d64c9c5b6ab75fa8a1fa6b9e9115b9f9d4c2fe2a1bd429980f8edac2d,2026,5123193,DJ,Jordan,WR,WR,USC,Arizona,receiving_yds,280.5849451314573,35.0,False,2,1000.0,1086,unobserved_2026_outcome
9c6bd0887633b2a8c311462cab5a939e692efd57554f4db82b74b0b2a34fbf02,2026,5298816,Devaughn,Slaughter,WR,WR,Tennessee State,Kennesaw State,receiving_yds,373.09739913698115,551.0,False,0,1000.0,1086,unobserved_2026_outcome
653cb448173a6ccd536cc5500828a4d1592141705836a6e3b5982e7bedd4df06,2026,5079402,Tyseer,Denmark,WR,WR,Penn State,Virginia Tech,receiving_yds,299.1433049080687,17.0,False,0,1000.0,1086,unobserved_2026_outcome
4076f7550f01bf5ee2e7b9a3ebd03caf142bb44382598e86bbb8164557e04255,2026,4430827,Troy,Omeire,WR,WR,UNLV,New Mexico,receiving_yds,370.7730270193797,521.0,False,2,1000.0,1086,unobserved_2026_outcome
4e499aeeea69ed8f37274eba282bd34aaa6199fe25386034b62ac903011b7540,2026,5153730,Jaden,Barnes,WR,WR,App State,Charlotte,receiving_yds,397.2945041678873,608.0,False,2,1000.0,1086,unobserved_2026_outcome
35e4acc2087de7fa3ce7346f46039c473cf69dcc1aa474ea39460a22dd583337,2026,5079585,Jordan,Ross,WR,WR,Colorado State,Arizona,receiving_yds,303.74770203176564,84.0,False,0,1000.0,1086,unobserved_2026_outcome
acffd79a444cace07141fe4ba0aaaf59ef0da8a16e7f8d2ab84042e44675562e,2026,5219662,Dominique,McKenzie,WR,WR,BYU,San José State,receiving_yds,269.05165416422034,,True,6,1000.0,1086,unobserved_2026_outcome
65bca357316b0d8b923f921402c6ae1b8367a5feafd470830576bbdf8b0bfa5b,2026,4892983,Terrell,Timmons Jr.,WR,WR,Colorado,Memphis,receiving_yds,276.53166611786816,58.0,False,3,1000.0,1086,unobserved_2026_outcome
f8cfc69c626039fce0d3f9e4517ff00438b748d9c87e07e91c7d0eed4c87c976,2026,5309213,Tamarion,LaFortune,WR,WR,Western Connecticut State,Coastal Carolina,receiving_yds,269.47717032320213,34.0,False,2,1000.0,1086,unobserved_2026_outcome
35cd1a45a86beaa75a4e763fa9aec9c287b1a0540d163e8d179d0106da0c670d,2026,4605477,Alante,Brown,WR,WR,Michigan State,Memphis,receiving_yds,263.51114769367746,,True,8,1000.0,1086,unobserved_2026_outcome
ea13a04123a36738d7e0c58451432c7f181ea208d064f1687a1690fc8536443e,2026,4870696,Malik,Elzy,WR,WR,Illinois,LSU,receiving_yds,286.87328865528474,84.0,False,2,1000.0,1086,unobserved_2026_outcome
00370a59442fde23af1e9d6173244751a47db412f2ecacd5ea144ea0dcd1549b,2026,5222227,DeBraun,Hampton,WR,WR,Florida,Baylor,receiving_yds,221.21847478943133,,True,7,1000.0,1086,unobserved_2026_outcome
c456e382b809a93aeb410bdc818ac79d66b9a292355e7287d6cb22b73d4b0d14,2026,4900640,Kyle,Parker,WR,WR,LSU,Ohio State,receiving_yds,351.55110326240333,330.0,False,2,1000.0,1086,unobserved_2026_outcome
b3cb7a260014cc3e17dd90d4bdc6cf8d07abab8cba681c246f094c582a9cabc9,2026,4711408,Horatio,Fields,WR,WR,Auburn,Ole Miss,receiving_yds,348.77233400978395,106.0,False,2,1000.0,1086,unobserved_2026_outcome
6696716a1cae791dc251ebcbd794053ec540f1a48fe851040cc2189059912467,2026,5119307,Daniel,Blood,WR,WR,Missouri,Washington State,receiving_yds,284.45679665715835,51.0,False,2,1000.0,1086,unobserved_2026_outcome
f1095ab18e5c4b44c6ee6e8b03b1f367aaf2dcd210bafd6c3b6f8d354be1f3b5,2026,4834817,Jayshon,Platt,WR,WR,Florida Atlantic,Illinois,receiving_yds,410.79734803364687,720.0,False,0,1000.0,1086,unobserved_2026_outcome
714c44cb42e4a9dfd92574306e6ffa9ca070c4d2dfd127de5f458877d6b73b51,2026,4685356,Greg,Gaines III,WR,WR,Rhode Island,Florida International,receiving_yds,385.5744794774787,1018.0,False,2,1000.0,1086,unobserved_2026_outcome
e2dbdd1528ff312a1b201ef762b3813d4524d1f0db2af9461b81292e35f24c2a,2026,5141613,Quincy,Porter,WR,WR,Ohio State,Notre Dame,receiving_yds,362.8202246942822,59.0,False,2,1000.0,1086,unobserved_2026_outcome
fedf7f3641b2746efd14d7c6d42b2d77b4efe86b6339a06a592714071254dd97,2026,5232359,Keon,Davis,WR,WR,Virginia Union,Kennesaw State,receiving_yds,214.03062222392185,,True,7,1000.0,1086,unobserved_2026_outcome
f7bb6e505c6b483cd014bbe8173495d728a65d6548bf31851c405b8e1679f5f9,2026,4875583,Reis,Stocksdale,WR,WR,Bowling Green,Temple,receiving_yds,277.88553035068946,23.0,False,4,1000.0,1086,unobserved_2026_outcome
0b765703a6930b17d007d8b661810add94f25371141bd397065ac94de5df1912,2026,5161892,Xayvion,Noland,WR,WR,Texas-Rio Grande Valley,Oregon State,receiving_yds,238.78407306867,,True,9,1000.0,1086,unobserved_2026_outcome
085fba6394e7e9d8dccc44f10e2ac8f7815c4d8d2c48bb8afcede583c7c0c433,2026,5087930,Jamill,Williams,WR,WR,Albany State,Jacksonville State,receiving_yds,274.1475780075275,74.0,False,2,1000.0,1086,unobserved_2026_outcome
8fddb27f54ca462d0afce29f05787a23f635b50adbb1027a372d8e08deece51b,2026,5214557,JJ,Buchanan,WR,WR,Utah,Michigan,receiving_yds,433.3863306582534,427.0,False,2,1000.0,1086,unobserved_2026_outcome
44fe939730c9d907175e280013044d13dd2ff9a7d4ee9ddca9261b4fadc5f8ed,2026,5209679,Jeremiah,Koger,WR,WR,South Florida,Auburn,receiving_yds,408.14789267739883,597.0,False,2,1000.0,1086,unobserved_2026_outcome
6b5d0fd2f17015002577e6f6a4adff2b509853c3801382fc8f52cd7d507a9ead,2026,4918121,Cole,Adams,WR,WR,Alabama,Vanderbilt,receiving_yds,288.6127977369415,71.0,False,2,1000.0,1086,unobserved_2026_outcome
07a6769c4f92bd9791ffa42cb8e5339ba2b36596b5c9960d3aa1a62b75feec9c,2026,5296407,Nahzae,Cox,WR,WR,Middle Tennessee,Kansas,receiving_yds,363.8040579831656,473.0,False,2,1000.0,1086,unobserved_2026_outcome
31915a1bf2c06e8473a17009d2da0e8c9567d69cd0bd90da4732cea824ebe46e,2026,5075390,Ian,Strong,WR,WR,Rutgers,California,receiving_yds,455.3476736460658,762.0,False,2,1000.0,1086,unobserved_2026_outcome
dd6d33bbb0e4469d77282cc845584f09a0aa67552f8f898663704e99f14259d8,2026,4870842,Vandrevius,Jacobs,WR,WR,South Carolina,Miami,receiving_yds,428.2839313665215,548.0,False,2,1000.0,1086,unobserved_2026_outcome
0afd57b24489d227dc0767d83d2aea1738a87b30771e7ac9e5f98f495f06ea7c,2026,5127885,Kwazi,Gilmer,WR,WR,UCLA,Nebraska,receiving_yds,378.0195440440472,535.0,False,2,1000.0,1086,unobserved_2026_outcome
692da70f0d6afa1d30995ec0eecc3c4019cc2b6c310d3307510937ed665e9d89,2026,4882122,Sterling,Berkhalter,WR,WR,Wake Forest,Texas,receiving_yds,398.56938908260673,416.0,False,2,1000.0,1086,unobserved_2026_outcome
fed923c04793a81084f0cc37e8073ee64cf4d9eed324423d334b630614124d56,2026,5079736,Alex,Taylor,WR,WR,North Carolina,Georgia Southern,receiving_yds,279.4846618621661,27.0,False,2,1000.0,1086,unobserved_2026_outcome
dc3fc68f0f15507933234897d971da9b05316db653a72b72dbfd1b90bcaf1069,2026,5153994,Landon,Ellis,WR,WR,James Madison,UCLA,receiving_yds,370.48470132292215,624.0,False,2,1000.0,1086,unobserved_2026_outcome
aa5f27013d3a2df429a29f21fe25057f1bbea711e0018299eca61107f22f5e0b,2026,5219086,Leland,Smith,WR,WR,San José State,UCLA,receiving_yds,366.56100123034054,695.0,False,2,1000.0,1086,unobserved_2026_outcome
5368a5c48afecc13a489be87dd6768cc0cbf9593dac7f914836160ada995e38b,2026,5207931,Terrence,Lewis,WR,WR,North Texas,Oklahoma State,receiving_yds,311.2217538234254,184.0,False,2,1000.0,1086,unobserved_2026_outcome
61d8ee5292b54b7abb99c2529166e92d1a592d83cf2f5b0edc17419768a2eae9,2026,4912067,Chase,Sowell,WR,WR,Iowa State,Penn State,receiving_yds,418.52265528540335,500.0,False,2,1000.0,1086,unobserved_2026_outcome
a26b6820d4b722ba963e9da7a8deeb284ec76d0ba30d38cc20167b022f35afdf,2026,4921154,Eugene,Wilson III,WR,WR,Florida,LSU,receiving_yds,427.44413795832884,239.0,False,0,1000.0,1086,unobserved_2026_outcome
ab8a2dbc017a8bad5315fb690e755733f89ceb55628c3b511b813b06188204d1,2026,5079743,Perry,Thompson,WR,WR,Auburn,Minnesota,receiving_yds,354.9626121723631,154.0,False,2,1000.0,1086,unobserved_2026_outcome
970882a7fc6118e5a8af5946b5620aa2d03c48083e351af8b627c3abb1d5fac8,2026,5150904,Cam,Vaughn,WR,WR,West Virginia,Miami,receiving_yds,431.8264040463705,540.0,False,0,1000.0,1086,unobserved_2026_outcome
7f98e3f3f747e16708172ce854fcb961f4384f2f59540ac176d26963766f4be3,2026,5122006,Landon,Sides,WR,WR,North Texas,East Carolina,receiving_yds,337.62202367489766,449.0,False,3,1000.0,1086,unobserved_2026_outcome
525bd967a6279108941011534e7e0c3520f7b2d0be25729ef90552d012da76d3,2026,4871062,Asaad,Waseem,WR,WR,Florida Atlantic,Purdue,receiving_yds,423.40862638102203,726.0,False,0,1000.0,1086,unobserved_2026_outcome
b82ff663351d00c28ad466519c7526c4a21f14f61d3d6a86fbd406e777af6e59,2026,5153499,Donnie,Cheers,WR,WR,Southeast Missouri State,Nevada,receiving_yds,377.914410136616,585.0,False,2,1000.0,1086,unobserved_2026_outcome
5947ad7db5e82c370c793c4dcbce0f549a3f0c44e8f46c7a6204130cff3a44ef,2026,5160003,Tyran,Warren,WR,WR,Alcorn State,NC State,receiving_yds,370.0461870315388,442.0,False,0,1000.0,1086,unobserved_2026_outcome
dd6e7eb8fab941fa19706138fbc67c372e3a8b09c8ccd894e82c06302e87a7b3,2026,5332203,Marcus,Harris,WR,WR,Washington,UCLA,receiving_yds,242.7820324859598,,True,7,1000.0,1086,unobserved_2026_outcome
635ccf537df817efbf6365f553e450b3c6159989f3071b585034d21ef53c8705,2026,5151353,Prince,Strachan,WR,WR,USC,West Virginia,receiving_yds,273.47493996523843,25.0,False,2,1000.0,1086,unobserved_2026_outcome
976580fee0a69ac5028707867d91e8172ade0d33d5cc980e5b6284d54617b9e7,2026,4713358,Jayden,Gibson,WR,WR,Oklahoma,South Carolina,receiving_yds,242.7820324859598,,True,7,1000.0,1086,unobserved_2026_outcome
72b6d95e3958b299cca817027fb9d55ed4c8093cdbb92fe006b2f91c806a8b8a,2026,5120771,Flynn,Schiele,WR,WR,Colorado School of Mines,Cincinnati,receiving_yds,215.33571782852525,,True,8,1000.0,1086,unobserved_2026_outcome
eace2d1c70ec7c4106966d74e43cc1fb5465464e08d2a61a37fa2aaca4b9910d,2026,5122082,Justin,Stevenson,WR,WR,Utah,North Texas,receiving_yds,239.42343276110137,,True,8,1000.0,1086,unobserved_2026_outcome
bd25120c043a1a2b2b2663d0521507a01c615f0dbed1d6e5fde65a4b63b984d3,2026,5207662,Muizz,Tounkara,WR,WR,Florida,Houston,receiving_yds,277.478192757478,12.0,False,2,1000.0,1086,unobserved_2026_outcome
92c2077a0f3e51b2da109b8cfd40e5c78a071327bc2d2796179ee324c19059c5,2026,5145453,Jeremiah,Melvin,WR,WR,Wake Forest,East Carolina,receiving_yds,286.234155291983,39.0,False,2,1000.0,1086,unobserved_2026_outcome
ca1d1f0b5d6c33db3030efc73e4903fec8cbeb8cbf838b2b61133108bde150d1,2026,5122390,KJ,Daniels,WR,WR,Oklahoma,UAB,receiving_yds,228.40632735494083,,True,7,1000.0,1086,unobserved_2026_outcome
67218aa31daef31d51769a116a72db2ab5d41b6aca9e635e77d0d6337f3fab30,2026,5079772,Damarion,Witten,WR,WR,Ohio State,Miami (OH),receiving_yds,242.7820324859598,,True,7,1000.0,1086,unobserved_2026_outcome
deec2cec279460c35f1ccee4a80489159516c1eda1422d8440511ca28a2f7bb2,2026,4870965,Taz,Reddicks,WR,WR,Oregon State,UNLV,receiving_yds,353.19647332237105,391.0,False,0,1000.0,1086,unobserved_2026_outcome
847a82120cbea728ab792ca24edbdac4f69a3c65056a372bed5a9c0b95503e3b,2026,5120454,Caleb,Goodie,WR,WR,Cincinnati,Missouri,receiving_yds,354.4710241672725,484.0,False,2,1000.0,1086,unobserved_2026_outcome
4d0771874a6d332cc8dcace94ec7cb6723969724ed0c9fe82d3ea98dfbfe802e,2026,5226267,Zyheem,Collick,WR,WR,Bryant,Charlotte,receiving_yds,386.4894504581984,670.0,False,2,1000.0,1086,unobserved_2026_outcome
8dbe74db33d9358317189770bc0e43afea48f99dacb640cf1366fcdfb8d8cee7,2026,4879567,Trent,Walker,WR,WR,Oregon State,Houston,receiving_yds,397.47773504356934,823.0,False,2,1000.0,1086,unobserved_2026_outcome
42281551d5123692ff0dd2d452daee146aa737bd99232a564978a472d6ea578b,2026,5141449,Ja'Kayden,Ferguson,WR,WR,Arkansas,Kentucky,receiving_yds,242.7820324859598,,True,7,1000.0,1086,unobserved_2026_outcome
f8dd0d1b034a88b9163e8ce777af470f5bfa2818821a94413e591b93346b9a98,2026,4869252,Jaron,Glover,WR,WR,Mississippi State,South Florida,receiving_yds,239.42343276110137,,True,8,1000.0,1086,unobserved_2026_outcome
95561663fa40e057042c4432965d2e84eed96ece5becb3fda49f46b4d1c60f04,2026,4921110,Chase,Hendricks,WR,WR,Ohio,California,receiving_yds,529.393750418167,1037.0,False,0,1000.0,1086,unobserved_2026_outcome
31d2b05ce87c8265b3da927b362c21ff6bd56b0c8b0008e551c5b2669e480059,2026,5084967,Victor,Snow,WR,WR,Buffalo,NC State,receiving_yds,459.5626347548078,815.0,False,0,1000.0,1086,unobserved_2026_outcome
8dd949cca909341a2aba5f4967285d87b28fc3fafdef89263e7d0d0eede74fcd,2026,5144853,Landon,Wright,WR,WR,Washington State,Boston College,receiving_yds,299.8400846625207,121.0,False,2,1000.0,1086,unobserved_2026_outcome
63bb233b85e8ce7404e0346c203acd4481ebb008f88c53c6b7514adf47a13cea,2026,5218720,Isaiah,Stone,WR,WR,LSU,Georgia State,receiving_yds,214.03062222392185,,True,7,1000.0,1086,unobserved_2026_outcome
57346ce9f0c42afdaa1b9d295c211a128b7b6604b3484b208f9cc261f51f9ab6,2026,5079536,Kam,Mikell,WR,WR,Colorado,Georgia Southern,receiving_yds,300.59785402067615,5.0,False,0,1000.0,1086,unobserved_2026_outcome
9d465b4dd4b33667c50e2413856f1baf0f26b7d3993942b2c0b74fd485e79ed7,2026,4879192,Jonah,Burton,WR,WR,Idaho State,Duke,receiving_yds,331.9129642542956,233.0,False,0,1000.0,1086,unobserved_2026_outcome
b9369349d1859e4f904109be1761c8ce6a84d18b314268db627c3aeae0d079ca,2026,5081213,DJ,Black,WR,WR,UCF,South Carolina,receiving_yds,332.2203032099716,273.0,False,2,1000.0,1086,unobserved_2026_outcome
de9f60906aa04a5d9ea68eed1d681a58e3ea747f22462a0763c7f002793413f0,2026,5225343,Owen,Sweeney,WR,WR,VMI,Marshall,receiving_yds,396.641375383674,723.0,False,4,1000.0,1086,unobserved_2026_outcome
fcb25892930046e5e2728c812dd248c81046c7eb4a70412fefaf3d1e0722a640,2026,5151689,Julian,Allen,WR,WR,Toledo,UConn,receiving_yds,251.0521185102638,15.0,False,2,1000.0,1086,unobserved_2026_outcome
5439a302796354b8b809847a64320f717201d3baac8d5149f0d816b0e829062a,2026,5077266,Trech,Kekahuna,WR,WR,Wisconsin,North Carolina,receiving_yds,360.64068952976453,211.0,False,0,1000.0,1086,unobserved_2026_outcome
c0608a50f38e9bef293cb41f9a5190548f283377bbc395d108dd894c70c72c1a,2026,4875853,Cody,Jackson,WR,WR,Tarleton State,Iowa State,receiving_yds,420.8473400155248,799.0,False,0,1000.0,1086,unobserved_2026_outcome
881137302307c19d3340542ccb2ece93b18daa11f906a6e967d3e9fe7ffe2797,2026,4699866,Nic,Anderson,WR,WR,LSU,Kentucky,receiving_yds,316.91415523196747,106.0,False,2,1000.0,1086,unobserved_2026_outcome
ddcd50cc0b46d6d77e3e74b4a11903d9a08efb3c87ea1917b68f1362d8d86acf,2026,5157287,David,Wells Jr.,WR,WR,Oregon State,Tulsa,receiving_yds,402.0560259396437,466.0,False,0,1000.0,1086,unobserved_2026_outcome
4accdb2b659fd1d770471d2ff50b6fc3a2ec697c725e9b661532df6ad4ab847f,2026,5225646,Rico,Bond,WR,WR,Lindenwood,Toledo,receiving_yds,419.5459601148622,694.0,False,0,1000.0,1086,unobserved_2026_outcome
3d6fdd67634093ccff59afb25bda0ce131d88fb8e38514e296f4d3191f4c9fdd,2026,5295920,Ja'Cory,Thomas,WR,WR,Old Dominion,Vanderbilt,receiving_yds,430.51636081817117,714.0,False,2,1000.0,1086,unobserved_2026_outcome
5b3aa99f4fdeac741e7b6aea3f7af2c8fde6b9630cee62553e12402b5eac8922,2026,4921113,Joshua,Manning,WR,WR,Missouri,Kansas State,receiving_yds,358.542197279984,318.0,False,0,1000.0,1086,unobserved_2026_outcome
e0744e74936ad6af369870e40a61e4f3295bf7812eac415d6b2b757aca249c4c,2026,5263613,Carter,Pabst,WR,WR,Washington State,Iowa State,receiving_yds,292.13543653752464,168.0,False,2,1000.0,1086,unobserved_2026_outcome
1f5adbb982786f1000a84348c24dbbc1c7753c55e996f1f587123938833e8614,2026,5084133,Alex,Perry,WR,WR,Florida International,Illinois,receiving_yds,419.74299016258215,840.0,False,2,1000.0,1086,unobserved_2026_outcome
1b61546d6cd347005123c5effe2ad63fbc9578c65ed5b536465e785ca62337d2,2026,5158751,Ian,Duarte,WR,WR,Idaho State,Tennessee,receiving_yds,381.0105916946692,521.0,False,0,1000.0,1086,unobserved_2026_outcome
847b84f684a05663de76efa27b2271d56bb13a4e7655ce1dbe90cc99e94ec2b1,2026,5265446,Clayton,Coppock,WR,WR,Kennesaw State,Coastal Carolina,receiving_yds,370.94681905704186,311.0,False,0,1000.0,1086,unobserved_2026_outcome
eb9ed3ebd138b5a651028dc13712c84dc10abf34f4e9d59699308ded530674bd,2026,5121879,Keshaun,Singleton,WR,WR,South Florida,Auburn,receiving_yds,418.3143006006243,877.0,False,2,1000.0,1086,unobserved_2026_outcome
900159a7ccf2652a33518cc6bd82be6a3474e3dc0b2961e78fc92d6c830036c1,2026,5141555,Cameron,Miller,WR,WR,Kentucky,Ole Miss,receiving_yds,301.36327955348634,141.0,False,2,1000.0,1086,unobserved_2026_outcome
87e9b2eab7f44ef22b35c0755b11c7d3112f1a550da7edc37dedeb5e5ff5b022,2026,5081367,Chas,Nimrod,WR,WR,South Florida,Auburn,receiving_yds,338.6040321744544,466.0,False,2,1000.0,1086,unobserved_2026_outcome
3894716074993b43b12025524f3e53127590dc16899641b2b3e11cda79b35a76,2026,5084468,Hogan,Wasson,WR,WR,Central Missouri,Middle Tennessee,receiving_yds,214.03062222392185,,True,7,1000.0,1086,unobserved_2026_outcome
f404a554a3f884c76fa18c6b2854df2abc937ce43587e466bca789919abf6a5f,2026,4837174,Darrian,Anderson,WR,WR,Oregon,Fresno State,receiving_yds,214.03062222392185,,True,7,1000.0,1086,unobserved_2026_outcome
931952032661c39c5fcffeaa351ff39599ada38dd4d051f7c41ae4c05d0db0b9,2026,5156057,Myles,Libman,WR,WR,Stanford,New Mexico State,receiving_yds,287.3412158911618,84.0,False,3,1000.0,1086,unobserved_2026_outcome
152f3ef6748b0cf9384d31e62221587b2e7f1bfbd4908d9374c2fb71682da943,2026,4685383,Isaiah,Horton,WR,WR,Alabama,Texas A&M,receiving_yds,476.8160063714383,511.0,False,2,1000.0,1086,unobserved_2026_outcome
4df546d84493aa35a30be2321a4ba3128f4110ae94738e6fcfbbb39ba67307cf,2026,5155519,Yannick,Smith,WR,WR,East Carolina,SMU,receiving_yds,443.1725688700296,583.0,False,2,1000.0,1086,unobserved_2026_outcome
fa9294849d957a989adcc6ada6578cca9ec5e319444be0ee035f83e4f0787b98,2026,5141435,Jaime,Ffrench Jr.,WR,WR,Texas,Michigan,receiving_yds,283.0572147351867,6.0,False,2,1000.0,1086,unobserved_2026_outcome
1915bb3eb5637cd5114d863a87b4e6a9329e73dd0175858caf5109d9363f0f05,2026,5079539,Elijah,Moore,WR,WR,Florida State,Syracuse,receiving_yds,278.3130028446425,52.0,False,2,1000.0,1086,unobserved_2026_outcome
ef2eb02a383a5e4924567a75d0c69036f7ef24f2c83e2fd11ed8b79d350f38bf,2026,5296027,Christian,Neptune,WR,WR,South Florida,Auburn,receiving_yds,358.3082566386386,335.0,False,0,1000.0,1086,unobserved_2026_outcome
9ce685f79f40cbc3103c2b7a9577daa403fa58eb4a21ccd7dcdc014be9321d96,2026,5079661,Chance,Robinson,WR,WR,Miami,NC State,receiving_yds,242.7820324859598,,True,7,1000.0,1086,unobserved_2026_outcome
771dd90b063a0bb079e726fc1ebfe7d4a89e9ffe2e1e3eb26abee9b71954a6f7,2026,5076952,Devin,McCuin,WR,WR,UTSA,Ohio State,receiving_yds,436.8174969768216,726.0,False,0,1000.0,1086,unobserved_2026_outcome
cdb681be8b63296678a71a91f4d176d204df97f3a3dd58401dcb5f307b2a9b33,2026,5031157,Reed,Harris,WR,WR,Boston College,Arizona State,receiving_yds,477.5057921650726,673.0,False,0,1000.0,1086,unobserved_2026_outcome
0be44e79a9f4b19eee1a8770035e0fa2f20cb58a8b8a33a9a58ed8edffc5a8ac,2026,4869422,Braden,Pegan,WR,WR,Utah State,Utah,receiving_yds,501.5589185091436,925.0,False,0,1000.0,1086,unobserved_2026_outcome
269e6bc28c2ee7d0bd1800f2788d083bfcca7fd82218dcd6dc051d4fee15fe36,2026,5087747,Jayce,Freeman,WR,WR,Stony Brook,Temple,receiving_yds,397.4571467944562,774.0,False,2,1000.0,1086,unobserved_2026_outcome
2a49bed37bf6df771be19d7a1dc27e36b67cf5076d05603530000c5e6c418d0e,2026,5220596,Kyri,Shoels,WR,WR,San José State,Utah,receiving_yds,379.55766949513355,768.0,False,2,1000.0,1086,unobserved_2026_outcome
f87e8bdec4a27196d2de60ad035406ea582e4ac5eee5b3f86ba701881f6e2947,2026,5056106,Evan,Boyd,WR,WR,Michigan State,Iowa State,receiving_yds,271.63724863062316,54.0,False,2,1000.0,1086,unobserved_2026_outcome
475b42870d6731f8cc5e9406619d98e062d0555235240761e3f05472252b7a74,2026,5108225,Josiah,Martin,WR,WR,Oklahoma,North Texas,receiving_yds,239.42343276110137,,True,8,1000.0,1086,unobserved_2026_outcome
dffebacb7536cfb5e730242764b7a5da641dc7e14002907a62aeb8207bf92450,2026,5147344,Tyson,Turner,WR,WR,Texas Tech,Houston,receiving_yds,268.4294651615952,8.0,False,2,1000.0,1086,unobserved_2026_outcome
2af01d905266add3bbd52c0eb3c18b62232f91ad2e0698f8a53c976b9c000488,2026,5079571,James,Madison II,WR,WR,Missouri,UTSA,receiving_yds,235.59417992045033,,True,7,1000.0,1086,unobserved_2026_outcome
2c9bb3aa649c429c6d91dbb11e520a7d4bc6ec1c70e1c732fdb0ef6dd40105db,2026,5084904,Josh,Jackson,WR,WR,McNeese,LSU,receiving_yds,306.15913837216715,258.0,False,2,1000.0,1086,unobserved_2026_outcome
cffd79fb889fdb31561c881a4c0270638c46043b64b83ddbd7ba8b7d1ddd410e,2026,5152045,Malachi,Henry,WR,WR,Central Arkansas,Cincinnati,receiving_yds,415.55502465346365,889.0,False,2,1000.0,1086,unobserved_2026_outcome
eb0e124ef8f1222d4bb8913fc999e0eade69ab86d16c5ab0308c217268c0bf65,2026,5079499,Audric,Harris,WR,WR,Washington,Hawai'i,receiving_yds,292.7548714021922,99.0,False,3,1000.0,1086,unobserved_2026_outcome
29ede048139977217151c9a30f7899a3ba258b37daadeffe10e5aeb6d29559f5,2026,5230176,Keith,Jones Jr.,WR,WR,Grambling,Penn State,receiving_yds,349.7137205841552,438.0,False,2,1000.0,1086,unobserved_2026_outcome
5c9d27181fd182c0331f17009bcd37a09e15b3a25e4d1fc658bcbea34f2d3e7f,2026,5092787,Marlion,Jackson,WR,WR,Louisiana Tech,Virginia Tech,receiving_yds,340.7945936004705,370.0,False,0,1000.0,1086,unobserved_2026_outcome
8879adc7416f7864014beb681da2acef033af3d8e6268628fa9f5deef4149b3d,2026,5193217,Jonathan,Bibbs,WR,WR,UL Monroe,UCF,receiving_yds,357.19918682281235,383.0,False,0,1000.0,1086,unobserved_2026_outcome
06db68b086bbcd7ea12c1480409752220345a3b4a5df77cab12e31f9cffdeff6,2026,4683461,Tyson,Davis,WR,WR,Central Michigan,Virginia,receiving_yds,340.9771607065019,323.0,False,0,1000.0,1086,unobserved_2026_outcome
4e49ea9460aec765c6c19d829221c9316a39cc2c5323508e5dc7652ef6a86137,2026,5148822,Chris,Barnes,WR,WR,Wake Forest,Oklahoma State,receiving_yds,438.40233894092955,547.0,False,0,1000.0,1086,unobserved_2026_outcome
e4f1bc4883c2c8e3c19b237d1c6b6ee018dd5c4ee0f967c6fb37db1e2685c11c,2026,5081131,Javen,Nicholas,WR,WR,Charlotte,Duke,receiving_yds,428.253485825992,740.0,False,0,1000.0,1086,unobserved_2026_outcome
721e7785ce149dc9763edc287bfe123b91527392268ff57a477f82cab841d969,2026,5164749,Noah,Jennings,WR,WR,Cincinnati,Minnesota,receiving_yds,321.5702910344824,323.0,False,2,1000.0,1086,unobserved_2026_outcome
883d540156efbc72308d9c122dbf32654a04e8969dc527440ea161559b5d4b1a,2026,5147373,Kylan,Billiot,WR,WR,LSU,James Madison,receiving_yds,242.7820324859598,,True,7,1000.0,1086,unobserved_2026_outcome
97b3a6c488802025527346ccf92d50d4993022d1edb2d4871c3f2633b2f10cbf,2026,4587722,Troy,Stellato,WR,WR,Kentucky,UNLV,receiving_yds,268.9335540467402,4.0,False,2,1000.0,1086,unobserved_2026_outcome
3aff96c2d456888ec1ffc6c1b9dbd32cc11728c3c0c2f8a1a90490d00d1316de,2026,5160197,Darius,Cannon,WR,WR,Murray State,Jacksonville State,receiving_yds,417.8350922901526,726.0,False,0,1000.0,1086,unobserved_2026_outcome
e4f374764a37f50ef8caff5cb5a097c89f9d9934a98a98d92f2b1e31f14c1216,2026,5138042,Zechariah,Sample,WR,WR,Arizona State,Texas State,receiving_yds,235.59417992045033,,True,7,1000.0,1086,unobserved_2026_outcome
303be285c5c08a92830bcbaf09ffde20746b60931f4876b1813564b1f363f206,2026,5221235,Kenedy,Uzoma,WR,WR,North Carolina,Temple,receiving_yds,235.59417992045033,,True,7,1000.0,1086,unobserved_2026_outcome
3952516ac4381acf0b62a838a083d869d18db1ca3b8884bbc8076dfcbfb31d91,2026,4808767,Xavier,Townsend,WR,WR,Iowa State,Purdue,receiving_yds,337.4499754198147,243.0,False,0,1000.0,1086,unobserved_2026_outcome
28cdf8bb2be3acc3caf63fef39c2580a4a58b27d78825d455ac123612b4e03a3,2026,5332189,Fredrick,Moore,WR,WR,Michigan,Michigan State,receiving_yds,235.59417992045033,,True,7,1000.0,1086,unobserved_2026_outcome
ea06425c99fe3b695e767883ae175874085b6daae1163d56a4de8f3c9aa67a33,2026,5151897,Jackson,Wade,WR,WR,Florida,Boston College,receiving_yds,268.17742071902273,10.0,False,2,1000.0,1086,unobserved_2026_outcome
6a9085b60cb259a4ecb465622bd08dc5cec082eae1ded6e9ce57c85a9a178e99,2026,4870776,Jalen,Hale,WR,WR,Alabama,SMU,receiving_yds,242.7820324859598,,True,7,1000.0,1086,unobserved_2026_outcome
3e32b872c2aeb3b17e1c9ed3629bc436fd25141beb1f62ad123b37c0d640b549,2026,5293573,Aeryn,Hampton,WR,WR,Alabama,Oregon State,receiving_yds,235.59417992045033,,True,7,1000.0,1086,unobserved_2026_outcome
0905b8d56e18b7cb92240ecc37a32323bc3b126740063a8643cb0e893c12fd3b,2026,5084408,Bisi,Owens,WR,WR,Pennsylvania,Purdue,receiving_yds,420.3220460407016,696.0,False,0,1000.0,1086,unobserved_2026_outcome
220d8e9d96941839b7fb878bd4dced1c62f990c337cf3a8db5527e764d756673,2026,5153399,Adjatay,Dabbs,WR,WR,Mercer,Toledo,receiving_yds,431.44003928227386,856.0,False,0,1000.0,1086,unobserved_2026_outcome
2b1fdcb14795869d52a1a51c6e17891038fd1fa0335d7456869e0394e226a374,2026,5079376,Cam,Coleman,WR,WR,Auburn,Texas,receiving_yds,525.8514349591344,725.0,False,2,1000.0,1086,unobserved_2026_outcome
5d6fb4143416c4a57838e8c55d0d888249ccb43988476e323a1e5513d047a534,2026,5301873,Jeremiah,Harrison,WR,WR,East Tennessee State,James Madison,receiving_yds,379.21759121388317,652.0,False,2,1000.0,1086,unobserved_2026_outcome
cd359407e78f5a013fe7ce77a1bc9d4f87c6783f7afcd415f9ed6b3e7dab4e90,2026,4685297,Darrius,Clemons,WR,WR,Oregon State,Washington State,receiving_yds,242.7820324859598,,True,7,1000.0,1086,unobserved_2026_outcome
2666bf6634c0104f3e5b6ad60c6a261de192c3ef50f4a75bf03b08c38416995e,2026,5083068,Kenny,Odom,WR,WR,UTEP,South Florida,receiving_yds,416.0604012026373,582.0,False,0,1000.0,1086,unobserved_2026_outcome
bdccff65930c953e05a4d1ae8ad87677f17937075a0495039c6ed0a54f0c8efa,2026,5199946,Gabe,Daniels,WR,WR,Syracuse,Tulane,receiving_yds,274.7620860167263,29.0,False,2,1000.0,1086,unobserved_2026_outcome
f79d0a9d91d6260cbce3c217ea3800413656bc12e5c67a36844c614a80bad8cc,2026,4685396,Anthony,Ivey,WR,WR,Penn State,San José State,receiving_yds,235.59417992045033,,True,7,1000.0,1086,unobserved_2026_outcome
99794d0da975fdec03e5a68bcb771b9ab017b6b56f66679caed9eced144ecee7,2026,5300309,Adonis,McDaniel,WR,WR,Mercer,Oregon State,receiving_yds,406.61224928389134,676.0,False,0,1000.0,1086,unobserved_2026_outcome
19c4d72a98b315b681e8d199a2f65fffcdf762ba4f33b18585abe8da80244620,2026,4689721,Ty,Robinson,WR,WR,Ball State,Illinois,receiving_yds,284.2989875961754,113.0,False,2,1000.0,1086,unobserved_2026_outcome
289c60c9155741b6ad6a19ce0be013902aa62e7d6d834ae492c8a68be330519b,2026,5228149,Mackenzie,Alleyne,WR,WR,Washington State,Oklahoma,receiving_yds,282.7920880282163,72.0,False,2,1000.0,1086,unobserved_2026_outcome
d7d6759ca96dd9d52d4cdfe455cefae6afad8fa5f8b3926c60738a3e329217dc,2026,4833073,Zion,Steptoe,WR,WR,Tulsa,Minnesota,receiving_yds,327.06025470398697,272.0,False,0,1000.0,1086,unobserved_2026_outcome
f5b7596400a8081c2958708bb4c1e55f9f4da95f63089b1a0947c15971d1799e,2026,5087240,Eddie,Kasper,WR,WR,Illinois State,Illinois,receiving_yds,325.27836775495956,322.0,False,2,1000.0,1086,unobserved_2026_outcome
71f52db95f37e67fa431698eb5f3efb4a1ac9aef94b1950671d1bf0c465b7ac5,2026,5151954,Zahn,Coakley,WR,WR,App State,UTSA,receiving_yds,199.65491709290293,,True,7,1000.0,1086,unobserved_2026_outcome
e416199baf649ad2fa468378ff4e9c5320eb664b7128a581d9991894df94323d,2026,5229589,Javon,Ross,WR,WR,Bethune-Cookman,Tulsa,receiving_yds,400.02599379921065,603.0,False,0,1000.0,1086,unobserved_2026_outcome
11fd14a6be33e66005c6e8453c3f07cc1204cbc7deaef7608c412f607004f455,2026,4869730,Nik,McMillan,WR,WR,Buffalo,Kansas,receiving_yds,391.35428972328276,975.0,False,2,1000.0,1086,unobserved_2026_outcome
cff3362a1b96e672564206e1ec5b870d25e537b1c7778db78962e6d5743262fe,2026,5146747,Javarius,Green,WR,WR,North Carolina,Boston College,receiving_yds,291.5693090216826,150.0,False,2,1000.0,1086,unobserved_2026_outcome
0c2d7c6d45eac5a5ef48654b71d24e2fd86587f572f234ac82bca2040343f61e,2026,5193298,Chris,Durr Jr.,WR,WR,Wyoming,Maryland,receiving_yds,382.08384931935626,513.0,False,0,1000.0,1086,unobserved_2026_outcome
8a83399efe1aa31591d65b8ab0d6e402b4fe6603b79b813182523d2703017c69,2026,4899366,Semaj,Morgan,WR,WR,Michigan,UCLA,receiving_yds,326.58561085336515,223.0,False,0,1000.0,1086,unobserved_2026_outcome
a6815ad490393b4a79cf55bce011a0b02db7fbf79f9910694af6955e1d621b83,2026,5227998,Roman,Mothershed,WR,WR,Troy,LSU,receiving_yds,310.364838577451,259.0,False,2,1000.0,1086,unobserved_2026_outcome
d13a8ffacfe0d8697860c97aec71858e7ebf42cf6ba8e517b33a3fadc9e45532,2026,5300482,Evan,James,WR,WR,Furman,Iowa,receiving_yds,438.25649919125004,796.0,False,0,1000.0,1086,unobserved_2026_outcome
fef70ce0d6413c084d55e683503c98ff3dc3ed20feb0d075a7bc757be45b5a96,2026,5296212,Zay,Robinson,WR,WR,Iowa State,Penn State,receiving_yds,269.43764293188525,0.0,False,2,1000.0,1086,unobserved_2026_outcome
4dcbd457e29ce2350e74dcb8a4f21d3beefa96c3d4297ca9f4efc96027f99090,2026,5079643,Zion,Ragins,WR,WR,Oklahoma,Mississippi State,receiving_yds,235.59417992045033,,True,7,1000.0,1086,unobserved_2026_outcome
a29e88520b5014b3e85ecf66a730e9e0e6ca553b2fa2657d1e09bea9f2f7c67e,2026,5294438,Jemyri,Davis,WR,WR,Kansas State,Memphis,receiving_yds,270.20662973193004,8.0,False,2,1000.0,1086,unobserved_2026_outcome
06c6409a56d3b2065e6c0878a20039249f40b7a2019c59abf7d33285a870484a,2026,5087069,Max,Mosey,WR,WR,Holy Cross,Rice,receiving_yds,380.12104315696865,490.0,False,0,1000.0,1086,unobserved_2026_outcome
f160182fa761904402f1716a831f0ee7cdf3e430a0714df60145e46cb48c3b12,2026,4819228,Rodney,Harris II,WR,WR,Ohio,Oklahoma State,receiving_yds,331.0067648224724,419.0,False,2,1000.0,1086,unobserved_2026_outcome
bb1e9177961bf4f786a24a3b58045daa0156d7b3a937905bfc4aba9ad4acc048,2026,5166880,Ellijah,Washington,WR,WR,Oregon State,Sacramento State,receiving_yds,235.59417992045033,,True,7,1000.0,1086,unobserved_2026_outcome
3a783cf0ff374171037b116f396fe95e1aa483fc4c60afa69bb5b53c26b46807,2026,5157410,Charly,Mullaly,WR,WR,Holy Cross,South Carolina,receiving_yds,301.61869778907135,189.0,False,2,1000.0,1086,unobserved_2026_outcome
7b7b05e513d2f963f3ab3c22df54ac6ab32da3766ddeb6efbf87bea36d404b39,2026,4711421,CJ,Smith,WR,WR,Memphis,UAB,receiving_yds,249.99200585972713,,True,5,1000.0,1086,unobserved_2026_outcome
8b7bc1d9d452f38bcb503d37fbad94b49e22d363178e5847aa29b307e90d4a31,2026,5157266,Bryson,Graves,WR,WR,Coastal Carolina,Delaware,receiving_yds,344.29212799878644,330.0,False,0,1000.0,1086,unobserved_2026_outcome
3f8ec06069a5cbc11650c5104c4323c99efafe753b9e1b0e93a4f8bbc64f4227,2026,5159360,James,Tyre,WR,WR,Western Carolina,North Texas,receiving_yds,450.8574859629743,832.0,False,0,1000.0,1086,unobserved_2026_outcome
c660980aa2c3d1642d29fb61a78441f5a7eee9236bd97768109a11ab60900a21,2026,5193102,Miles,Burris,WR,WR,Charlotte,Akron,receiving_yds,280.29665971886675,134.0,False,2,1000.0,1086,unobserved_2026_outcome
2849a04d4a5c3dbab5469e9dc5a902b87331a112188749221c5b2fba292f885a,2026,5278798,Cam,Abshire,WR,WR,Oklahoma State,UConn,receiving_yds,278.8764389395741,92.0,False,2,1000.0,1086,unobserved_2026_outcome
9ecd1dfda6977b69def117499cf159b42299f7db84bce4c5e56de119f3b73c79,2026,4702755,Amorion,Walker,WR,WR,Middle Tennessee,UNLV,receiving_yds,293.3737420678335,201.0,False,2,1000.0,1086,unobserved_2026_outcome
4e4aaec8c56839c3821cfd7ce4c3929bb3164e56781a0fb82ad4014212945b0f,2026,4712886,Mekhi,Miller,WR,WR,Tulsa,Missouri State,receiving_yds,282.18409274460225,58.0,False,3,1000.0,1086,unobserved_2026_outcome
55b0ffba76fbf4893500e2e4f2b2240251d89c9cc846bbcd2ded9b40deb7a789,2026,5298655,Kalvin,Gilbert Jr.,WR,WR,Southeast Missouri State,Toledo,receiving_yds,363.50871210215075,653.0,False,2,1000.0,1086,unobserved_2026_outcome
76efbee40bcf7a0de36b64fbbfb72a8170293cc48b5a5d7495eceb7eba2e0b17,2026,5081863,Carson,Brown,WR,WR,Iowa State,Hawai'i,receiving_yds,281.0636635081483,83.0,False,2,1000.0,1086,unobserved_2026_outcome
8426843c2db753df061f9a2c497210d6edb7b8d0543c27db138ff05e8a2eba9e,2026,5142319,Kyan,Berry-Johnson,WR,WR,Wisconsin,Sam Houston,receiving_yds,228.40632735494083,,True,7,1000.0,1086,unobserved_2026_outcome
be19a8aff7c7d8d842ee528e6732379922f9f277e65c0570d2f5570aa5abb872,2026,4899472,Chris,Culliver,WR,WR,North Carolina,Marshall,receiving_yds,279.3923325256974,100.0,False,2,1000.0,1086,unobserved_2026_outcome
b7ccd9f6b8a3f268c8d05da0d46d0819c411eeb202201f8c8f03d7afe8e7d36c,2026,5089549,Malik,Knight,WR,WR,Western Carolina,Pittsburgh,receiving_yds,399.4897689133195,774.0,False,0,1000.0,1086,unobserved_2026_outcome
c93424c121b3743b4f89400f8d5acef5356ce4a7df14bb47bbacc39eff6ff672,2026,5218891,Mario,Sanders II,WR,WR,Illinois,Southern Miss,receiving_yds,262.36324229121686,32.0,False,2,1000.0,1086,unobserved_2026_outcome
0256c6af101c96e71e582a2a037c6c69937bfb00d56077185771f52806faa345,2026,4700147,Joseph,Griffin Jr.,WR,WR,Wisconsin,Massachusetts,receiving_yds,261.61967925994446,5.0,False,2,1000.0,1086,unobserved_2026_outcome
8fd2e3d79b0348f61fad929c9493537befa3d355ea3a654d18fff1c198c9f89d,2026,5219226,Lance,Beeghley,WR,WR,SMU,Iowa,receiving_yds,221.21847478943133,,True,7,1000.0,1086,unobserved_2026_outcome
86f3bbaff6acf50116915d0a7436e1408f2f555492030111f790fe0d6a5b306f,2026,4868249,Davis,Lane Jr.,WR,WR,Virginia,Rice,receiving_yds,243.28666524644993,,True,5,1000.0,1086,unobserved_2026_outcome
5d57b89ba5abcd18ae043ad627a06ffdad0b44da74e32ac3a1ba35312c44c104,2026,5078105,TJ,Lott,WR,WR,Old Dominion,Troy,receiving_yds,273.8257358599663,84.0,False,2,1000.0,1086,unobserved_2026_outcome
