portal_key,portal_season,player_id,portal_first_name,portal_last_name,model_position_group,origin,destination,target_metric,holdout_year,target_observed,any_stat_observed,observability_probability_v3,training_prevalence_baseline,v3_brier_component,prevalence_brier_component
3fb5eaa022d731e0b42a9a1f3add5b74b16994f145cb64b8dea30db8ffbbcf21,2022,545273,Isaiah,Johnson,DB,Dartmouth,Syracuse,defensive_tot,2022,1,1,0.9292015972535189,0.9236111111111112,0.00501241383145294,0.005835262345679004
21be28bc5f78af14539a16c979111479d5abfa98f48ed593fa2b062a90f821fb,2022,4690793,Marcus,Clarke,DB,Miami,Missouri,defensive_tot,2022,1,1,0.9746939888228572,0.9236111111111112,0.0006403942016976772,0.005835262345679004
97f9bb3571251b1e63a125c773f742dd154b20ffdf43c25db1b10ba8dcc7e82e,2022,4429178,Joel,Williams,DB,Kentucky,Memphis,defensive_tot,2022,1,1,0.8996578786852233,0.9236111111111112,0.010068541309949367,0.005835262345679004
1b8c158ea88b357356e413681adf97b62f9e6b16e60e69e4eb71950f40aee38b,2022,4710708,Da'Shawn,Elder,DB,Virginia Tech,Middle Tennessee,defensive_tot,2022,1,1,0.8708454729064089,0.9236111111111112,0.016680891868769157,0.005835262345679004
840265021a8327a64c68652d0bc1efe1e8b7cb0c4bdd29cf22df3d7f604f89a1,2022,4432344,Kamo'i,Latu,DB,Utah,Wisconsin,defensive_tot,2022,1,1,0.990612305850674,0.9236111111111112,8.812880144129062e-05,0.005835262345679004
975e42791f8545251098a659a1a3aeeb2388ac0f02ff716d568aac737a77149f,2022,4431048,Jacobe,Covington,DB,Washington,USC,defensive_tot,2022,1,1,0.9523995864693168,0.9236111111111112,0.0022657993682920507,0.005835262345679004
060c981fa6f9056556fb6f81da47e21b4522886bde198cfbc46d25e1c3e157d7,2022,4367190,Elisha,Guidry,DB,UCLA,San José State,defensive_tot,2022,1,1,0.8580729396685407,0.9236111111111112,0.020143290454329686,0.005835262345679004
664792662e6930f7f641956e6335f3d71e6ebd798f9059f4da1f87b60285d272,2022,4687330,Jakelyn,Morgan,DB,Arizona,Louisiana Tech,defensive_tot,2022,1,1,0.8708454729064089,0.9236111111111112,0.016680891868769157,0.005835262345679004
e8d81cf5768ef0b36ba483acbbf2492b149a4981f7de9acbe5ce4070cfbd572d,2022,4571679,Garrett,Williams,DB,Temple,Fordham,defensive_tot,2022,0,0,0.8351999721622873,0.9236111111111112,0.6975589934998854,0.8530574845679013
a3711cb8bcbcc9cb19664ca3f1b7280750b2e6cab09bda013f3371a645a01ffb,2022,4362366,Malik,Welch,DB,San José State,McNeese,defensive_tot,2022,1,1,0.9117367508643748,0.9236111111111112,0.007790401147977446,0.005835262345679004
57fd6bea97dcd854c3be2807774273720aa0a7af14b9251c55b2c25799dfe3f1,2022,4368802,Malik,Feaster,DB,Jacksonville State,Florida State,defensive_tot,2022,1,1,0.9523564327432508,0.9236111111111112,0.0022699095009483874,0.005835262345679004
fe1ad03e0d97b4674e874bb83e8d3bb5a7eceb671bb878927faf9f921e690d62,2022,4691005,Daryl,Porter,DB,West Virginia,Miami,defensive_tot,2022,1,1,0.9999795224123232,0.9236111111111112,4.1933159705936577e-10,0.005835262345679004
9bbac4ac3e99c9765da9bedfc968dc47f6ee51b48ce290b0fb18ec30ed04ce29,2022,4568273,Wesley,Walker,DB,Georgia Tech,Tennessee,defensive_tot,2022,1,1,0.9986881670308589,0.9236111111111112,1.720905738925444e-06,0.005835262345679004
9844700e88f7ff29a8ab117ecc258fc3b645398049bd78bbedee225e4612455b,2022,4429135,Eric,Reed,DB,Auburn,Georgia Tech,defensive_tot,2022,0,0,0.9183614533386781,0.9236111111111112,0.8433877589783291,0.8530574845679013
300b20914c09c2016b1d724f89f456d14a496b8a9e57f557dde27f3cd60c418b,2022,4361352,Marcus,Hooker,DB,Ohio State,Youngstown State,defensive_tot,2022,1,1,0.9011828953145502,0.9236111111111112,0.009764820178415144,0.005835262345679004
bfd58170c3bec582513c5b689aec406e1329f198b99641e169652e6dd4b5e8f6,2022,4569370,Tony,Wallace,DB,TCU,UTSA,defensive_tot,2022,0,0,0.8708454729064089,0.9236111111111112,0.758371837681587,0.8530574845679013
2297383dffa8bb6f305e9786008ac338f8da8fb02a74e567db2214d4b3652a56,2022,4432805,Andre,Turrentine,DB,Ohio State,Tennessee,defensive_tot,2022,1,1,0.9105209479451879,0.9236111111111112,0.008006500756627774,0.005835262345679004
998246f176ff58754dc8cbef0ad6a7a6826e06563bde49e1265016d1df7d3683,2022,4239940,Jahmin,Muse,DB,Boston College,Buffalo,defensive_tot,2022,1,1,0.9903884563629715,0.9236111111111112,9.238177108650383e-05,0.005835262345679004
90a5dfc3c513cd4972a65c763deaafb3391297a4e74590d44cf6829d3241e6dc,2022,4250484,Colby,Richardson,DB,LSU,LSU,defensive_tot,2022,1,1,0.9292015972535189,0.9236111111111112,0.00501241383145294,0.005835262345679004
0e035785ce6a4c70f661a7ad2f5a83a27cc45bfd1fed0510bbe1001b38598607,2022,4241928,Kenny,Bennett,DB,Maryland,Georgia Tech,defensive_tot,2022,1,1,0.9660286085007304,0.9236111111111112,0.0011540554403966497,0.005835262345679004
a41c37e4d820b0ff6c4fe87cbf35c9aee60940d7e001d91c013419716f474a1a,2022,4427316,Marvin,Grant,DB,Purdue,Kansas,defensive_tot,2022,1,1,0.9998924258230201,0.9236111111111112,1.1572203552909276e-08,0.005835262345679004
afebcf0783da4b1c5b4af9b4e7cd11ae18c79744e6d6f4f9f7f8e0f0362b1f0a,2022,4249636,Darius,Joiner,DB,Western Illinois,Duke,defensive_tot,2022,1,1,0.9164332196558033,0.9236111111111112,0.006983406777095226,0.005835262345679004
99e37254d25713a8cd64b0f9395499d005054f33befe68e48b79663d0445d022,2022,4686772,Christian,Gonzalez,DB,Colorado,Oregon,defensive_tot,2022,1,1,0.998388584072102,0.9236111111111112,2.596661292683505e-06,0.005835262345679004
ec6141818a984f71418b2082775d5c35a75ef21bc0c869894506eb576b2b8350,2022,4245662,Azizi,Hearn,DB,Wyoming,UCLA,defensive_tot,2022,1,1,0.998603892283995,0.9236111111111112,1.9491167546885786e-06,0.005835262345679004
0a3980336edace4dcebbe9b2389789ca537eb7ae3208e7b4cc89cf5bdd6fbccb,2022,4682749,Kani,Walker,DB,Louisville,Oklahoma,defensive_tot,2022,1,1,0.8942372685889077,0.9236111111111112,0.011185755355534843,0.005835262345679004
cda6d636189f6cdd894c44251f686956f989e2b8d5bf2b890c19b012eacba6ce,2022,4426817,Jarvis,Brownlee Jr.,DB,Florida State,Louisville,defensive_tot,2022,1,1,0.9999991030147329,0.9236111111111112,8.045825693273836e-13,0.005835262345679004
8fa92ffe8ad00e03b6e539288b25aec3cd330ccff25cc87d79f4c990a597d504,2022,4360409,Nate,Thompson,DB,Duke,Akron,defensive_tot,2022,1,1,0.991250307892924,0.9236111111111112,7.655711196862788e-05,0.005835262345679004
a32432c18cfdbd224474dcd2af29e1fa2ff7c18836c61124a431d143a5d416a4,2022,4685194,Jackie,Matthews,DB,West Virginia,Mississippi State,defensive_tot,2022,1,1,0.9763790638975484,0.9236111111111112,0.0005579486223561032,0.005835262345679004
ced1933bdce0f0acb6bd3518fff51f5746b6aee6838a76da62095638a474e2c9,2022,4383167,Clayton,Isbell,DB,Illinois State,Utah,defensive_tot,2022,1,1,0.9042998986229204,0.9236111111111112,0.009158509403583318,0.005835262345679004
76e36a76e9d1467a33ebd6f37ed6cfb36f9cb88f556f47385c47588e762f6e8f,2022,4565200,Upton,Stout,DB,North Texas,Western Kentucky,defensive_tot,2022,1,1,0.9207666154061981,0.9236111111111112,0.006277929234189327,0.005835262345679004
a457a4cd631a04d8ecfa4bc3425cbb84d2a6461d7c3daa635d8b3391e6afbca7,2022,4595005,Iesa,Jarmon,DB,Cincinnati,Buffalo,defensive_tot,2022,0,0,0.8708454729064089,0.9236111111111112,0.758371837681587,0.8530574845679013
e69adb3745a2490c1d754a1adfecf42903aaa9b5117de708813efe07d245de53,2022,4372494,Elijah,Ball,DB,Purdue,Eastern Illinois,defensive_tot,2022,1,1,0.93219106478903,0.9236111111111112,0.004598051694445524,0.005835262345679004
392a60e1183224ca24b28288e797c90094b6aa958d684187b4ec54613a6f60ff,2022,4372420,JaKorey,Hawkins,DB,Ole Miss,Wyoming,defensive_tot,2022,1,1,0.9266192803283482,0.9236111111111112,0.00538473001952955,0.005835262345679004
7e91696961b08bc04525fcf73a7eea7fe7eb5783916de89f1ed73bbf3345a9fb,2022,5081082,Jordan,Robinson,DB,Livingstone College,Kentucky,defensive_tot,2022,0,0,0.9292015972535189,0.9236111111111112,0.8634156083384907,0.8530574845679013
051345a1dc5dc11f2b6615a9b89a02fa8e6bef0e71411667f085210a2b04e92c,2022,4686428,Craig,McDonald,DB,Iowa State,Auburn,defensive_tot,2022,0,0,0.9978796387461075,0.9236111111111112,0.9957637734240621,0.8530574845679013
d225f72a2d2e8ad552a51422823ee2373a20c8ca234757bea67b0dddad9971db,2022,4259559,Latavious,Brini,DB,Georgia,Arkansas,defensive_tot,2022,1,1,0.9991930826998735,0.9236111111111112,6.511155292434358e-07,0.005835262345679004
d1ebc69de679fcb8bb9fcf5b88105123b5811a331464ca7f7977ab8f468104ff,2022,545273,Isaiah,Johnson,DB,Dartmouth,Syracuse,defensive_tot,2022,1,1,0.9020077934353941,0.9236111111111112,0.0096024725474004,0.005835262345679004
01e5bd0a98b3215cb0feadbdc64f41a24eb9448c5b672c414ee8a3cd56a56e71,2022,4429092,Andre,Seldon,DB,Michigan,New Mexico State,defensive_tot,2022,1,1,0.9105209479451879,0.9236111111111112,0.008006500756627774,0.005835262345679004
b9482840a78d74c23877771422d7adee1cf118e79c6a8e343a659aeee8de0fb6,2022,4567529,Gabe,Jeudy-Lally,DB,Vanderbilt,BYU,defensive_tot,2022,1,1,0.9963213218965143,0.9236111111111112,1.3532672589064818e-05,0.005835262345679004
17b81f70b128c149967651713e683be31092962f2d33295fb3a2e2ff6e19b3a3,2022,4426379,Marquez,Beason,DB,Illinois,Alabama A&M,defensive_tot,2022,1,1,0.9438212452020793,0.9236111111111112,0.003156052490644895,0.005835262345679004
ab82e07fb28c3eae629dbd9427223c3cf62a343595db9e150af22c4bc6759013,2022,4691828,Daymon,David,DB,Oregon,Oregon,defensive_tot,2022,1,1,0.9046448699025317,0.9236111111111112,0.009092600835905108,0.005835262345679004
30457f3a99529e43d620ba933c2268245bd98f5f13560e14a543bebb60e0f854,2022,4366860,Mari,Wingard,DB,Elon,Georgia Southern,defensive_tot,2022,1,1,0.9789023775132023,0.9236111111111112,0.00044510967459543177,0.005835262345679004
f296e9cd5146617228b92c6c4fc169e5c53514ba60804b68fdd8f025776825ec,2022,4430869,Sean,Tucker,DB,East Carolina,Towson,defensive_tot,2022,1,1,0.8708454729064089,0.9236111111111112,0.016680891868769157,0.005835262345679004
f840c10526d8c83f198e2fdfbacf5ca4e1d8092484fb9cc1b2dbd554528d8a30,2022,4370860,Terrell,Jennings,DB,Minnesota State,Illinois,defensive_tot,2022,1,1,0.9292015972535189,0.9236111111111112,0.00501241383145294,0.005835262345679004
b7bc3aef7b25181c4c3ca7df3e12b9904c5b745cb2c4222c963cf4a628ac1d9c,2022,4431601,Hunter,Washington,DB,Florida State,Mississippi State,defensive_tot,2022,1,1,0.9088677735321947,0.9236111111111112,0.00830508270097935,0.005835262345679004
7a358bb888d26833c2fe05c1ed5cd02494c8dc4549df22ec3b1fcb1ff32508f5,2022,4031036,Monte',McGary,DB,Utah State,Kansas,defensive_tot,2022,1,1,0.9955740585130944,0.9236111111111112,1.9588958045511802e-05,0.005835262345679004
878004e546e04e980fe73a54c611832fb492a13419cc19d4305290e7ab827e35,2022,4361710,Rome,Weber,DB,Wyoming,Western Kentucky,defensive_tot,2022,1,1,0.9974994960014772,0.9236111111111112,6.2525202466282696e-06,0.005835262345679004
fff6327d9258cd87fc9dd99fd0778fd57b1c43f9979eecce2bbca971dc039d15,2022,4367188,Patrick,Jolly,DB,UCLA,Abilene Christian,defensive_tot,2022,1,1,0.8708454729064089,0.9236111111111112,0.016680891868769157,0.005835262345679004
6d9606b181f1249f2f574515b4d07588d1a92faa81dd45bba8531bdbc667f10e,2022,4602188,Jadarius,Thursby,DB,SMU,Abilene Christian,defensive_tot,2022,0,1,0.8708454729064089,0.9236111111111112,0.758371837681587,0.8530574845679013
9d51b851594d02bcf15b4f352297bdf5132be32c8a3f13318fc21ae4eedef3d5,2022,4249582,Wesley,McCormick,DB,James Madison,West Virginia,defensive_tot,2022,1,1,0.9292015972535189,0.9236111111111112,0.00501241383145294,0.005835262345679004
54cfa49cb5e5c556e0bf1ecbbe227a5d842007625ec8094695d9bb17fec3526e,2022,4360983,Chauncey,Moore,DB,Temple,Alabama State,defensive_tot,2022,1,1,0.8708454729064089,0.9236111111111112,0.016680891868769157,0.005835262345679004
e90d052ce6c84c7150b2cbe5816e5c43ce1bd778d07903ee8e0bdaff40aab3d4,2022,4685841,Zion,Childress,DB,Texas State,Kentucky,defensive_tot,2022,1,1,0.9996363978911226,0.9236111111111112,1.322064935801112e-07,0.005835262345679004
0a65aef9659b8ff9725d24e1f7b5f360b396d698be79755086f9daf1670d1f60,2022,4573357,Ryan,Stapp,DB,Abilene Christian,Minnesota,defensive_tot,2022,1,1,0.9373189102066358,0.9236111111111112,0.003928919017683783,0.005835262345679004
41f65d8a06e07bd8f497f523484340a04f75d1e70bbe3755676ae5e6c554a7f8,2022,4714265,Jay,Hampton,DB,Mississippi State,Southern Miss,defensive_tot,2022,1,1,0.8708454729064089,0.9236111111111112,0.016680891868769157,0.005835262345679004
ee56d1712f692b8bb2174780ddd52d15cf4f5c2d0052ec0dc6ce68e62f69c97b,2022,4683446,Josh,Moore,DB,UCLA,Florida Atlantic,defensive_tot,2022,1,1,0.8708454729064089,0.9236111111111112,0.016680891868769157,0.005835262345679004
f139db456eedc71d707364b6e88b9329a6931b533b98b619a2605908bbd0b60d,2022,4257186,Aapri,Washington,DB,Buffalo,East Carolina,defensive_tot,2022,1,1,0.999497492813121,0.9236111111111112,2.5251347286509965e-07,0.005835262345679004
4d73e286a82fde7a57293d9f71240b7472cc1ca3b144543f47b13b2b6d67dda0,2022,4248533,Joshua,Hayes,DB,Virginia,Kansas State,defensive_tot,2022,1,1,0.9033531625428431,0.9236111111111112,0.009340611190470097,0.005835262345679004
42ab7a9cb8ef4727cb76c4a8d7aeacc546b456466726d6122230806cef0a6f7d,2022,4429556,Virdel,Edwards,DB,Iowa State,Hawai'i,defensive_tot,2022,1,1,0.9293687807019883,0.9236111111111112,0.004988769139523827,0.005835262345679004
f70817bd2be568be1f1c7393c728b140fad65595ba6404ba12928c47cd46513e,2022,4915204,DJ,James,DB,Oregon,Auburn,defensive_tot,2022,1,1,0.8927800635786097,0.9236111111111112,0.011496114766206973,0.005835262345679004
095e402a5a0471c1ff58d4e8e8a0cf64a72bf4995ca56f28c99247f75e69d9c6,2022,4360848,Kalon,Gervin,DB,Michigan State,Kansas,defensive_tot,2022,1,1,0.9735786349675164,0.9236111111111112,0.0006980885301797471,0.005835262345679004
6dba8430f91ea28795e0cefba4365764575e771509acf7fcce6a66e415957373,2022,4432287,Rickey,Hyatt,DB,Kentucky,South Alabama,defensive_tot,2022,1,1,0.9266192803283482,0.9236111111111112,0.00538473001952955,0.005835262345679004
63f35a72d01bb3bda479034aa7b69c7533f4780daddc6e4db5125cb916513aa6,2022,4370936,Drake,Cheatum,DB,Prairie View A&M,Kansas State,defensive_tot,2022,1,1,0.9496254922160279,0.9236111111111112,0.002537591034477468,0.005835262345679004
20fac624d6799ceeb14862d61c83d10bce40a8f31bfa95068b61f6cb40d5bed0,2022,4686423,Michal,Antoine,DB,Iowa State,Florida Atlantic,defensive_tot,2022,1,1,0.8351999721622873,0.9236111111111112,0.027159049175310895,0.005835262345679004
b4076e0086a7eadb263df3dc35b1cab102aa40c4cef997d0ecea4682cb65dcaf,2022,4259307,Naijee,Jones,DB,Rutgers,Kent State,defensive_tot,2022,1,1,0.9755066897911958,0.9236111111111112,0.0005999222449847114,0.005835262345679004
530ae3bb8d4b9833f540bc6faf8d2a4e8f1d6b8aa5e5d95794f93100ab3686dc,2022,4431205,Devyn,King,DB,Maryland,Hawai'i,defensive_tot,2022,1,1,0.8507784683086309,0.9236111111111112,0.02226706552031827,0.005835262345679004
017c3e5c28e01c3f71ba178019421acaba1d8736634ffcf880f52045af980c55,2022,4690208,De'Arre,McDonald,DB,Cincinnati,Middle Tennessee,defensive_tot,2022,1,1,0.8708454729064089,0.9236111111111112,0.016680891868769157,0.005835262345679004
4398845a0a4cbed7cb7c570eebaa8ac06bfc8391ba55c80c3856b1976b7ef495,2022,4361281,Rashad,Ajayi,DB,Colorado State,West Virginia,defensive_tot,2022,1,1,0.9944922900422073,0.9236111111111112,3.0334868979168927e-05,0.005835262345679004
742a56c5c05b06d30a54efa2d5226b1b8ee7001070d8d7fa25f952a2b35bd518,2022,4912011,Eddie,Smith,DB,Illinois,Arkansas State,defensive_tot,2022,1,1,0.9438212452020793,0.9236111111111112,0.003156052490644895,0.005835262345679004
e342c5321eb2fc30ab5ec5732db85d53354406152e57663b323f760ebb43a659,2022,4252209,Jaquan,Amos,DB,Iowa State,Ball State,defensive_tot,2022,1,1,0.7841744897249704,0.9236111111111112,0.04658065088547691,0.005835262345679004
d9291a397c191fdf3553140d14a35b04a117a693aab2539b3b61f9e51db6f3d7,2022,4569458,Dreshun,Miller,DB,Auburn,NC State,defensive_tot,2022,0,0,0.9183614533386781,0.9236111111111112,0.8433877589783291,0.8530574845679013
f8ad6a7e9d28d31e11eb078df12f2aa703e9e3ea7366e97df419f36c197eaf53,2022,4685043,Kevaris,Hall,DB,Tulane,SMU,defensive_tot,2022,1,1,0.8942372685889077,0.9236111111111112,0.011185755355534843,0.005835262345679004
7706ed3a0e9d2c6376911edfbdefc6715344fcff9b6a48fea61521868ca6a076,2022,4602698,Brylan,Lanier,DB,Alabama,Indiana,defensive_tot,2022,1,1,0.8708454729064089,0.9236111111111112,0.016680891868769157,0.005835262345679004
0e64dec9f063b1cf7986f0b37fcb92b9a0f6ab6ea6cefd0e2a5e292e80d65599,2022,4429011,Eli,Ricks,DB,LSU,Alabama,defensive_tot,2022,1,1,0.8213626439566052,0.9236111111111112,0.031911304974174604,0.005835262345679004
968b12ae68224f460958ff4f85bebcf316cc3461acd83ea16d1c11f299d248b0,2022,4433972,Latrell,McCutchin,DB,Oklahoma,USC,defensive_tot,2022,1,1,0.968524452795711,0.9236111111111112,0.0009907100718094266,0.005835262345679004
18827774cf6c8c7141be9381a31de9a470ed4e046744531d6c556294ccfcb986,2022,4705513,Da'Veawn,Armstead,DB,TCU,Sam Houston,defensive_tot,2022,0,1,0.8650125993372553,0.9236111111111112,0.7482467970121949,0.8530574845679013
266f07427cf564f88c5833716fc613336f5590da2cd548ba916472f2d0aff5a5,2022,4428471,Bryson,Shaw,DB,Ohio State,USC,defensive_tot,2022,1,1,0.9997581092342753,0.9236111111111112,5.8511142542868504e-08,0.005835262345679004
642ba594f026832482a6463cefa778db83738f2f273b373ecb4f7fb784083eb1,2022,4565558,Caleb,Offord,DB,Notre Dame,Buffalo,defensive_tot,2022,1,1,0.9183614533386781,0.9236111111111112,0.006664852300972827,0.005835262345679004
6eb1800edf95deed525b9dc957cd01318837c60fc379145d7ec232119a99e145,2022,4429126,Darion,Green-Warren,DB,Michigan,Nevada,defensive_tot,2022,1,1,0.9088677735321947,0.9236111111111112,0.00830508270097935,0.005835262345679004
4e904cf86afac17486ff56272bfbd00cd1f68e69e0154064bc051137aef12664,2022,4427470,Litchfield,Ajavon,DB,Notre Dame,Rice,defensive_tot,2022,1,1,0.8822977601763795,0.9236111111111112,0.013853817259497074,0.005835262345679004
4c2d530987d336070ad57fb35e575a227368808c7546b3a1d4dd4b8363383330,2022,4249122,Jay,Shaw,DB,UCLA,Wisconsin,defensive_tot,2022,1,1,0.9999407547018874,0.9236111111111112,3.5100053484545467e-09,0.005835262345679004
6727b657c5891e02d7da880207ca45213ee891c27c645d8d0ddf9260e22e67f3,2022,4570254,Solomon,Brown,DB,Minnesota,Buffalo,defensive_tot,2022,1,1,0.8708454729064089,0.9236111111111112,0.016680891868769157,0.005835262345679004
4b33a06bc7913967939fd4614889d841080dfcd3bd71f6a67595e81acedcff52,2022,4432265,Dominick,Hill,DB,South Carolina,Temple,defensive_tot,2022,1,1,0.9420244585394232,0.9236111111111112,0.0033611634076470614,0.005835262345679004
d50a063c48d8426efc483b9f8639b0699742459643ac6a80ef33cc068610fc9a,2022,4427820,Stan,Livingstone Jr.,DB,San José State,Tuskegee,defensive_tot,2022,0,1,0.8708454729064089,0.9236111111111112,0.758371837681587,0.8530574845679013
73d1ba21627354aabc2fe961304be1d7842e748338b1d1877f5afd8d6e003897,2022,4880420,Ro,Torrence,DB,Auburn,Arizona State,defensive_tot,2022,1,1,0.9429836135921967,0.9236111111111112,0.003250868319003933,0.005835262345679004
eb452e15c33386371a90406dd0566d71a8f22a80fd1c98e3a3558914a081e83b,2022,4429130,Jordan,Morant,DB,Michigan,Mississippi State,defensive_tot,2022,1,1,0.8822977601763795,0.9236111111111112,0.013853817259497074,0.005835262345679004
590f3f5c16c0ae6eb3d3d1d4f91e443e6e5756c00425b826b5bbb32c3fb1788d,2022,4426794,Omar,Brown,DB,Northern Iowa,Nebraska,defensive_tot,2022,1,1,0.8745378089684839,0.9236111111111112,0.015740761378428645,0.005835262345679004
cc5f17518ff1bceb8f640ca1cc6e0e4e97848f8a0e42b398b1c029531c8d2b72,2022,4568239,Koby,Perry,DB,Austin Peay,UCF,defensive_tot,2022,1,1,0.9583220155278981,0.9236111111111112,0.0017370543896567683,0.005835262345679004
627a67fa3c3d36e7bb0e149e1e9820a82d86c9ff63c5d153fddff5ffd1a2e61b,2022,4430182,Jarius,Monroe,DB,Nicholls,Tulane,defensive_tot,2022,1,1,0.9520500801366327,0.9236111111111112,0.0022991948149033437,0.005835262345679004
325541f542bd04f852c6f77981d7678f6bf7383f66ae8ee36cf969bb88b19581,2022,4608744,Cody,Jones,DB,Massachusetts,Georgia State,defensive_tot,2022,0,0,0.9980573234510632,0.9236111111111112,0.9961184208943002,0.8530574845679013
2e44c4d45473d5ceb501da731ff7c04303f35065471bc665db91da6767b03bc9,2022,4382371,Joseph,Daniels Jr.,DB,Indiana,Georgia,defensive_tot,2022,0,0,0.820099509959502,0.9236111111111112,0.6725632062358153,0.8530574845679013
03604d51ef14b88dfa41bba6e8d0de31c5da4d59b00779ee059b4237bb1ae362,2022,4361905,Tyler,Gore,DB,Georgia State,UT Martin,defensive_tot,2022,1,1,0.8126113298000738,0.9236111111111112,0.03511451371929672,0.005835262345679004
c6bee9108663953ae98f1de3129a954ea6ea51e9494ef7b46fd8523b6b2d4e94,2022,4430704,Hunter,Sellers,DB,Pittsburgh,New Mexico,defensive_tot,2022,1,1,0.8708454729064089,0.9236111111111112,0.016680891868769157,0.005835262345679004
370ff120adde54934d8cd3b95224e2f3ccb654ea2a98bd94e4eea36b0bf5176e,2022,4685092,Ryan,Watts,DB,Ohio State,Texas,defensive_tot,2022,1,1,0.9914373638943597,0.9236111111111112,7.331873707761561e-05,0.005835262345679004
8a4550c645449d65b961b770ba60dabca684c5d5b89e8b6dd5ecd714e5a99380,2022,4368838,Marcis,Floyd,DB,Murray State,West Virginia,defensive_tot,2022,1,1,0.9273248134994059,0.9236111111111112,0.005281682732896138,0.005835262345679004
a90bbf7eb9a79cf60ce5d234f768184c530311f6d6f569147cd4dbda8a6cfc01,2022,4567239,Jalen,Jordan,DB,Ole Miss,South Alabama,defensive_tot,2022,1,1,0.9543957290039626,0.9236111111111112,0.002079749533080015,0.005835262345679004
fdb77ab13d5c80a82832688965a8254daea6877fcd505d3736720ca765bc7ea5,2022,4683670,Zxaequan,Reeves,DB,Missouri,Coastal Carolina,defensive_tot,2022,0,0,0.8708454729064089,0.9236111111111112,0.758371837681587,0.8530574845679013
1d8844acc79922610a2201d5bbd18358c4d52aa9784a2ac69d998e0b13696d0f,2022,4567109,Marcus,Banks,DB,Alabama,Mississippi State,defensive_tot,2022,1,1,0.667547567972902,0.9236111111111112,0.11052461956073219,0.005835262345679004
936a7c7672441fe6e11127b02fcd54fd1f028a2b2a2ba0c3ae7258c231daf362,2022,4361342,Sevyn,Banks,DB,Ohio State,LSU,defensive_tot,2022,1,1,0.9254929726077797,0.9236111111111112,0.00555129713082506,0.005835262345679004
036f1252f82994827518caee23b5d8b82c4701fb861e78e80bb1ea6f056d321c,2022,4360677,Mekhi,Blackmon,DB,Colorado,USC,defensive_tot,2022,1,1,0.9977082996998908,0.9236111111111112,5.251890265520448e-06,0.005835262345679004
069f1a01de9b1aba6d2834277afdc72cff678cdeb3d17bf4dfe1fd86bd346fb5,2022,4709175,Jayden,Chalmers,DB,East Carolina,Campbell,defensive_tot,2022,0,1,0.8708454729064089,0.9236111111111112,0.758371837681587,0.8530574845679013
7a0881d5a74b5fa6d77f86fc5059910b368d9a1d6e054bd1d67e0c43259a020b,2022,4039504,Justin,Clark,DB,Toledo,Wisconsin,defensive_tot,2022,1,1,0.9468695863288356,0.9236111111111112,0.0028228408568690576,0.005835262345679004
cd85e334adb26ccee1353cfe8e36d40dc1496561a07c451da039998e9dd269fd,2022,4596725,Khari,Gee,DB,Notre Dame,Georgia Tech,defensive_tot,2022,1,1,0.9020077934353941,0.9236111111111112,0.0096024725474004,0.005835262345679004
0015e4b815d7e632461d1a3750e8fc30bb7de19ec769120a217b7e3f2a74cafb,2022,4690011,Charles,Bell VI,DB,Marshall,Alabama A&M,defensive_tot,2022,1,1,0.8579586019127186,0.9236111111111112,0.02017575877058956,0.005835262345679004
bdc4decc9c8d37d410b71c8378c9d3bb4b10eceb5d5d4d1e801e7fb85f0338dc,2022,4372069,Sammy,Faustin,DB,Michigan,Massachusetts,defensive_tot,2022,1,1,0.8708454729064089,0.9236111111111112,0.016680891868769157,0.005835262345679004
d436c23a084ecdb5086cf7ab3e48ce8e8ba43f7a265d30caa84f9fc0f6c478c9,2022,4684942,Jadarius,Green-McKnight,DB,Florida State,Marshall,defensive_tot,2022,1,1,0.8822977601763795,0.9236111111111112,0.013853817259497074,0.005835262345679004
aa26675c3f9f8db48dc55b65928c7f08f4c055c651a28cd8d7c1986c335f5a81,2022,4242994,Wylan,Free,DB,Fresno State,Georgia Southern,defensive_tot,2022,1,1,0.9876230831475058,0.9236111111111112,0.00015318807077355497,0.005835262345679004
9dd4507737bc14651bcd1f934b46f1ea3e883ab48cf7f4cd20c8bb1d3eeaf745,2022,4595352,Alijah,Clark,DB,Rutgers,Syracuse,defensive_tot,2022,1,1,0.6841358391063033,0.9236111111111112,0.09977016813707913,0.005835262345679004
78d4a9c1569106316563e8f7332c2d4cbde1c6e9d86ce2a70d6284757ce1f933,2022,4685629,Nick,Turner,DB,Arkansas,Toledo,defensive_tot,2022,1,1,0.9033531625428431,0.9236111111111112,0.009340611190470097,0.005835262345679004
a90d55d9f767966990cd9634a933d3d25260d52fb990f06597a78beffdba3a82,2022,4241922,Deon,Jones,DB,Boston College,James Madison,defensive_tot,2022,0,0,0.9181971593002964,0.9236111111111112,0.843086023347134,0.8530574845679013
c501bf64e75f38524e6e128ef8020d56b5d396e51269ef496060825de0c81366,2022,4686376,Duece,Mayberry,DB,Kansas,UL Monroe,defensive_tot,2022,1,1,0.9245003644621499,0.9236111111111112,0.005700194966348199,0.005835262345679004
58eaed0bf7e7c052d1f50498b40d37d24bfedb66dc0594584287efcc347547a5,2022,4602677,Andrew,Garwo,DB,Temple,UT Martin,defensive_tot,2022,0,0,0.8708454729064089,0.9236111111111112,0.758371837681587,0.8530574845679013
cafa213d8d3bd32802643d8b69a7da8aba7b1ece69a21a2aed892bc95067bc97,2022,4567152,Greg,Brooks Jr.,DB,Arkansas,LSU,defensive_tot,2022,1,1,0.9876236581743671,0.9236111111111112,0.00015317383698490913,0.005835262345679004
cae9d188b2c79d890d05e9b54e6b14b551e71e5675c9fd3e4a65fbd9b3b9d933,2022,4259546,Ameer,Speed,DB,Georgia,Michigan State,defensive_tot,2022,1,1,0.9566080766092288,0.9236111111111112,0.001882859015550561,0.005835262345679004
b935f1cc63be3423bdee32acbf36186c9b6f5619a2740fe60ffdb9519ee89b90,2022,4431179,Tee,Denson,DB,Kansas State,Purdue,defensive_tot,2022,0,0,0.9617290642819898,0.9236111111111112,0.9249227930847116,0.8530574845679013
a630dbe70fed25c57813633d1b66bb2d17e9cbfe93e6a5e90826284c008e07ec,2022,4372418,Keidron,Smith,DB,Ole Miss,Kentucky,defensive_tot,2022,1,1,0.9997113638625854,0.9236111111111112,8.331081982161321e-08,0.005835262345679004
1a4dbdd85cd429414e13a9da9cd7469008b5c5fc834f591412a6b4819f3d1709,2022,4248783,Jordan,Perryman,DB,UC Davis,Washington,defensive_tot,2022,1,1,0.9158591705227505,0.9236111111111112,0.007079679185119586,0.005835262345679004
c9b3c75299feebcf0a653674cba58860d0a3c893d36add732a234fe1f3223f55,2022,4361035,Jordan,Morris,DB,Coastal Carolina,Sam Houston,defensive_tot,2022,1,1,0.8380113617052898,0.9236111111111112,0.02624031893657446,0.005835262345679004
7cc042ead13a2258a1e0210e46ce0e4b81f897992cfc5d7774ded201ad5bb508,2022,4428698,Larry,Tracy III,DB,Indiana,Illinois State,defensive_tot,2022,1,1,0.9266192803283482,0.9236111111111112,0.00538473001952955,0.005835262345679004
dd4bd9372a1b0057972cfa476c4f3134220cc6d22e6eb8468988fe50d609aa25,2022,4612212,Joriell,Washington,DB,Illinois,Louisiana Tech,defensive_tot,2022,1,1,0.8268998227755652,0.9236111111111112,0.029963671355130745,0.005835262345679004
46ca60980283a1e5975976b7c36c6eb5179158095b201f302001e77ef7c72d24,2022,4373935,Khoury,Bethley,DB,Hawai'i,Arizona State,defensive_tot,2022,1,1,0.999999999,0.9236111111111112,9.999999434361379e-19,0.005835262345679004
23ef48bbef0321814a16f1837a81813badfec12e9f6d4dbf2ac30c483b0d20fb,2022,4362086,B.J.,Foster,DB,Texas,Sam Houston,defensive_tot,2022,1,1,0.9999957101876535,0.9236111111111112,1.840248996782806e-11,0.005835262345679004
8d383746b7557850fef56b3b279346902b81a24a5e9c315943934b5a952d12ce,2022,4361217,Antonio,Fletcher,DB,Arkansas State,Southern Illinois,defensive_tot,2022,1,1,0.9892203080364973,0.9236111111111112,0.00011620175882800474,0.005835262345679004
f65ec0665e68ef2daef2e85a232660760b144b8923ebf2e9476eef349cc2cff0,2022,4431220,David,Laney,DB,East Carolina,North Carolina A&T,defensive_tot,2022,1,1,0.9388195985615598,0.9236111111111112,0.003743041520168692,0.005835262345679004
b36230b91587b4f35aac4b020a0703abd548c6c4a33f35fd7b9ed54e9b6e0ab3,2022,4606174,Pierre,Kemeni,DB,Ohio,Texas State,defensive_tot,2022,0,0,0.9388195985615598,0.9236111111111112,0.8813822386432884,0.8530574845679013
d864d302a5e054edd337fe8393a1e0cb9beb8f56f4a735af96966fc8876d07a8,2022,4240333,CJ,Coldon,DB,Wyoming,Oklahoma,defensive_tot,2022,1,1,0.999982244027024,0.9236111111111112,3.152745763259074e-10,0.005835262345679004
7aa2687e443103fdcdf9ac220f4a915b424f07a8141a0b022197b6834112077e,2022,4244769,Devonni,Reed,DB,Central Michigan,South Carolina,defensive_tot,2022,1,1,0.999998291574443,0.9236111111111112,2.9187178838900953e-12,0.005835262345679004
17a39c8f8264716cc273d0137bc219ce5da35709116755da505fadfd5b15b6ef,2022,4427494,Chris,Adimora,DB,Texas,SMU,defensive_tot,2022,1,1,0.9790058173670386,0.9236111111111112,0.00044075570442613714,0.005835262345679004
11e1c6159f3d8a87333fcf4458fd849d52b960db09f7fee63a375014430ee36d,2022,4432351,Johnquai,Lewis,DB,Kansas,McNeese,defensive_tot,2022,1,1,0.8268998227755652,0.9236111111111112,0.029963671355130745,0.005835262345679004
c3627a870ae04e6571214005c1027f6ecf1e8dd8f3e8b936b0a50a0ec24428c3,2022,4427752,Cam,Lampkin,DB,Utah State,Washington State,defensive_tot,2022,1,1,0.999264142423758,0.9236111111111112,5.414863725126765e-07,0.005835262345679004
7cb5b4ffbcefdedf6c701b3095e6bc33b4c9fa8359dcb7dae118431fc832ae92,2022,4241270,Chris,Bacon,DB,Georgia State,Bowling Green,defensive_tot,2022,1,1,0.9918485001942307,0.9236111111111112,6.644694908345769e-05,0.005835262345679004
5c2e20ab12bb3a546759b15d71c771af89ad42b2387abe0005229ad6312d1405,2022,4432709,Ahmari,Harvey,DB,Auburn,Georgia Tech,defensive_tot,2022,1,1,0.8927800635786097,0.9236111111111112,0.011496114766206973,0.005835262345679004
146d6458bccaa6d89e3d943af74e78b3d3ce8f8361175a7c24f7c949eac75bb6,2022,4572922,Chris,Edmonds,DB,Samford,Arizona State,defensive_tot,2022,1,1,0.9429331313416324,0.9236111111111112,0.003256627498471382,0.005835262345679004
5365db459403cf8915c39c929cae95143e7d08536f00e38cfe81de128ba6b6bd,2022,4240779,Cedrick,Dort,DB,Kentucky,Wisconsin,defensive_tot,2022,1,1,0.9789784307065649,0.9236111111111112,0.00044190637555869465,0.005835262345679004
818868c3dd3694601e020623d3239e1102597e05786e562ad6721d7ef1ee040b,2022,4428398,Tyler,Rudolph,DB,Penn State,Massachusetts,defensive_tot,2022,1,1,0.9571729827072096,0.9236111111111112,0.0018341534101969654,0.005835262345679004
4f8db61343beff3a52e31db0e6dc8ebfe56f0d0790ea51681744d19444ab1632,2022,4243536,Zamari,Maxwell,DB,UCF,Incarnate Word,defensive_tot,2022,1,1,0.9657806577346398,0.9236111111111112,0.0011709633850738644,0.005835262345679004
5fb6f16f56db37098670646804ba304a0946ce85d0452eeda1d070f078639c69,2022,4428350,Quincy,Riley,DB,Middle Tennessee,Louisville,defensive_tot,2022,1,1,0.999999999,0.9236111111111112,9.999999434361379e-19,0.005835262345679004
f424357e333757ade3a999e9f6612f8b3de525e842b3f8d56281714d6c48d282,2022,4259815,Landon,Guidry,DB,Mississippi State,Samford,defensive_tot,2022,0,0,0.8708454729064089,0.9236111111111112,0.758371837681587,0.8530574845679013
8cdf2f8e623081d15fdf2ac03e944cc9b2a1eddcd65192fcbf8e8e56ca6dae60,2022,4360475,Chigozie,Anusiem,DB,California,Colorado State,defensive_tot,2022,1,1,0.9879671251405746,0.9236111111111112,0.00014479007738259163,0.005835262345679004
1d69c9701f0ee4405c6954be7bf77d4b973afc1c8770d93ec5149b33a2bf2c14,2022,4427402,Joseph,Charleston,DB,Clemson,Missouri,defensive_tot,2022,1,1,0.9451704160906442,0.9236111111111112,0.0030062832716730853,0.005835262345679004
3a9a32fa50b2eda673143026e34cd3a208de5f873530f1b9c581cba79a8e377d,2022,4572460,Tyler,Owens,DB,Texas,Texas Tech,defensive_tot,2022,1,1,0.9401354862344397,0.9236111111111112,0.003583760008386964,0.005835262345679004
f74328257f2d5d6d2a92f6cdc78cee717f76d3eecaa48f851fb2e73a16f03670,2022,4565445,Aamaris,Brown,DB,Kansas State,South Florida,defensive_tot,2022,1,1,0.9652880582894503,0.9236111111111112,0.0012049188973165998,0.005835262345679004
4aaf262c0b216c057fc9f4ffa24a744103d17ae1253b0288bec8b1fff662ffae,2022,4362391,Jermaine,McMillian,DB,UCF,Massachusetts,defensive_tot,2022,1,1,0.9484791538332691,0.9236111111111112,0.0026543975897359517,0.005835262345679004
c07d96045966ceece51ed93ef05cf582d48a72e420c43c6bf6d6500b07e6d8ed,2022,4428496,Cameron,Sims,DB,Georgia State,Mercer,defensive_tot,2022,1,1,0.901744467917125,0.9236111111111112,0.00965414958488887,0.005835262345679004
a07e2f93f315b085c7a960b200fdbf84a41e6c2e8ebfcd116ac21c186d6d5afc,2022,4427216,Nicktroy,Fortune,DB,West Virginia,UTSA,defensive_tot,2022,1,1,0.9776656517915103,0.9236111111111112,0.0004988231098980659,0.005835262345679004
09c0a540d7918f8008b0f59bf089d9c0430a0e747d621162f8ed9a165bac869d,2022,4430365,Jarius,Reimonenq,DB,Arkansas State,James Madison,defensive_tot,2022,1,1,0.9999974687024616,0.9236111111111112,6.4074672276827216e-12,0.005835262345679004
21d7598bd218dd46bf745d459986727c13ee11c9f53082b4f7e174d3a1678ac0,2022,4567159,Devin,Bush,DB,Arkansas,Grambling,defensive_tot,2022,0,0,0.8822977601763795,0.9236111111111112,0.7784493376122561,0.8530574845679013
3d5bc16554f0ce2e8c3d0497467bbd9e9543889dacd52092e1b5e06a8fa1a6e1,2022,4427712,Kym-Mani,King,DB,Iowa State,Florida A&M,defensive_tot,2022,1,1,0.9559988232596038,0.9236111111111112,0.0019361035545395805,0.005835262345679004
f022c81942988851863d5b527542279618745bdfc4a20538ce5821e45acabe31,2022,4241244,Datrone,Young,DB,Iowa State,Duke,defensive_tot,2022,1,1,0.9873288776984466,0.9236111111111112,0.00016055734038092465,0.005835262345679004
6f056d4d389f65834ed8ac9e585cf926908ea70c3572be4c33c8e1b0bb4de5f9,2022,4427303,Darius,Gooden,DB,Rutgers,Massachusetts,defensive_tot,2022,1,1,0.8708454729064089,0.9236111111111112,0.016680891868769157,0.005835262345679004
71d554afda7aa9e1c7f234474df9c08e55644b50b83aba76eada36d430a88bfb,2022,4689115,Marvin,Martin,DB,Kansas State,South Alabama,defensive_tot,2022,1,1,0.9397622373967197,0.9236111111111112,0.003628588043449153,0.005835262345679004
aa3dcc79a00d584b35e16ec4e1230950467edcbd96eeda0464f7c87537b1c6fe,2022,4259226,Zahodri,Jackson,DB,Utah State,North Texas,defensive_tot,2022,1,1,0.9967165647440305,0.9236111111111112,1.0780947080143658e-05,0.005835262345679004
e90d726d668466fba8b7c533c9a128a22d7f47b0b55628a76e7399c38c49b18a,2022,4240790,Elijah,Blades,DB,Florida,Buffalo,defensive_tot,2022,1,1,0.9597595605292691,0.9236111111111112,0.0016192929687975542,0.005835262345679004
67d80a8c6d82a014db519348da9c7dea1a42c8a559b2436e6db5bc72cca1c6c3,2022,4371995,Joe,Foucha,DB,Arkansas,LSU,defensive_tot,2022,1,1,0.9982026515168835,0.9236111111111112,3.2304615697612667e-06,0.005835262345679004
c90c8d1b8a980dce7e54bab49b3a191a30e220dea00fa4fb6512395857a69427,2022,4255694,Nick,Roberts,DB,UL Monroe,SMU,defensive_tot,2022,1,1,0.9255711017802734,0.9236111111111112,0.005539660890202428,0.005835262345679004
9d0f8aedc8f24fbe84abd26a02f608c3fccb5c8ecf5fa1785161f1b4d2fd5252,2022,4249034,Isaiah,Norman,DB,Austin Peay,Marshall,defensive_tot,2022,1,1,0.8379476487637788,0.9236111111111112,0.0262609645411876,0.005835262345679004
e8796a643d62e274dcdb2c0175506955f122941dc2f615bc02701e9eb7c0809e,2022,4360134,Nolan,Johnson,DB,East Carolina,Miami (OH),defensive_tot,2022,1,1,0.9203373050104613,0.9236111111111112,0.006346144972996275,0.005835262345679004
5ec936b2800c1b13899eeea99528b1a6f83aabe33fbf269312e582e0d2827de5,2022,4361824,Tanner,McCalister,DB,Oklahoma State,Ohio State,defensive_tot,2022,1,1,0.9993258767757606,0.9236111111111112,4.5444212145896655e-07,0.005835262345679004
0215b17d4d2204d23b121f32997fb0c37ee46aea1899c6fcf57852ecd4022264,2022,4568637,Lamar,Mullins,DB,Georgia State,Florida A&M,defensive_tot,2022,0,0,0.9388195985615598,0.9236111111111112,0.8813822386432884,0.8530574845679013
2ccd5c798fbd88846effc7d60337e51762e84aaec63c7130a94bf02292544579,2022,4578845,Myles,Brooks,DB,Stephen F. Austin,Louisiana Tech,defensive_tot,2022,1,1,0.8724756329244056,0.9236111111111112,0.016262464198030957,0.005835262345679004
707d3a12dfeb0eb42568d7e6e31c61dd4f1c8a47986bf018f720f323db6a7d44,2022,4361445,Jordan,Lee,DB,Nevada,Washington State,defensive_tot,2022,1,1,0.9999208914160911,0.9236111111111112,6.258168048073943e-09,0.005835262345679004
1d29977f69f54c1197bb505ca12303fc5e41ac3a8e6ac1a432f103986b532320,2022,4362510,Gurvan,Hall,DB,Miami,Utah State,defensive_tot,2022,1,1,0.9905838459743324,0.9236111111111112,8.866395663509699e-05,0.005835262345679004
78cf8bd4d0ad78e5b713e28ee8d3413879c06b969d5318ca9396c0dfa0943147,2022,4373270,Trey,Morrison,DB,North Carolina,Oklahoma,defensive_tot,2022,1,1,0.9994366499193601,0.9236111111111112,3.173633133569837e-07,0.005835262345679004
208ca6413d02262af7ac6dbc17d625f516a4131672cd5b918049ed919adfa2a7,2022,4433900,Anthony,Romphf,DB,Purdue,Western Michigan,defensive_tot,2022,1,1,0.8708454729064089,0.9236111111111112,0.016680891868769157,0.005835262345679004
e055106173207a83fac162d7e049c8d658cc32e0481b10d2bb27ffc34ad297f7,2022,4427099,Moses,Douglass,DB,Kentucky,Alabama A&M,defensive_tot,2022,1,1,0.9143321039432344,0.9236111111111112,0.007338988414792798,0.005835262345679004
2d73b05e1780d8e281a77410a96510e01cf464c44c1e90003ac8e66aa6f5fea6,2022,4429626,Jojo,Forest,DB,Oregon State,Hawai'i,defensive_tot,2022,1,1,0.8708454729064089,0.9236111111111112,0.016680891868769157,0.005835262345679004
b7909d504ce940a853e9c9138601724dda1be1ca1b62fc3f03f27f9155366b54,2022,4569604,Brandon,Joseph,DB,Northwestern,Notre Dame,defensive_tot,2022,1,1,0.9999999253739211,0.9236111111111112,5.569051647807962e-15,0.005835262345679004
0c808f8e7918afee3124a9e5ac8eda30d8b52df9c6afd0432fc480d87d101b2d,2022,4429128,Dwight,McGlothern,DB,LSU,Arkansas,defensive_tot,2022,1,1,0.9996993232623794,0.9236111111111112,9.040650054615237e-08,0.005835262345679004
2796471f1eab9b7b1d6b64ab6f22864e78255d6b2eb8c24de2653fed2d07d5cc,2022,4031034,Josh,Manchigiah,DB,South Dakota State,South Dakota,defensive_tot,2022,0,1,0.8717686423068919,0.9236111111111112,0.7599805657096016,0.8530574845679013
52f1e7462d4381c9caef85474f37e3a9b27f4b07d4673fafa718da6ea06f4716,2022,4606666,Karon,Prunty,DB,South Carolina,North Carolina A&T,defensive_tot,2022,1,1,0.8708454729064089,0.9236111111111112,0.016680891868769157,0.005835262345679004
1e050135d2aa3a8736ac6be8941bc5318ac70cc2f415be32c30ac9574d4bfc51,2022,4240329,Keyon,Blankenbaker,DB,Wyoming,Texas Tech,defensive_tot,2022,1,1,0.99955430538524,0.9236111111111112,1.9864368962603062e-07,0.005835262345679004
ad361d67c26114b4db7292a2e36b6656993da17962f48cd17a99eaa6b174a835,2022,4360265,Patrick,Fields,DB,Oklahoma,Stanford,defensive_tot,2022,1,1,0.9999388016303588,0.9236111111111112,3.745240446746652e-09,0.005835262345679004
b478feb77f8adb964316a3020910f65e21bbf446ae7642ce524875e0ee9564de,2022,4428223,Mark,Perry,DB,Colorado,TCU,defensive_tot,2022,1,1,0.9999999073827114,0.9236111111111112,8.577962150617149e-15,0.005835262345679004
e1707e50a2f31ebf6e42f6dafc3782e3500c1a573fdc82a2c972c6b9d589c659,2022,4362142,Jeremy,Lucien,DB,UConn,Vanderbilt,defensive_tot,2022,1,1,0.9984180061180749,0.9236111111111112,2.5027046424485983e-06,0.005835262345679004
5731ac5aae8f00137e2a4df518f08e1046a581770ceb22afd6abce8e54bf9530,2022,4382464,Michael,Dowell,DB,Michigan State,Miami (OH),defensive_tot,2022,1,1,0.9969790837520073,0.9236111111111112,9.125934977386425e-06,0.005835262345679004
2be043c22d5432113d5327ac88f74ad6bdd2494588e48a994d92b0390ec87d22,2022,4682857,Mario,Love,DB,NC State,North Carolina A&T,defensive_tot,2022,0,0,0.8708454729064089,0.9236111111111112,0.758371837681587,0.8530574845679013
8200a8ca36035dd8771427709c98b3359a280d592f30653aa19113d0d8f8490c,2022,4240454,Lummie,Young,DB,Duke,Tulane,defensive_tot,2022,1,1,0.9999457379004898,0.9236111111111112,2.9443754432553892e-09,0.005835262345679004
c2949c9b72b7f311e20732f43423964e0eee07e4bf9a27d7153f6127ea9a97a2,2022,4371946,Reese,Taylor,DB,Indiana,Purdue,defensive_tot,2022,1,1,0.9922730719367374,0.9236111111111112,5.970541729483486e-05,0.005835262345679004
834e5766b4db034886a180120a2ddc1ecafca1552b02d3469c4bda4a968b0f7c,2022,4433922,Ladarius,Tennison,DB,Auburn,Ole Miss,defensive_tot,2022,1,1,0.8529064110199871,0.9236111111111112,0.02163652391902097,0.005835262345679004
fb238cdc82daee8e6859296d0f9ec3d85b1fa8d6b58b9e5b7bb03ae62cfd6fad,2022,4431550,Tommi,Hill,DB,Arizona State,Nebraska,defensive_tot,2022,1,1,0.9502208358630357,0.9236111111111112,0.0024779651821748285,0.005835262345679004
2999f83a57f76b0455d650209eae7bb0d39c80b0bc23d32ca8930cb2247042bc,2022,4362132,Jalon,Ferrell,DB,UConn,Massachusetts,defensive_tot,2022,1,1,0.9896754783450769,0.9236111111111112,0.000106595747402977,0.005835262345679004
2ee9a9a0071060115a98041fa2d4fe517887b4fd9a33aca748910d71cc352089,2022,4365319,Josh,Newton,DB,UL Monroe,TCU,defensive_tot,2022,1,1,0.9999910256121173,0.9236111111111112,8.053963786952716e-11,0.005835262345679004
d8f07ed0076ec1a7011e7a6b28a8710e0ae2e63eaa9e56bb5c79233bb42144e7,2022,4427345,M.J.,Griffin,DB,Temple,Louisville,defensive_tot,2022,1,1,0.9999371863130199,0.9236111111111112,3.945559272038299e-09,0.005835262345679004
2451ee33062800d5617d6b9b5aed84bfb79062e86cbf24ffb8eecfa81b95e572,2022,4360854,Chase,Williams,DB,USC,San José State,defensive_tot,2022,1,1,0.9992284377774149,0.9236111111111112,5.953082633204909e-07,0.005835262345679004
28d1edbc1ee4877e5a0fc9fd4bb7597a8904255fbc030682fe731cbb25eb0b96,2022,4362670,Pierce,Withers,DB,Florida International,Florida International,defensive_tot,2022,0,0,0.9808755780847362,0.9236111111111112,0.9621168996830655,0.8530574845679013
bf58c7f598c9a232d263ac02559b677f701f35bf00c30be73fbc0b045d36fd98,2022,4568218,Ray,Thornton,DB,Clemson,South Florida,defensive_tot,2022,1,1,0.9595033952613037,0.9236111111111112,0.001639974995362201,0.005835262345679004
878cd70dc7365d952778071827028934283300662a1dd1ddbea46b60c4398a40,2022,4578220,Nicholas,Nakwaasah,DB,Central Arkansas,North Texas,defensive_tot,2022,0,0,0.9438212452020793,0.9236111111111112,0.8907985428948035,0.8530574845679013
888e7bafa8149223e6c5d8fd7c7b5a3622dfbc5f09e2f682a24df37952f75f3e,2022,4576713,Bralyn,Oliver,DB,Louisville,Syracuse,defensive_tot,2022,1,1,0.9535560695957143,0.9236111111111112,0.002157038671398137,0.005835262345679004
2723dc130dbb2dd505c1846b7a7dfc5e7fb03e2aa97078018b70d5d9937b0b31,2022,4684141,Shawn,Asbury II,DB,Boston College,Old Dominion,defensive_tot,2022,1,1,0.9433471651262944,0.9236111111111112,0.0032095436992273588,0.005835262345679004
853f9ac98fb207a0322cf9b69efc3a6c244ec780bf31dba6ceb8a7dbf66a6b17,2022,4432270,Garnett,Hollis,DB,Northwestern,Northwestern,defensive_tot,2022,1,1,0.9442561883291481,0.9236111111111112,0.003107372539595399,0.005835262345679004
8dddfe07f8a45845efa9c3f7340587c53a12f10cebb637eff142a0c3dbe7f53d,2022,4426464,KJ,Wallace,DB,Notre Dame,Georgia Tech,defensive_tot,2022,1,1,0.8781867842204633,0.9236111111111112,0.014838459538551979,0.005835262345679004
70f8a282ea447c8371d8e6a3d7b932849e00caa940c2953ab7dacdfdb673de6a,2022,4430552,Anthony,Switzer,DB,Arkansas State,Utah State,defensive_tot,2022,0,0,0.9979461786106039,0.9236111111111112,0.9958965754035073,0.8530574845679013
1b947cb150b6e058e118a4a1b7c8807888f9b89ba6e4476040155968ece5aaa0,2022,4686337,Greedy,Vance,DB,Louisville,Florida State,defensive_tot,2022,1,1,0.9997874263307213,0.9236111111111112,4.5187564870625946e-08,0.005835262345679004
d95641d9c6455f1eea9ca7e9c1ebbda027f60fd420148a304b478063ccc19785,2022,4430819,Jalen,Kimber,DB,Georgia,Florida,defensive_tot,2022,1,1,0.8833785217212945,0.9236111111111112,0.01360056919591058,0.005835262345679004
a11739e5351b9b606146188844f7846ee3d388391d4ec2fbbe4d353c34b7718e,2022,4577943,Kobe,Hylton,DB,Louisiana,UTEP,defensive_tot,2022,1,1,0.9388195985615598,0.9236111111111112,0.003743041520168692,0.005835262345679004
910333afe45389fb623f728596424dd1651f1c6b03cf3423e481a9d05b389a60,2022,4428966,Isheem,Young,DB,Iowa State,Ole Miss,defensive_tot,2022,1,1,0.9997822917754289,0.9236111111111112,4.739687104591035e-08,0.005835262345679004
540738985167b10305af4992ccd3f3379c4794f15d65ee1f275d13327c7dec37,2022,4692524,Justin,Harrington,DB,Oklahoma,Oklahoma,defensive_tot,2022,1,1,0.93219106478903,0.9236111111111112,0.004598051694445524,0.005835262345679004
b5f0f307db8cc522fa2ae40344e711e57eb12000b063b22622c10706a8b6d06b,2022,4429155,Lejond,Cavazos,DB,Ohio State,North Carolina,defensive_tot,2022,1,1,0.9663939699656414,0.9236111111111112,0.001129365254670211,0.005835262345679004
f40eef126dbd07216642b2a03372b0e9c848355837b5e068e2947aef1f945c35,2022,4696713,DJ,Warnell,DB,UCLA,Arizona,defensive_tot,2022,1,1,0.977631496251795,0.9236111111111112,0.0005003499599334603,0.005835262345679004
5f558a33f5b6ef2639775220a7861a95413e0bba4ce0ba2c05372ce77d655d3c,2022,4372464,Jarrett,Paul,DB,Eastern Michigan,Kansas,defensive_tot,2022,1,1,0.9994728791778777,0.9236111111111112,2.77856361114838e-07,0.005835262345679004
395db338ace164aaf5fd09aaa9ecf5a7d0c51b4f3f8fff290a4a5b185118b681,2022,4362793,Dashaun,Jerkins,DB,Vanderbilt,Ole Miss,defensive_tot,2022,1,1,0.9997126641308891,0.9236111111111112,8.256190167771283e-08,0.005835262345679004
df92a8c282f6340c9260de0ba143ebd9d93d28d8d91074cd875f85197950038f,2022,4362791,Brendon,Harris,DB,Vanderbilt,Wake Forest,defensive_tot,2022,1,1,0.9980167735058766,0.9236111111111112,3.933187326993046e-06,0.005835262345679004
a856011d57453f6ebc020df5979e16de4386f913861f83b49e53d6b6d97db403,2022,4374499,Nicario,Harper,DB,Southern Miss,Louisville,defensive_tot,2022,1,1,0.820099509959502,0.9236111111111112,0.03236418631681132,0.005835262345679004
369aa7eca847081151705806471a175aab10ddedf5e39a66ed5ee752e457d377,2022,4568507,Adrian,Cole,DB,Syracuse,Florida International,defensive_tot,2022,1,1,0.9935927444429634,0.9236111111111112,4.1052923773176185e-05,0.005835262345679004
be9ffd57d579b2b71a83be39fb6d7603078f7d7f3a03a994aceced064ecb18d5,2022,4432689,Jaylin,Davies,DB,Oregon,UCLA,defensive_tot,2022,1,1,0.8799973866088496,0.9236111111111112,0.014400627220705902,0.005835262345679004
b8ca2eed443044920f49a1d471f6fff68102ec5a5a30fed726ebcd5f207fac47,2022,4687511,Maurice,White,DL,Memphis,Central Michigan,defensive_tot,2022,0,0,0.9778482597286491,0.9137931034482759,0.9561872190543476,0.8350178359096315
ad57e08a23e01e64fa54176b808aeb773e3d71b7c7bc238a751f372fefdab822,2022,4691104,Caleb,Fox,DL,Stephen F. Austin,TCU,defensive_tot,2022,1,1,0.9776806548186765,0.9137931034482759,0.0004981531693230687,0.007431629013079658
97de58e457f9cc8d33401087369c1b4ace32a39f56e5542e53f3a50de5f7d74a,2022,4428378,William,Rogers,DL,South Carolina,McNeese,defensive_tot,2022,1,1,0.7761673959234483,0.9137931034482759,0.05010103464769035,0.007431629013079658
275434e220d86ceaa5a4c61e87efb1f7ef572a410e275d70330785b890339841,2022,4612836,Darrell,Jackson,DL,Maryland,Miami,defensive_tot,2022,1,1,0.9833576997419513,0.9137931034482759,0.0002769661578790476,0.007431629013079658
72b3224b80ce9bd28c91f477e3b42f0178fd215c002a16bdc550574fd6b4ed8a,2022,4568016,Joseph,Evans,DL,LSU,UTSA,defensive_tot,2022,1,1,0.9843356420083891,0.9137931034482759,0.000245372111289345,0.007431629013079658
f31a13b2682a537b8e186257b19376ba0bb616a1c363c7b3baddc032376d39e4,2022,4429190,Akheem,Mesidor,DL,West Virginia,Miami,defensive_tot,2022,1,1,0.9996104911887103,0.9137931034482759,1.5171711407234664e-07,0.007431629013079658
3d9786241b0811d582803b74b4f99e6e96ea1d4849f150a09fe30a0049fdcd9f,2022,4431541,Tiaoalii,Savea,DL,UCLA,Arizona,defensive_tot,2022,1,1,0.9907487998992222,0.9137931034482759,8.558470330463202e-05,0.007431629013079658
d9e082bd2dc8b05dde56c5dbd8f04299d542961477b46c370f3ea5a9ff4fede5,2022,4428786,Myron,Warren,DL,Texas,Texas State,defensive_tot,2022,1,1,0.9947093507519496,0.9137931034482759,2.799096946589679e-05,0.007431629013079658
6f798564d6c9994e7630a10969992206ced025718cedb265e432908a9432a37c,2022,4431184,Jayson,Jones,DL,Oregon,Auburn,defensive_tot,2022,1,1,0.9873793096904372,0.9137931034482759,0.0001592818238898926,0.007431629013079658
3c493da857f74bb862c690d472a7b6178d5f956ba7e478d584b48fbd8e99e563,2022,4686399,Devin,Drew,DL,Texas Tech,Nebraska,defensive_tot,2022,1,1,0.9976216184730495,0.9137931034482759,5.656698687739241e-06,0.007431629013079658
ce19a48c2460ca226551da6e4628fcdc7b5f2176e1533b79512aec0ba6f25063,2022,4360127,Stephon,Wynn,DL,Alabama,Nebraska,defensive_tot,2022,1,1,0.9959523985425831,0.9137931034482759,1.6383077558083364e-05,0.007431629013079658
db022d4d44eb282dd4b43ee6cea63e34066336c703a88cafb477a97875844dc5,2022,4431259,J'Vian,McCray,DL,East Carolina,Austin Peay,defensive_tot,2022,0,0,0.982624868296358,0.9137931034482759,0.9655516317944348,0.8350178359096315
0406c3841b79f2c85b45e932731e7e0a5a3abaaa996bf2b00f2fc7a44d6fb6aa,2022,4573443,Kyler,Baugh,DL,Houston Christian,Minnesota,defensive_tot,2022,1,1,0.9861159418951746,0.9137931034482759,0.00019276706945816797,0.007431629013079658
f2307ac193c5875ba792568d1d57805165c67aadbfc1e9a51d7a3e30ab45c7d0,2022,4372430,Quentin,Bivens,DL,Ole Miss,Southern Miss,defensive_tot,2022,1,1,0.9851089590137753,0.9137931034482759,0.00022174310165342493,0.007431629013079658
e4e68a0a01603270396393bb0dd5d1df64c1717047d50bd30262f86e86b7204b,2022,4361189,Casey,Rogers,DL,Nebraska,Oregon,defensive_tot,2022,1,1,0.9833866516777175,0.9137931034482759,0.0002760033424774851,0.007431629013079658
f1803e12c2f262d4ae3b9711f42a4a14a3048e78158002009e5f7cfc6c74765b,2022,4240677,Jordon,Riley,DL,Nebraska,Oregon,defensive_tot,2022,1,1,0.9786138294250902,0.9137931034482759,0.0004573682918591364,0.007431629013079658
e7848ea380e546fa4497432d661bed7696bdf824601241cb1e9a0a7a2061135d,2022,4427823,Michael,Lockhart,DL,Georgia Tech,West Virginia,defensive_tot,2022,1,1,0.9812368817890229,0.9137931034482759,0.0003520546049991002,0.007431629013079658
77cd876974d2b2964b71bbbb3bd6b219f934bffb13c40c95de935501bfb0e27d,2022,4432476,Clyde,Pinder Jr.,DL,North Carolina,South Florida,defensive_tot,2022,1,1,0.9767426880301647,0.9137931034482759,0.0005409025600622429,0.007431629013079658
c5e436686664d00a8b4de2efeb8bec3d65b3a34bd88b96006235d930e172d5e3,2022,4426572,MJ,Anderson,DL,Minnesota,Iowa State,defensive_tot,2022,1,1,0.9951097086162772,0.9137931034482759,2.3914949817713133e-05,0.007431629013079658
53844adf33af53166612d589e2ab34ebba3ec1f0323eb5e14b34a8130ac18fde,2022,4241241,Cordarrius,Bailey,DL,Iowa State,Northern Iowa,defensive_tot,2022,1,1,0.9771572790745299,0.9137931034482759,0.0005217898992789108,0.007431629013079658
a4f267a94115e4645496d89acd3cae4909b988eb0c3575047021c9aa1f3e272e,2022,4577754,Grant,Laws,DL,Massachusetts,Bucknell,defensive_tot,2022,0,0,0.7764349082503528,0.9137931034482759,0.6028511667497337,0.8350178359096315
04f6a1c21f74e8e83c49a8db3f5bb563e162898845a9784e50e6309125e28614,2022,4361991,Cam,Goode,DL,UCF,Michigan,defensive_tot,2022,1,1,0.9991134929444345,0.9137931034482759,7.858947595673725e-07,0.007431629013079658
709a320384b4213d3181b65a16e8b4baa0c9ab07d6e83d88ff10bdd417779c02,2022,4373033,Josh,Landry,DL,Baylor,Missouri,defensive_tot,2022,1,1,0.9880810529908572,0.9137931034482759,0.00014206129780675302,0.007431629013079658
3c5719296c7870cfaec2db280cbf1592c1f2a3ed5d13201a1cd36077fef8ab7b,2022,4243506,Janaz,Jordan,DL,Colorado,Towson,defensive_tot,2022,0,0,0.9893281501214045,0.9137931034482759,0.9787701886226403,0.8350178359096315
a08e2b07847180ddcb641528f21e73ce137f4f266f1f01262d57964ee8453029,2022,5082196,Mazin,Richards,DL,Eastern New Mexico,North Texas,defensive_tot,2022,1,1,0.7764349082503528,0.9137931034482759,0.04998135024902818,0.007431629013079658
d75da4586fa3cc807989e5dd1e482c190f7462bcd1c4792dd70c0527b9e855c4,2022,4246120,Shaundre,Mims,DL,Charleston Southern,East Carolina,defensive_tot,2022,1,1,0.9779015111108658,0.9137931034482759,0.0004883432111831893,0.007431629013079658
c3585ecfc87e94ab654ceaf648f7df2f8c6581bf183e2d5d032c0c7f9debacef,2022,4362113,Daniel,Carson,DL,Georgia Tech,Georgia Tech,defensive_tot,2022,0,0,0.7761673959234483,0.9137931034482759,0.6024358264945869,0.8350178359096315
5dfe3be990dea5e82f08d1db0b212138de1cb49432b871334013b5d9f928fb31,2022,4361730,Dennis,Osagiede,DL,Stephen F. Austin,Liberty,defensive_tot,2022,1,1,0.9829843907043866,0.9137931034482759,0.0002895309597009655,0.007431629013079658
189012709524c47d2db3a2bfc64936e1450ee71686f48677ba07e15f272fa2a8,2022,4431204,Kyle,King,DL,Michigan State,Ball State,defensive_tot,2022,1,1,0.9942163206809378,0.9137931034482759,3.345094646574788e-05,0.007431629013079658
cdce9d9344931570165eb94ada1c8808e91c77e88e75b4e1b58dbc9f5efc9dd8,2022,4360324,Darnell,Jefferies,DL,Clemson,Minnesota,defensive_tot,2022,1,1,0.9763930696312026,0.9137931034482759,0.0005572871614372467,0.007431629013079658
3b14c4a9efdb7f291965d48dcb361a2f05fa17f0eade91c50bfb17e9c0ac7577,2022,4362903,Devon,Robinson,DL,Memphis,Akron,defensive_tot,2022,1,1,0.7175238582553382,0.9137931034482759,0.07979277065495029,0.007431629013079658
56d8bf125fd4453d9940c2355963a0982929efc7234eed6a8150533ab3df4fb4,2022,4364490,Jojo,Falo,DL,Cal Poly,Hawai'i,defensive_tot,2022,0,0,0.7761673959234483,0.9137931034482759,0.6024358264945869,0.8350178359096315
ee9eabdf2aa74513bfb44518a02f4662e58cf230f70e6461e906f854ea4a17b1,2022,4242549,Ryan,Johnson,DL,Stanford,Northwestern,defensive_tot,2022,1,1,0.9804526649859574,0.9137931034482759,0.0003820983061512158,0.007431629013079658
d91bd868f040ba793543562233f3f6ef5d7bd23ca7cfebbd6bfa52976ad9544b,2022,4256039,Ellison,Hubbard,DL,Colorado State,Sam Houston,defensive_tot,2022,1,1,0.9767773683204743,0.9137931034482759,0.0005392906221229084,0.007431629013079658
473a4df7451f3104da798791c98f2fda0fc42360fd0643585b73222a13d14738,2022,4690937,Levi,Bell,DL,Louisiana Tech,Texas State,defensive_tot,2022,1,1,0.9969923041609239,0.9137931034482759,9.046234260395798e-06,0.007431629013079658
424d7ef61ed5a2021b742c6d5c7093b9c50aa246fe1ad2338d50b0ffd529454f,2022,4365479,Henry,Chibueze,DL,Liberty,Maryland,defensive_tot,2022,1,1,0.9952558115303127,0.9137931034482759,2.2507324235913658e-05,0.007431629013079658
abed558a856dd46006851cbabe5f441b3f98c4c0b65c0d81f7ee89071991edcf,2022,4256239,Caeleb,Washington,DL,Massachusetts,Southern Illinois,defensive_tot,2022,0,0,0.5177483068027293,0.9137931034482759,0.26806330919709315,0.8350178359096315
1f8a305f4ef309156dbd8b45ba4c691f6119bf61cbafc96d434ee5aca4da8cce,2022,4430818,Cole,Brevard,DL,Penn State,Purdue,defensive_tot,2022,1,1,0.9180329857418599,0.9137931034482759,0.006718591426394147,0.007431629013079658
9bcf6b1f77a75dd95512326f53dc43702443deaad0c58f2f2fddc7f7588ac1aa,2022,4873085,Jalen,Williams,DL,Arkansas,Southern Miss,defensive_tot,2022,1,1,0.716872828530495,0.9137931034482759,0.08016099522432246,0.007431629013079658
e3cb8557c7c92db3072114f8a1540977c7009a6a24405cfe8ebb51f3777ef3c7,2022,4035725,Anthony,Watts,DL,Purdue,Marshall,defensive_tot,2022,1,1,0.716872828530495,0.9137931034482759,0.08016099522432246,0.007431629013079658
064cc2e703d4778ab67f29df759f2be5492c17287a38716f2c6d8091b572e54c,2022,4569436,John,Ward,DL,UCLA,Utah State,defensive_tot,2022,1,1,0.7761673959234483,0.9137931034482759,0.05010103464769035,0.007431629013079658
434572a5ee171c4d81dc955697385c98ace4802b303392e4a401bcbae335aabb,2022,4367843,Jacob,Sykes,DL,Harvard,UCLA,defensive_tot,2022,1,1,0.7155680494838649,0.9137931034482759,0.08090153447441314,0.007431629013079658
164e2cb3375f46b68430a5d4cefd54894117db189faa02588a4a3d83dbf4e2d2,2022,4250621,Kobie,Turner,DL,Richmond,Wake Forest,defensive_tot,2022,1,1,0.9762073982235858,0.9137931034482759,0.0005660878992910271,0.007431629013079658
434e4472ffb4482fed529b78f839cf959716af4419d244ec5f4212c07267cfa4,2022,4595344,Terion,Sugick,DL,Vanderbilt,Arkansas State,defensive_tot,2022,1,1,0.983077506748825,0.9137931034482759,0.0002863707778360637,0.007431629013079658
fea164c3be958998e188969f9bc5a92b75383517012903e756424b159a8a8031,2022,4361597,Sokoya,McDuffie,DL,Old Dominion,UConn,defensive_tot,2022,1,1,0.9970423814018609,0.9137931034482759,8.747507772058559e-06,0.007431629013079658
8c4cfe460a165e1c8f665c86300c99cbf4f31ffe8984bfab69c6ff25e0abb7eb,2022,4683192,Solomon,Wright,DL,Arkansas,Oklahoma State,defensive_tot,2022,0,0,0.7761673959234483,0.9137931034482759,0.6024358264945869,0.8350178359096315
cf16e385da493f8cd6704e938573615b8193f376fa5127404d7a82f34a4e2785,2022,4428032,Tymon,Mitchell,DL,Georgia,TCU,defensive_tot,2022,1,1,0.9777139683664549,0.9137931034482759,0.0004966672059713748,0.007431629013079658
86563299f2765707030bb9c5bb617d878a5dc6f108333812e256fea7a7ae379c,2022,4428614,Corey,Suttle,DL,Iowa State,Miami (OH),defensive_tot,2022,1,1,0.9834606885350587,0.9137931034482759,0.0002735488237343372,0.007431629013079658
8a725290bd6344142f3572631d4a62b4b454ff37564c6fa8081e6c43cef192f3,2022,4431551,Lee,Hunter,DL,Auburn,UCF,defensive_tot,2022,1,1,0.890105534271549,0.9137931034482759,0.012076793597741683,0.007431629013079658
5fbdbbde092bc6d94e850d1921b79be9ead9eb1e8ad9c10e4a61cabade3a689d,2022,4686139,Shakel,Brown,DL,Troy,Troy,defensive_tot,2022,1,1,0.9589934409054746,0.9137931034482759,0.0016815378887728072,0.007431629013079658
331cf39003774fa72aafbf4d8782c05695e50151101560640c99f2f73fe91d46,2022,4247169,Myles,Cecil,DL,Cal Poly,Vanderbilt,defensive_tot,2022,1,1,0.9767695052762306,0.9137931034482759,0.0005396558851110764,0.007431629013079658
22030b275c4e5838410b8876565f476217fac6c13521c3c386d05c102c7b3a16,2022,4429446,Armondous,Cooley,DL,Mississippi State,Southern Miss,defensive_tot,2022,1,1,0.7165469734434073,0.9137931034482759,0.08034561826409242,0.007431629013079658
db06f50e869daefe02a76d8a2f7da0dcd4a83f489f00315589213cf81c8e7fe4,2022,4429065,Jacolbe,Cowan,DL,Ohio State,North Carolina,defensive_tot,2022,1,1,0.9771400788233323,0.9137931034482759,0.0005225759962034597,0.007431629013079658
9aa9bea3a1169e9f4b005302cf074d2da3a7db7f53d16bc3f524ca4391adbc0b,2022,4373947,Justus,Tavai,DL,Hawai'i,San Diego State,defensive_tot,2022,1,1,0.9975198420490383,0.9137931034482759,6.1511834617184446e-06,0.007431629013079658
207b0912930e69f42dc2512a10322725838d129b0090fca896295db73c2c1066,2022,4367835,Chris,Smith,DL,Harvard,Notre Dame,defensive_tot,2022,1,1,0.7158945837356784,0.9137931034482759,0.08071588755072347,0.007431629013079658
4f823a98328946b6bd6888aa1ca1253e5cf1784f8337190e77e0cea7ef3b44a7,2022,4361220,Terry,Hampton,DL,Arkansas State,Arkansas,defensive_tot,2022,1,1,0.9894903879859345,0.9137931034482759,0.00011045194468619048,0.007431629013079658
284bbf51faf37bebfb711484eb6695093a1d809fc20025133ad3d1ab922181b8,2022,4429235,Nick,Bags,DL,Temple,South Florida,defensive_tot,2022,1,1,0.9778096610063117,0.9137931034482759,0.0004924111446548023,0.007431629013079658
256fd8af0cc69635482a3132d39423c3a703b2c9d835b5e6fa9c7d4f0e14789d,2022,4426510,Rashad,Cheney,DL,Minnesota,South Florida,defensive_tot,2022,1,1,0.9771572790745299,0.9137931034482759,0.0005217898992789108,0.007431629013079658
8447539bebf168ce3b34b3e37a64efc868791994fa7cfd36582c9366baba3b16,2022,4428741,Kristian,Varner,DL,North Carolina,Georgia Southern,defensive_tot,2022,1,1,0.976950893713534,0.9137931034482759,0.0005312613006048041,0.007431629013079658
2e10b799fd0806c1055722bf69f97886ede82271d3d576f88dfb170f7a02d512,2022,5098374,Chris,Murray,DL,TCU,Sam Houston,defensive_tot,2022,1,1,0.7761673959234483,0.9137931034482759,0.05010103464769035,0.007431629013079658
2dcf2c4aeb78a475c80505e41423b9501c63082964ec27b5b6acebe16d0e2a51,2022,4362806,Lorenza,Surgers,DL,Vanderbilt,Minnesota,defensive_tot,2022,1,1,0.9901156820822835,0.9137931034482759,9.769974069849124e-05,0.007431629013079658
9823a47b9447ed2629b0dcdf938457152c3017c38538cee58fb0fdbd60919dde,2022,4591235,Mitchell,Agude,DL,UCLA,Miami,defensive_tot,2022,1,1,0.9976142299459584,0.9137931034482759,5.6918987507617244e-06,0.007431629013079658
3aa6c24ba72a49ea79489944269c7b2e3ba5390194eed11a72f5a3b3a0854595,2022,4362156,Lwal,Uguak,DL,UConn,TCU,defensive_tot,2022,1,1,0.9987326739016217,0.9137931034482759,1.6061154396308117e-06,0.007431629013079658
990317a2df7322f83faf6613df3da25e6a2d26d29ca8da25050cfc0b97b0ef23,2022,4240403,Curtis,Harper,DL,Syracuse,Akron,defensive_tot,2022,1,1,0.9859411061956692,0.9137931034482759,0.00019765249500145054,0.007431629013079658
fb9ce60201205c0f4577a78aa7d2890dc8125d36c912588585ff77475d7ea431,2022,4361816,Jeffery,Johnson,DL,Tulane,Oklahoma,defensive_tot,2022,1,1,0.9984808195878252,0.9137931034482759,2.307909124735605e-06,0.007431629013079658
9bc69d14d1fb9193d7f36dae9d5c28b5ab87aa8fbb70900f338a424ee30cf7ee,2022,4612452,Waisale,Muavesi,DL,UNLV,UNLV,defensive_tot,2022,1,1,0.9880481380522811,0.9137931034482759,0.0001428470040173313,0.007431629013079658
ca15ba662b0b5eeb2ab9e2040e8e431ab42562958d3003faabb412207e052238,2022,4682996,Sam,Carrell,DL,Washington State,Texas Tech,defensive_tot,2022,1,1,0.7761673959234483,0.9137931034482759,0.05010103464769035,0.007431629013079658
2c98ee0fc34b7acd79310e41cc6f6317f86014031e72222ffb0fb3fe1d176a96,2022,4428083,Lloyd,Murray Jr.,DL,Colorado,Sam Houston,defensive_tot,2022,1,1,0.9286867764402292,0.9137931034482759,0.005085575854485844,0.007431629013079658
9e9548672538b6eaadbfd855ba956735963331567c105b0b0eeda08a0686957f,2022,4372377,Jaxon,Player,DL,Tulsa,Baylor,defensive_tot,2022,1,1,0.9999001992734124,0.9137931034482759,9.960185027403134e-09,0.007431629013079658
f8915736609691ad8b110819c1bc9daf92675c0578db51d4e3d5887a616cc856,2022,4431390,Gary,Smith,DL,Duke,UCLA,defensive_tot,2022,1,1,0.9905553838718727,0.9137931034482759,8.920077380768237e-05,0.007431629013079658
f426cec2cb229b0bf9299c6ebe583cade86ae858b0069753accded937a05a213,2022,4685218,Tyrone,Taleni,DL,Kansas State,USC,defensive_tot,2022,1,1,0.9835293304406663,0.9137931034482759,0.0002712829557327631,0.007431629013079658
676013291cf2fa26b29fd5ea6cbfb2c424d05df6e14970161cdaa636c6410761,2022,4685014,Taishan,Holmes,DL,Massachusetts,Northwestern,defensive_tot,2022,1,1,0.9794118019391894,0.9137931034482759,0.0004238738993911646,0.007431629013079658
e8db0a5f38ef74431fd43f8ea2de5967a53116ced6042f3065b8ef714e974006,2022,4454902,Isaiah,Gibson,DL,Kentucky,Marshall,defensive_tot,2022,1,1,0.9773787227229923,0.9137931034482759,0.0005117221856432645,0.007431629013079658
384111f322313c4cf5c52d24274c9062a22c3dc963b683a3e8c34696c453f51d,2022,4570209,William,Green,DL,Liberty,Nevada,defensive_tot,2022,1,1,0.7761673959234483,0.9137931034482759,0.05010103464769035,0.007431629013079658
b342816cf96630c29da8288fb155d6a58174ec2d6d41b7a65c4c3cc3bc906d57,2022,4574674,Izaiah,Reed,DL,Murray State,New Mexico State,defensive_tot,2022,1,1,0.983675318558225,0.9137931034482759,0.00026649522417543354,0.007431629013079658
cff518bad310d0874956776b7e340d4306661a49296c499953228784aede4990,2022,4586333,Mekhi,Wingo,DL,Missouri,LSU,defensive_tot,2022,1,1,0.9977034327976053,0.9137931034482759,5.274220915114944e-06,0.007431629013079658
6088d6149ee3b1edb08632e54edbb52c2c2fe40fc41193333c3e4bdba258b64f,2022,4371972,Shamar,Jones,DL,Indiana,Chattanooga,defensive_tot,2022,0,1,0.7761673959234483,0.9137931034482759,0.6024358264945869,0.8350178359096315
f11e50df0500a6a56ff7c35f20f0cfadca3ddd2cbbda8af70148d80d43f49cfd,2022,4362497,Nesta Jade,Silvera,DL,Miami,Arizona State,defensive_tot,2022,1,1,0.9965102895294317,0.9137931034482759,1.2178079168394314e-05,0.007431629013079658
898d857940d55e51b96fee43f51ba80dd4b52a3b42b5c88c29dc2c8f2b63c05f,2022,4427049,Terrell,Dawkins,DL,NC State,South Carolina,defensive_tot,2022,1,1,0.9773786127014208,0.9137931034482759,0.0005117271633123208,0.007431629013079658
35699898ed221302a3d4926f202cfc0e8e20956357a98bfe18511bb9e3f0045d,2022,4373956,Jonah,La'ulu,DL,Hawai'i,Oklahoma,defensive_tot,2022,1,1,0.9996572273690927,0.9137931034482759,1.1749307649912416e-07,0.007431629013079658
54c867fb19120bf1279cc65c3227dfc10c28edbca74518f128eef2ebf4aa8016,2022,4429907,Jayden,Jernigan,DL,Oklahoma State,Missouri,defensive_tot,2022,1,1,0.9985591768714028,0.9137931034482759,2.0759712879005326e-06,0.007431629013079658
5accd98a0d89deead97991e181f12ab0caab3dbd602e491a96035a264555f1ac,2022,4683495,Tyler,Kiehne,DL,UCLA,New Mexico,defensive_tot,2022,1,1,0.7761673959234483,0.9137931034482759,0.05010103464769035,0.007431629013079658
8c2eda7da22c2136a470a41fd165a0dbd091cb151113ab9fdd55004589ee914b,2022,4426639,Earl,Barquet,DL,TCU,USC,defensive_tot,2022,0,0,0.9839404304309786,0.9137931034482759,0.9681387706366994,0.8350178359096315
cd346e999a8f8a6248905be8359d0c0e2350f8e856e8f5623a3539ec7bc74328,2022,4565651,Dominique,Ratcliff,DL,Louisiana,Texas State,defensive_tot,2022,1,1,0.976779117862466,0.9137931034482759,0.0005392093672452474,0.007431629013079658
2b3101cc30cfdae20f8d6fbbfd3a8b61cb4e1a50d35879b0626b6136b4c92723,2022,4370786,Aaron,Faumui,DL,Virginia,Virginia,defensive_tot,2022,1,1,0.99572322568582,0.9137931034482759,1.829079853443027e-05,0.007431629013079658
e3266c1d5bf8d41381a7ccad2510e65377a745a540319528678471b5c9f20448,2022,4242306,Sinjun,Astani,DL,San José State,USC,defensive_tot,2022,0,0,0.9459735455187324,0.9137931034482759,0.8948659488212812,0.8350178359096315
2091200001e80917323d69a1193b9f0e22687aa890c6ca285aa97d38e10c2df7,2022,4428664,Tru,Thompson,DL,Florida State,Jackson State,defensive_tot,2022,0,0,0.984968572579235,0.9137931034482759,0.9701630889687757,0.8350178359096315
72a95c57c7b6068e2eedaeb515e1c2ef3d86656a0b1a0b312353cbe72e58c8d4,2022,4431172,Patrick,Jenkins,DL,TCU,Tulane,defensive_tot,2022,1,1,0.9822208025215854,0.9137931034482759,0.00031609986297646446,0.007431629013079658
543a9d03c04a46e79381570bca0c985b011377d48b1a126aaeeb0fb83fae0d3f,2022,4259652,Jake,Lichtenstein,DL,USC,Miami,defensive_tot,2022,1,1,0.9959894191136692,0.9137931034482759,1.6084759045801724e-05,0.007431629013079658
4001c1dc619b56730c9c488242e5b30d24e0a2e14964eea005796f105fd90595,2022,4431077,Terah,Edwards,DL,Northwestern,Illinois,defensive_tot,2022,1,1,0.9766696609155936,0.9137931034482759,0.000544304721793381,0.007431629013079658
80c479a475e34130cdce7caa2b297bc8ea4f6ddffbc5b20cb4f86a17b375079c,2022,4428168,RJ,Orebo,DL,Texas A&M,Southern Illinois,defensive_tot,2022,0,0,0.9771121769934965,0.9137931034482759,0.9547482064289701,0.8350178359096315
700da47fd40be06dfbb76765f8e48fbdb16d8d7a41b03b314e8568289cfb3d9a,2022,4689085,Dre,Butler,DL,Auburn,Liberty,defensive_tot,2022,1,1,0.9777139683664549,0.9137931034482759,0.0004966672059713748,0.007431629013079658
c9409ad625efd313e9362b2cff4f8c93a5868b109c418e1fe9b140fd93528821,2022,4360463,Jermayne,Lole,DL,Arizona State,Louisville,defensive_tot,2022,0,0,0.8899484477362427,0.9137931034482759,0.7920082396281479,0.8350178359096315
83e2329fe814cc757a5d263b3b750676291e85753dd266a1d2c949c1c7d6b154,2022,4427848,Patrick,Lucas Jr.,DL,Ole Miss,Indiana,defensive_tot,2022,1,1,0.7175238582553382,0.9137931034482759,0.07979277065495029,0.007431629013079658
05d2610f5f3ea4bcd74986898be96fec0af7108fb351cefcd3693f1dd6a85553,2022,4428495,Jayden,Simon,DL,Colorado,Tulsa,defensive_tot,2022,1,1,0.9778550901102947,0.9137931034482759,0.0004903970340231676,0.007431629013079658
b12843168f078bef60284e775067d3dc1d61970731b66b7c0bd9cbe7c1f04fbd,2022,4684945,Olasunkonmi,Agunloye,DL,Virginia,Virginia,defensive_tot,2022,1,1,0.9891476378259887,0.9137931034482759,0.00011777376475591148,0.007431629013079658
22e8c3c6403d2b7025379d66ea67359a241c5df1b585f545ba24f299a1caba44,2022,4685780,Raashaan,Wilkins,DL,Vanderbilt,Illinois,defensive_tot,2022,0,0,0.9797410997119866,0.9137931034482759,0.959892622464853,0.8350178359096315
c3841fe642dc19d66ecd08c2b2f484fae2e5fd3fb037bf819ec1c5e8066c1dc6,2022,4362576,Tico,Brown,DL,Central Michigan,Missouri State,defensive_tot,2022,1,1,0.9894764379342971,0.9137931034482759,0.0001107453585507017,0.007431629013079658
3157ca38325ce20e037a7d98cb8c1c150a5de810ab5a0cd57348bf90a5248561,2022,4430853,Darrion,Henry-Young,DL,Ohio State,Kentucky,defensive_tot,2022,1,1,0.7152412892140363,0.9137931034482759,0.08108752336848413,0.007431629013079658
4d0e761a72fa62e3edd7dadd3148b470c30afc52fe2f37ef1e43f48458a1c5cf,2022,4362140,Steven,Krajewski,QB,UConn,Georgia State,passing_yds,2022,0,0,0.9769744127296129,0.8181818181818182,0.9544790031283721,0.6694214876033059
691c777cab0d1f8c79161280ee0ac5cd5ecad075cf0e81173b09a138c5bf93b3,2022,4428961,Jordan,Yates,QB,Georgia Tech,Sam Houston,passing_yds,2022,1,1,0.9829429882297407,0.8181818181818182,0.0002909416505307647,0.0330578512396694
ccafa1cb5c31f9d59150ec9a5cc61486ee2de44d4e5253b6c5539e7149c64bab,2022,4429209,Beau,Allen,QB,Kentucky,Tarleton State,passing_yds,2022,1,1,0.9415299830648621,0.8181818181818182,0.0034187428803953094,0.0330578512396694
d5d1f9faaf40fd7ff4c6811988c0957eba6d501ba2651c0fd6e9fb8b94591507,2022,4374303,JT,Daniels,QB,Georgia,West Virginia,passing_yds,2022,1,1,0.9847014942457779,0.8181818181818182,0.00023404427831196645,0.0330578512396694
40348ab1e075c7a99f85d0beaf8a758b93532bc26827bf8c9d3db6dab3b96683,2022,4432733,Clay,Millen,QB,Nevada,Colorado State,passing_yds,2022,1,1,0.9094205657516375,0.8181818181818182,0.008204633908753417,0.0330578512396694
e76b16044ed5a7add4ba32e3a7615f70edd95e31aa1f3d3568afc717977cbcdc,2022,5085258,Aaron,McLaughlin,QB,NC State,Jacksonville State,passing_yds,2022,1,1,0.8027293137249698,0.8181818181818182,0.03891572366342139,0.0330578512396694
0ce362be579b665b46068772e3473f66ecaf78ab697c6c6ced0f8014f92fa5dc,2022,4610131,Parker,Navarro,QB,UCF,Ohio,passing_yds,2022,1,1,0.8760136996944807,0.8181818181818182,0.015372602663450408,0.0330578512396694
74466040b76906e7d370ec7afd725c56aa80f4e4ce5371fda6b149b65b666355,2022,4879190,CJ,Rogers,QB,Baylor,Texas State,passing_yds,2022,0,0,0.4613447901601906,0.8181818181818182,0.21283901540795028,0.6694214876033059
d1ed8cff63ae4859609ead8adf174c2fc5180e12113ae66bb1c018a2c9251eb6,2022,4360230,Emory,Jones,QB,Florida,Arizona State,passing_yds,2022,1,1,0.9998873074793788,0.8181818181818182,1.2699604203955671e-08,0.0330578512396694
79b6a9e24d92729542d003fc876457d8a1c85e8d08386992b23bbd449b13fb9d,2022,4368343,Austin,Reed,QB,West Florida,Western Kentucky,passing_yds,2022,1,1,0.8143918166012836,0.8181818181818182,0.03445039774457155,0.0330578512396694
7b71251cc0ed7e3bec2eb98d377442d0c7bcb2d713a16614b260826f6e5e94bb,2022,4426348,Jayden,Daniels,QB,Arizona State,LSU,passing_yds,2022,1,1,0.9999675708793557,0.8181818181818182,1.0516478657608026e-09,0.0330578512396694
38a0e0ade809fe102c2c8deddd5c0117eebcbaa7600774f692ae0201a33f99a6,2022,4428887,Davis,Beville,QB,Pittsburgh,Oklahoma,passing_yds,2022,1,1,0.9544767082904071,0.8181818181818182,0.00207237008807669,0.0330578512396694
952b7a5a032a64c0584623b3d9734dddc452f8caa5574f04e7afd55b604ec8ae,2022,4361959,Quincy,Patterson,QB,North Dakota State,Temple,passing_yds,2022,1,1,0.8027293137249698,0.8181818181818182,0.03891572366342139,0.0330578512396694
7efc48c18ce8ec9d94dd008a8e6bf09a9256c587fd9c0b7abc2fe169da80f762,2022,4880196,Colton,Fitzgerald,QB,Boise State,Georgia Southern,passing_yds,2022,0,0,0.4613447901601906,0.8181818181818182,0.21283901540795028,0.6694214876033059
5990f2377fbce2e5422dfb550ad650e80ec9861179e1b5491065bfcf9056336e,2022,4035430,Lindsey,Scott,QB,Nicholls,Incarnate Word,passing_yds,2022,1,1,0.9317362993507632,0.8181818181818182,0.004659932826328614,0.0330578512396694
af28c064694babf92126b114cce4826b68b22962ac89dee71c5de4e998fdb73b,2022,4431565,Walter,Simmons III,QB,East Carolina,Bethune-Cookman,passing_yds,2022,1,1,0.5760099117356633,0.8181818181818182,0.17976759494640004,0.0330578512396694
131d7650abaa233a5157c748a7d4884950b081d57050d4c6f18531ee37275f81,2022,4429219,Ira,Armstead,QB,Virginia,Eastern Illinois,passing_yds,2022,0,1,0.484358104961229,0.8181818181818182,0.23460277384163292,0.6694214876033059
a6f5d3bd7508d751a07bf387d31bcf14cd7df6e128711e0f8652410b9ec8ea8b,2022,4361573,Cade,Fortin,QB,South Florida,Arkansas,passing_yds,2022,1,1,0.9214206407663127,0.8181818181818182,0.006174715697576879,0.0330578512396694
19a6dda39728caa89065f082f54579f7f7363b95ba5d3d3a757cf85e512c1b97,2022,4565303,Katravis,Marsh,QB,South Florida,South Florida,passing_yds,2022,1,1,0.8911284803221264,0.8181818181818182,0.01185300779696961,0.0330578512396694
0b64cef7b7b602dadd2ba49c47643f380796f95904883fc4484e2357efaf76aa,2022,4371942,Matt,Robinson,QB,Illinois,Fresno State,passing_yds,2022,0,0,0.5760099117356633,0.8181818181818182,0.33178741841772663,0.6694214876033059
80ebff4f7f8283c424efbe9c92d60ebcee36e1d5b306a6fa2c6ea011c8a8672b,2022,4426360,Joey,Yellen,QB,Pittsburgh,Hawai'i,passing_yds,2022,1,1,0.9204927568931355,0.8181818181818182,0.006321401706454056,0.0330578512396694
647e24f434041e5725ac5d5e446ec933e91c9ece8fb8f222c8c47892a04e505c,2022,4569193,Ethan,Long,QB,Arizona State,Abilene Christian,passing_yds,2022,1,1,0.5760099117356633,0.8181818181818182,0.17976759494640004,0.0330578512396694
79a98c9715ce05b12ef1e15d1c2f149bd1aa7d244d4cb9c76764874a332a6309,2022,4427351,Grant,Gunnell,QB,Memphis,North Texas,passing_yds,2022,1,1,0.5760099117356633,0.8181818181818182,0.17976759494640004,0.0330578512396694
733d710ef51ed67b6525fb5334782b9ccbc43e624c9c4761004c36beb70d91ef,2022,4689114,Jaxson,Dart,QB,USC,Ole Miss,passing_yds,2022,1,1,0.9992684822190105,0.8181818181818182,5.351182639037357e-07,0.0330578512396694
106d9f19d1a6c781cb78de10e3f87a0aa676318e2a5eddf3793f00f4bc07f0f9,2022,4360331,Miles,Kendrick,QB,Kansas,New Mexico,passing_yds,2022,1,1,0.9592846408422777,0.8181818181818182,0.00165774047134232,0.0330578512396694
a50727b6349aee608085c1f284b9d05c00b8432a39b63745c658e657bb0a45b1,2022,4428977,Jack,Zergiotis,QB,UConn,Merrimack,passing_yds,2022,1,1,0.9127408003718468,0.8181818181818182,0.007614167919745893,0.0330578512396694
b29b453738a80a794fb53168c6d73c17df229aa2f2f6eb41342d6481dd5be3ac,2022,4363640,Jeremy,Moussa,QB,Vanderbilt,Florida A&M,passing_yds,2022,1,1,0.908616027382816,0.8181818181818182,0.008351030451298235,0.0330578512396694
406918bf0b7ea5eaa89dea69e863c27808e69794f9903dd5ebbb73baf60dad94,2022,4384187,Aaron,Allen,QB,Louisiana Tech,Alcorn State,passing_yds,2022,1,1,0.9416440821297171,0.8181818181818182,0.0034054131504832074,0.0330578512396694
ea053896f8b4cfa3dc39e89bd9d24134ea934c5c8eb21f250381aa4f8970a8c7,2022,4429413,Brendon,Clark,QB,Notre Dame,Old Dominion,passing_yds,2022,1,1,0.7711883320652303,0.8181818181818182,0.05235477938309132,0.0330578512396694
f522b9a18cef86bdaaf150db43c18c1092b867278330dce815cd180f2993649e,2022,4430452,Nik,Scalzo,QB,Kentucky,Samford,passing_yds,2022,0,0,0.7711883320652303,0.8181818181818182,0.5947314435135519,0.6694214876033059
00a6bfb0854bbb142b41935ff0fdb16029102d067d4c4730e0bedd3b74ab1fd3,2022,4361735,Re-al,Mitchell,QB,Temple,San Diego,passing_yds,2022,1,1,0.2758194345419929,0.8181818181818182,0.524437491387079,0.0330578512396694
744ae09e1676d0dcb94620e151f394bfb6ed06c105ac8a6f025798b11776b7f3,2022,4248250,Ryan,Glover,QB,California,Memphis,passing_yds,2022,1,1,0.6049167664525279,0.8181818181818182,0.15609076143032638,0.0330578512396694
6ccdeade893ed323f1f2ec88ba9a9b06b12b128e7a8ac8d9a6b7a9a437328a2e,2022,4432691,Carlos,Del Rio-Wilson,QB,Florida,Syracuse,passing_yds,2022,1,1,0.8086283721007963,0.8181818181818182,0.03662309996479128,0.0330578512396694
6b71d2c200f7aab637fabd1edf7d3db643f640e3187f6f39773fb99047086efb,2022,4430867,Kyle,Toole,QB,Troy,Georgia Southern,passing_yds,2022,0,0,0.6329365369052895,0.8181818181818182,0.4006086597496609,0.6694214876033059
825ac189eac24d586386b6ec4acc98f6a2f7144faa0781f46289bb7828b68841,2022,4680017,Lucas,Coley,QB,Arkansas,Houston,passing_yds,2022,1,1,0.8027293137249698,0.8181818181818182,0.03891572366342139,0.0330578512396694
55972311b3929048cad1917a0b789d424854c94484ad7fc227aa1ad9278bc31f,2022,4592532,Billy,Edwards,QB,Wake Forest,Maryland,passing_yds,2022,1,1,0.5760099117356633,0.8181818181818182,0.17976759494640004,0.0330578512396694
9afb28912309322a1ea41757e4e1ecac3a829a6ec6b7e010c89484599207ee2e,2022,4361690,Sean,Chambers,QB,Wyoming,Montana State,passing_yds,2022,1,1,0.9654117933363109,0.8181818181818182,0.001196344040210068,0.0330578512396694
fbd911238b2a06c9b67852b203afdb5fc57581bed601b84fd7907ddc70861c72,2022,4242490,Braxton,Burmeister,QB,Virginia Tech,San Diego State,passing_yds,2022,1,1,0.9984790379389004,0.8181818181818182,2.313325591304465e-06,0.0330578512396694
6249b0e77c4ba330971e2bc3c4890aed879670b7272260dc17793ac6c1c99dd7,2022,4362507,Jarren,Williams,QB,South Florida,Alabama A&M,passing_yds,2022,0,0,0.7711883320652303,0.8181818181818182,0.5947314435135519,0.6694214876033059
49adba48c0938f4dc027a18a6bb933ddac30f0b9b8391c9248a5eb776353cd84,2022,4430982,Keilon,Brown,QB,Memphis,Georgia State,passing_yds,2022,0,0,0.2758194345419929,0.8181818181818182,0.07607636047106472,0.6694214876033059
ac1c00df9f25f6b231919e5cb4e0168c6b154177e8f51079d804976934089f41,2022,4427238,Dillon,Gabriel,QB,UCF,Oklahoma,passing_yds,2022,1,1,0.9993684569631412,0.8181818181818182,3.9884660740477304e-07,0.0330578512396694
67347692ec09ed612dfe71b8badf85a68c180391b060c2c7c92424cfddecf04e,2022,4043980,Luke,Anthony,QB,Louisiana Tech,Baylor,passing_yds,2022,0,0,0.13749760513443277,0.8181818181818182,0.01890559141770439,0.6694214876033059
548e5028def673460e2e9ce90281d0af738767c3d9024800e8c6729b2657ca33,2022,4430367,Sofian,Massoud,QB,Houston,Hampton,passing_yds,2022,1,1,0.5760099117356633,0.8181818181818182,0.17976759494640004,0.0330578512396694
1c4e04163109d9c5cc18cc651af7414fc95e757e9bf138fc0a08026671d7dc3b,2022,4429516,Doug,Brumfield,QB,UNLV,UNLV,passing_yds,2022,1,1,0.8043761776773862,0.8181818181818182,0.03826867986010956,0.0330578512396694
6353d878a067151f2d50a636acc0f52caeb0453348adb831edef0f65dbc60b5f,2022,5102203,Kason,Martin,QB,North Texas,Eastern New Mexico,passing_yds,2022,0,0,0.5760099117356633,0.8181818181818182,0.33178741841772663,0.6694214876033059
add20d852acd73ae569bf9bcad38271a8ae2ae1c70994c14ec9b3b061d45ce1a,2022,4240391,Tommy,DeVito,QB,Syracuse,Illinois,passing_yds,2022,1,1,0.9504002929855799,0.8181818181818182,0.0024601309359163115,0.0330578512396694
e226679997ee5764d0219060129a9dafbf6404746d9b0aa0f0ecfddefed6b94f,2022,4567106,Stone,Hollenbach,QB,Alabama,Western Michigan,passing_yds,2022,1,1,0.13749760513443277,0.8181818181818182,0.7439103811488389,0.0330578512396694
5dc572a81dd10217539a4e2b51efd475f11d89df91262b663398b7f608d2b1a7,2022,5085784,Chase,Mason,QB,Nebraska,South Dakota State,passing_yds,2022,0,0,0.8027293137249698,0.8181818181818182,0.6443743511133609,0.6694214876033059
aa847c3e88487e339748c806c2843b1ec21c05ac95f5c43a7ee372fd36a8a802,2022,4431611,Caleb,Williams,QB,Oklahoma,USC,passing_yds,2022,1,1,0.9999982342554571,0.8181818181818182,3.117853790831373e-12,0.0330578512396694
b76ea4fdc9ec3355da3f34ab552aa1467038d90a721fef7a7cc77b2eec3afb82,2022,4568411,Cornelious,Brown,QB,Georgia State,UT Martin,passing_yds,2022,1,1,0.9395761537519874,0.8181818181818182,0.0036510411954034615,0.0330578512396694
b8129e6808a6bc2c5eebbcfcd8ca9bea5d6909d31c4a60424835fad826828429,2022,4243322,Jake,Haener,QB,Fresno State,Fresno State,passing_yds,2022,1,1,0.9996415628056601,0.8181818181818182,1.284772222862752e-07,0.0330578512396694
7d54762422a316ddc553ce88b0197f08f477ef64dbd60b0e5f7273a156f52541,2022,4685228,Kamal,Gray,QB,Temple,Stetson,passing_yds,2022,0,0,0.4613447901601906,0.8181818181818182,0.21283901540795028,0.6694214876033059
d2e0171c9607b4b7fbb70cdef70aad34f8b5bd44bb33d9fa4a06b32aa4f32504,2022,4243276,Todd,Centeio,QB,Colorado State,James Madison,passing_yds,2022,1,1,0.9970749730142141,0.8181818181818182,8.555782867575717e-06,0.0330578512396694
b0e37efa12b9ba858335bdb8308cc7807ae73fb5251dd35b420a7d0c4a92226a,2022,4889929,Quinn,Ewers,QB,Ohio State,Texas,passing_yds,2022,1,1,0.9980808564975812,0.8181818181818182,3.683111782876455e-06,0.0330578512396694
0a492eda63a8278f70078f3b8fce2cba4a780e14611730632fda56d5aa9f80a9,2022,4426494,John Rhys,Plumlee,QB,UCF,UCF,passing_yds,2022,1,1,0.8200203195436491,0.8181818181818182,0.03239268537717019,0.0330578512396694
0f5773bab41645b594349aad15c619e05631237bfc2f773bc5199e4ea7d2468d,2022,4040407,Jack,Abraham,QB,Mississippi State,Missouri,passing_yds,2022,1,1,0.790522500151091,0.8181818181818182,0.04388082294294965,0.0330578512396694
6e49fcab0584b366d7c3b1b48462b7ac33e230971b25ed943e71b46f726c6ecc,2022,4427966,Maverick,McIvor,QB,Texas Tech,Abilene Christian,passing_yds,2022,1,1,0.5760099117356633,0.8181818181818182,0.17976759494640004,0.0330578512396694
e36f3e872889e3da56da6ddf1ef35aa7d1693c8cd06fbc21a025ba5dcfd6b61a,2022,4430829,Michael,Alaimo,QB,Purdue,Purdue,passing_yds,2022,1,1,0.9369331580182202,0.8181818181818182,0.0039774265575547845,0.0330578512396694
2acd9b805902076f31d6521ddadfcedb94930704122e4938ad7e9bc89e905cc2,2022,4429070,Shane,Illingworth,QB,Oklahoma State,Nevada,passing_yds,2022,1,1,0.9374238448309035,0.8181818181818182,0.003915775195746847,0.0330578512396694
d76310764895b0b6a84a824db3e6faf26e3ed4eeed65eb9e993ca39f3cbdad41,2022,4426338,Bo,Nix,QB,Auburn,Oregon,passing_yds,2022,1,1,0.8200203195436491,0.8181818181818182,0.03239268537717019,0.0330578512396694
9384de43613b638cfd42dc26ea4f6458af3277118a61b78ce31731511ee23f90,2022,4697512,Robby,Ashford,QB,Auburn,Auburn,passing_yds,2022,1,1,0.7777694582092683,0.8181818181818182,0.049386413704602124,0.0330578512396694
7fbeea46da36de916d648bc0681b583bdfbb7aa25fdf2a0a820c5d85712323a0,2022,4360202,Matt,Valecce,QB,Colorado State,UAlbany,passing_yds,2022,0,0,0.5760099117356633,0.8181818181818182,0.33178741841772663,0.6694214876033059
2edd8271b901d4572166e3ca8be7cdc577d8457c8ddce3e954ddc0bf66ac771a,2022,4683311,Sam,Vidlak,QB,Oregon State,Boise State,passing_yds,2022,1,1,0.939619884877147,0.8181818181818182,0.0036457583022489835,0.0330578512396694
1338fd9e08389c99fc8109b29c647b7a860fe4ae9c4333707dd3f379d1d3aa7b,2022,4379400,Matthew,Downing,QB,TCU,Louisiana Tech,passing_yds,2022,1,1,0.9481269178765991,0.8181818181818182,0.002690816648981096,0.0330578512396694
d49d6dc610a6eff7a2d6a4dbeb26adde8eb69f2a36eff94d5ebbd0fd736b43e0,2022,4371730,Brady,McBride,QB,Texas State,App State,passing_yds,2022,1,1,0.9855996750394649,0.8181818181818182,0.00020736935896901068,0.0330578512396694
d0ecfedd45f0f5015b826989745c0bbbbd742c3f6bebf0e9966c8cf5a16cf4b0,2022,4684278,Jakolby,Longino,QB,UTEP,Lamar,passing_yds,2022,1,1,0.5760099117356633,0.8181818181818182,0.17976759494640004,0.0330578512396694
97b9b87d7f57768f50f64dc3dec256fbd9f4ae4529be59bafbe0a05373fec6c3,2022,4430686,Grant,Wells,QB,Marshall,Virginia Tech,passing_yds,2022,1,1,0.9995724434001159,0.8181818181818182,1.8280464610448484e-07,0.0330578512396694
7520b917f7fa8f99ee18a113158b5d3580535df0f191c07843300686eef6b5ab,2022,4429950,Knox,Kadum,QB,Virginia Tech,McNeese,passing_yds,2022,1,1,0.867892009866921,0.8181818181818182,0.017452521057001683,0.0330578512396694
b5437c7593506447d94ccd6bd8777b7849641e4c6c69f7fb4af6629a62f20e4e,2022,4239998,Hunter,Johnson,QB,Northwestern,Clemson,passing_yds,2022,1,1,0.9495058911386396,0.8181818181818182,0.002549655029702916,0.0330578512396694
afe2de3d7d50946d51183a16deeb7f48e5e1d6820c623e6a239b65cca30a340c,2022,4362260,Carter,Bradley,QB,Toledo,South Alabama,passing_yds,2022,1,1,0.9394956520335634,0.8181818181818182,0.0036607761228436356,0.0330578512396694
f86a4985f500efb17c2157628f42e493fc0816f270692a4fbb30455c6f0ed24d,2022,4361607,Andrew,Peasley,QB,Utah State,Wyoming,passing_yds,2022,1,1,0.6909098956123239,0.8181818181818182,0.09553669263038454,0.0330578512396694
acf332faf1c1a4fb2e6f67cb36dfce36fdb0b7e5ffb18bc652ab35905fa0febf,2022,4259219,Henry,Colombi,QB,Texas Tech,Marshall,passing_yds,2022,1,1,0.9815474421253908,0.8181818181818182,0.00034049689211580194,0.0330578512396694
22dfd68a200128eb17fc9f11759bec05748e3dfa9c055b38777233ae8471ba0b,2022,4427681,Nick,Kargman,QB,Western Michigan,Wagner,passing_yds,2022,1,1,0.2758194345419929,0.8181818181818182,0.524437491387079,0.0330578512396694
fa62c952568417a95603f392d62923307fa18dc716d93ec67707fc81883b9e1c,2022,4565892,Navy,Shuler,QB,App State,Tennessee,passing_yds,2022,0,1,0.5760099117356633,0.8181818181818182,0.33178741841772663,0.6694214876033059
40ab10d1d816549de02f488948c97cab8d983b55d75d971e60be0502a596b773,2022,4241222,Charlie,Brewer,QB,Utah,Liberty,passing_yds,2022,1,1,0.9505276422598044,0.8181818181818182,0.0024475141803738964,0.0330578512396694
9ba6e5cf49f0bec78087a90a62ba1a7b5ee4500178d553503544b338096daa06,2022,4360423,Michael,Penix Jr.,QB,Indiana,Washington,passing_yds,2022,1,1,0.971977704203784,0.8181818181818182,0.0007852490616906225,0.0330578512396694
19c0f3365b10a5c0406c30276f171066d32c8f4450f059b678f2ccdcc3dc506a,2022,4569535,Jacob,Clark,QB,Minnesota,Missouri State,passing_yds,2022,1,1,0.7711883320652303,0.8181818181818182,0.05235477938309132,0.0330578512396694
16744ef0ea77c205c8bd47067b9e4eee524d680a39917d0b3c63883f4fbe13ad,2022,4239714,Kyle,Vantrease,QB,Buffalo,Georgia Southern,passing_yds,2022,1,1,0.9816879612872862,0.8181818181818182,0.00033533076181592914,0.0330578512396694
9693e3362dc242c93685433e945193ec450f149e93b0d3b5e639bc4e10415525,2022,4426339,Spencer,Rattler,QB,Oklahoma,South Carolina,passing_yds,2022,1,1,0.9997648431066777,0.8181818181818182,5.529876447700459e-08,0.0330578512396694
a99080992011103534b58cda752a756351c88935b1295b24f155ac35bf245851,2022,4432242,JD,Head,QB,Louisiana Tech,North Texas,passing_yds,2022,0,0,0.9710336822467346,0.8181818181818182,0.9429064120576524,0.6694214876033059
68c477b117c75428c446895c3570d497e4950ce2dd2100343ae78221f1681f29,2022,4244804,Preston,Hutchinson,QB,Eastern Michigan,Chattanooga,passing_yds,2022,1,1,0.42322893934581624,0.8181818181818182,0.3326648564081522,0.0330578512396694
0b2e8d452219da91805947f81cb181ccdbc35c73519fecd42fde610db5dbfe53,2022,4360936,Zack,Annexstad,QB,Minnesota,Illinois State,passing_yds,2022,1,1,0.7777694582092683,0.8181818181818182,0.049386413704602124,0.0330578512396694
fb5f217666845796b870b9e5d6053c563a2fc9bb1fe492c17e6991d808443677,2022,4697623,Jayden,de Laura,QB,Washington State,Arizona,passing_yds,2022,1,1,0.9994578553809801,0.8181818181818182,2.939207879322467e-07,0.0330578512396694
bdfaffafb7a79ac4fff8f52377cd51d7c1ee60b5d7976550d60dc92821b49f8b,2022,4241193,Taylor,Powell,QB,Troy,Eastern Michigan,passing_yds,2022,1,1,0.9822777103717977,0.8181818181818182,0.0003140795496658877,0.0330578512396694
fb32a233229fac0a1df8fd934cc66bd8a89d21e99987c93658a60d07a12d2d86,2022,4360403,Gunnar,Holmberg,QB,Duke,Florida International,passing_yds,2022,1,1,0.9975459266806487,0.8181818181818182,6.022475856752026e-06,0.0330578512396694
c4e5a9379dd4b99c6be89fe4fa7401f364848d31ec693c0fcf8e5ce42a8c6ed4,2022,4426519,Boone,Abbott,QB,Hawai'i,Utah Tech,passing_yds,2022,1,1,0.5760099117356633,0.8181818181818182,0.17976759494640004,0.0330578512396694
c65925f12eb9bf9549497fed43af8a8572bf8ebad678865de9cbe44d92ea11fd,2022,4428890,Levi,Williams,QB,Wyoming,Utah State,passing_yds,2022,1,1,0.9998151726133782,0.8181818181818182,3.416116284546066e-08,0.0330578512396694
9392b64ca9e72ae541accea9e5a8defe20cef4854b9634b8daeca2566ffb5754,2022,4239793,Tyler,Johnston,QB,UAB,Towson,passing_yds,2022,0,0,0.9140428901852116,0.8181818181818182,0.8354744050981348,0.6694214876033059
a5f37673b417eba168e4ba4509984d75dc1f4a22dbfee2b6f29b5c2b97b0ec7e,2022,4426444,Connor,Bazelak,QB,Missouri,Indiana,passing_yds,2022,1,1,0.9996737981332691,0.8181818181818182,1.0640765785874681e-07,0.0330578512396694
a32768f080f7fb0eaa0a1852a353856dd0f1d9f63012b0e8e59033b5e43c87ef,2022,4361091,Jacob,Sirmon,QB,Central Michigan,Northern Colorado,passing_yds,2022,1,1,0.9632337216889542,0.8181818181818182,0.00135175922084528,0.0330578512396694
77b65fc0484fccc0a4bd76e13080ab0c2356a19a544aa2ad88506e1e764b27da,2022,4248558,Jason,Brown,QB,South Carolina,Virginia Tech,passing_yds,2022,1,1,0.96428596502156,0.8181818181818182,0.0012754922944412318,0.0330578512396694
6ff289019792fe31accd3c0c42f93b8377349acb420c5da3202c7fa1762e3e14,2022,4361182,Adrian,Martinez,QB,Nebraska,Kansas State,passing_yds,2022,1,1,0.9999920232768622,0.8181818181818182,6.362811201699452e-11,0.0330578512396694
af17ab48fe645fa11d32dacdab677fcb75c73471fd4aca4bb45d08ae604c10f7,2022,4426417,Jacob,Zeno,QB,Baylor,UAB,passing_yds,2022,1,1,0.6202438004194906,0.8181818181818182,0.14421477111983172,0.0330578512396694
408cb59224f698cebc7d6adae54d32e05d72bc6fae00bfa429bf8c2e53ff423d,2022,4685091,Jack,Miller,QB,Ohio State,Florida,passing_yds,2022,1,1,0.8616440956821593,0.8181818181818182,0.019142356259607498,0.0330578512396694
82804d7cc30e80c13269ca689993c541eb8c457c29550d96fef2874d747a1360,2022,4373934,Chevan,Cordeiro,QB,Hawai'i,San José State,passing_yds,2022,1,1,0.9989872902979638,0.8181818181818182,1.0255809405981517e-06,0.0330578512396694
e7efed9c927420ab25530bb70cabb75903015313c5e89cce140c5b4680462f47,2022,4917305,Cam'Ron,McCoy,QB,Cincinnati,Eastern Michigan,passing_yds,2022,0,1,0.2758194345419929,0.8181818181818182,0.07607636047106472,0.6694214876033059
7f48eb778ca1cd6d1d759ce1a4788f99a07eddbc09b8c5a3d22b329f241635be,2022,4565180,Peter,Costelli,QB,Utah,Troy,passing_yds,2022,0,0,0.9204927568931355,0.8181818181818182,0.847306915492725,0.6694214876033059
1a11c0728d789627b6d84e47847444833f1826756c41fccafbc2a59f39ccc925,2022,4570057,Cole,Snyder,QB,Rutgers,Buffalo,passing_yds,2022,1,1,0.9444925209100715,0.8181818181818182,0.0030810802349188473,0.0330578512396694
ee412fda86c674f178bd20c3f56af779475a934fa3eb476334bc7d4c2ec8ad93,2022,4429191,Deuce,Hogan,QB,Iowa,Kentucky,passing_yds,2022,1,1,0.9866455035299713,0.8181818181818182,0.00017834257596800987,0.0330578512396694
309766075604c0c487961ea5a10f11674a4561f89567483bcfebad09cfd1689d,2022,4362915,Gerry,Bohanon,QB,Baylor,South Florida,passing_yds,2022,1,1,0.9998291637727499,0.8181818181818182,2.918501654105299e-08,0.0330578512396694
5b176a1f8ffeea5c01f0131d31cd98136476463d7eeb00370575de55401f8581,2022,4430836,Chubba,Purdy,QB,Florida State,Nebraska,passing_yds,2022,1,1,0.9698521832358349,0.8181818181818182,0.0009088908556456751,0.0330578512396694
0d585ede8cc01d1360de058c95e5a3b6d4e610cb98596116b58240c705185aae,2022,4432690,Dematrius,Davis,QB,Auburn,Alabama State,passing_yds,2022,1,1,0.8086283721007963,0.8181818181818182,0.03662309996479128,0.0330578512396694
f328cc45e86f566d191ea6436cac14a10e42a34ab3301c7805a88d8cce178864,2022,4361222,Layne,Hatcher,QB,Arkansas State,Texas State,passing_yds,2022,1,1,0.9972180777344358,0.8181818181818182,7.739091491641706e-06,0.0330578512396694
d8972611a82fc5e933894acc324a99b37a988e4d9c71529f6d31eed448a09428,2022,4568336,Zach,Gibson,QB,Akron,Georgia Tech,passing_yds,2022,1,1,0.9898641046360117,0.8181818181818182,0.0001027363748297193,0.0330578512396694
7bd821c406248a44cf65b3f862a9b5e543384b80e3394dc59de98c3085fa82dc,2022,4691966,Maddox,Kopp,QB,Houston,Colorado,passing_yds,2022,1,1,0.7711883320652303,0.8181818181818182,0.05235477938309132,0.0330578512396694
b6a5ba3ac22f60196c8dc1668208da7f58fc0085e9495f73c1e97da72a6ba943,2022,4426847,Zach,Calzada,QB,Texas A&M,Auburn,passing_yds,2022,0,0,0.9963786294003362,0.8181818181818182,0.9927703731256925,0.6694214876033059
2b969e77f81e1b0d5cf2a2761842326e2d2329692928c5d0064bc125374d7027,2022,4428512,Kedon,Slovis,QB,USC,Pittsburgh,passing_yds,2022,1,1,0.9991402444441725,0.8181818181818182,7.391796157762753e-07,0.0330578512396694
b55f37fbf671599e2e587785e603d7e666b6ffc31b0d23f133317e04eaac4120,2022,4360056,Ben,Bryant,QB,Eastern Michigan,Cincinnati,passing_yds,2022,1,1,0.9968455856431806,0.8181818181818182,9.950329934508358e-06,0.0330578512396694
3cb121deec2a0fb2402cc7fffe4ff8cef4f9afe45d233333e7b52a17b33bfab5,2022,4429145,Harrison,Bailey,QB,Tennessee,UNLV,passing_yds,2022,1,1,0.894603414733737,0.8181818181818182,0.011108440185788658,0.0330578512396694
857508b3a4859316a89062faeef5e0bb9e4004a0a3c8765daa526f91e21cf28f,2022,4361493,Jack,Plummer,QB,Purdue,California,passing_yds,2022,1,1,0.9810382955638153,0.8181818181818182,0.0003595462351252274,0.0330578512396694
e87e1dfcd9995cccef7e11d04efe350563e88e5aaa0eac2d9b7279e56a015940,2022,4362073,Casey,Thompson,QB,Texas,Nebraska,passing_yds,2022,1,1,0.9996536558590509,0.8181818181818182,1.1995426396979753e-07,0.0330578512396694
1168ce040de8f29d60a99a191f8757e2a0052ec094403e907eac88dcb2b25607,2022,4427313,Ta'Quan,Roberson,QB,Penn State,UConn,passing_yds,2022,1,1,0.8704061697924088,0.8181818181818182,0.016794560827873974,0.0330578512396694
7135543dcafd540e7f6b6671dd3811e450775140650248ab4b8ac08e888e63f6,2022,4567102,Paul,Tyson,QB,Alabama,Arizona State,passing_yds,2022,0,0,0.8770470942120899,0.8181818181818182,0.7692116054658705,0.6694214876033059
9a539cb497a2489fd2352676019b8eafea41ac4a280ed9569a13f07bde75622c,2022,4361141,Cammon,Cooper,QB,Washington State,Hawai'i,passing_yds,2022,0,1,0.8904378238286552,0.8181818181818182,0.7928795181047112,0.6694214876033059
bafe6b1e48cb2f19cf81b9f7931af67dcf7a14ffaa02a80f12198aff8b4b3154,2022,4426430,Taisun,Phommachanh,QB,Clemson,Georgia Tech,passing_yds,2022,1,1,0.9363637587590893,0.8181818181818182,0.004049571199271386,0.0330578512396694
541bbf447ec07da01184e6be80a076b4ea6fcfbf30ad17e5ca325305229fc54e,2022,4685740,Max,Johnson,QB,LSU,Texas A&M,passing_yds,2022,1,1,0.9999180735099942,0.8181818181818182,6.71194976467432e-09,0.0330578512396694
feed29201efc54fdaaeb1a3a404e46005eaf3cf01ce27e010a5663f9b47435ce,2022,4608760,Ray,Rose,WR,East Carolina,Tennessee State,receiving_yds,2022,1,1,0.7285024463010225,0.8813559322033898,0.0737109216645292,0.014076414823326635
f494a16379c3f5164a18e033cc7493e3856f667703148bc624ddf78f01b478f6,2022,4576111,Mike,Evans,WR,Robert Morris,West Virginia,receiving_yds,2022,0,0,0.7996439903627139,0.8813559322033898,0.6394305113232042,0.7767882792301063
2e156e4a5305ecbdea02c7bb15a1dcaaada403dffa0c3d8aaf97b3d7919264b9,2022,4572454,Marcus,Washington,WR,Texas,Nebraska,receiving_yds,2022,1,1,0.9891827714357698,0.8813559322033898,0.0001170124338107972,0.014076414823326635
d5c3f74ee8a52ccb87049260c091e92c551937476f03fd92770918b6ae3b978e,2022,4687561,Cole,Harrity,WR,New Mexico State,Buffalo,receiving_yds,2022,1,1,0.9903581299332835,0.8813559322033898,9.296565838344293e-05,0.014076414823326635
c625dd7bf44edd64554ce6f82915d4ffd329641944523f1704704919085c0e29,2022,4363044,Jordan,Young,WR,Florida State,Florida Atlantic,receiving_yds,2022,1,1,0.9661164292741652,0.8813559322033898,0.0011480963651326497,0.014076414823326635
e97a05b8e6c922fd15b637a4e097f89b55f958cb475ea15cb0f0f29af32cc31a,2022,4433901,Corey,Rucker,WR,Arkansas State,South Carolina,receiving_yds,2022,1,1,0.32014486706745005,0.8813559322033898,0.46220300177473517,0.014076414823326635
2369e6eb5ff692c6f609022ba97fe5195b4e61d66256dc6c047b089d95635380,2022,4360818,Tyler,Harrell,WR,Louisville,Alabama,receiving_yds,2022,1,1,0.9570820208971691,0.8813559322033898,0.0018419529302710303,0.014076414823326635
00acd2ea427dc549ef7fe2f0556bef75cc244e9bac4b5d376f88720f4c90a648,2022,4428209,Ricky,Pearsall,WR,Arizona State,Florida,receiving_yds,2022,1,1,0.9545958073035554,0.8813559322033898,0.0020615407144158712,0.014076414823326635
51e0696c3cb015eeabc1d238fbb85a2c3faf3539f37b711ea5f3c7078b468b36,2022,4688757,Tyson,Thompson,WR,Houston Christian,Rice,receiving_yds,2022,0,1,0.9697300479135045,0.8813559322033898,0.9403763658263277,0.7767882792301063
212b5ded7ef7b18fdb6a690e50fcad6c4c2d91a6494680bc944bb454ec8bf860,2022,4581420,Lonyatta,Alexander,WR,Arizona State,Washington,receiving_yds,2022,1,1,0.8869495747267988,0.8813559322033898,0.012780398654451647,0.014076414823326635
1278b4b02ed98d9843d1504c7c01003a8bb91c3c0cfb100afade8b15faa13edd,2022,4259550,Matt,Landers,WR,Toledo,Arkansas,receiving_yds,2022,1,1,0.9793487489621672,0.8813559322033898,0.0004264741694275915,0.014076414823326635
ba5228b9369365c0454782a0cdc8d2d8995c475dc4459e373b471da8d7e204ee,2022,4567217,Ja'Varrius,Johnson,WR,Auburn,Auburn,receiving_yds,2022,1,1,0.7934620423479979,0.8813559322033898,0.042657927951060215,0.014076414823326635
fa0e1ddc42d1de703d80caf6ca00aea8b7900885de1e345fdb97e21e4e9b327f,2022,4360972,Sean,Ryan,WR,West Virginia,Rutgers,receiving_yds,2022,1,1,0.9590735893191625,0.8813559322033898,0.001674971091216567,0.014076414823326635
71981a9b31bc044214ca3dc4fe067b47a6407c0d57115dbcfbe5c64d303025ff,2022,4360278,Jaylon,Robinson,WR,UCF,Ole Miss,receiving_yds,2022,1,1,0.9817207594870402,0.8813559322033898,0.0003341306337306314,0.014076414823326635
a5ef71b60e8dc549590ce0528af09ed1953d13c9da04cc318013af3938110c1a,2022,4241225,RJ,Sneed,WR,Baylor,Colorado,receiving_yds,2022,1,1,0.9983065007751954,0.8813559322033898,2.8679396244136153e-06,0.014076414823326635
fe224e1e34f8b241e68674ae88c442a929a9791b83f8cc3c5a60d1bc97bc09c6,2022,4251136,Spencer,Curtis,WR,Oregon,Nevada,receiving_yds,2022,1,1,0.9309534387204164,0.8813559322033898,0.004767427624535299,0.014076414823326635
aea4f3ef0d98ed0b86571d7bf4f7cb57384e472ccc1f9afd4a8526d9e15e2a1d,2022,4247942,Isaiah,Winstead,WR,Toledo,East Carolina,receiving_yds,2022,1,1,0.99759514749343,0.8813559322033898,5.783315578355846e-06,0.014076414823326635
6739749784ea6fe53d62234365e4c2f6ac5d82be7520bd84a8d7cbc69c313f44,2022,4569372,Dalevon,Campbell,WR,Illinois,Nevada,receiving_yds,2022,1,1,0.9617512938130637,0.8813559322033898,0.0014629635249745808,0.014076414823326635
fa7c9f01149d6a721b85f8953533a2a8e8a787efa2df644413141a5c046e803b,2022,4430897,Alex,Adams,WR,LSU,Akron,receiving_yds,2022,1,1,0.9677810401920374,0.8813559322033898,0.0010380613711071115,0.014076414823326635
bd3c1a4a4a401241d5128de426f16b0b50730f885b53196534dfa46f5e97f19a,2022,4045293,Jonah,Morris,WR,Northern Colorado,Illinois,receiving_yds,2022,1,1,0.9597227424462162,0.8813559322033898,0.0016222574760538302,0.014076414823326635
2c056b3d11320fa5c5878c3c3ba9b082e4b0cef7690704f9f777058bece81398,2022,4373382,DeJuan,Ellis,WR,Maryland,Rhode Island,receiving_yds,2022,0,0,0.8204067122150849,0.8813559322033898,0.6730671734475651,0.7767882792301063
d32394c493fccffbb490f8ad0f4cbe911ac2a8e18ec0a6aa7c41b30e00546dc5,2022,4360233,Jacob,Copeland,WR,Florida,Maryland,receiving_yds,2022,1,1,0.9949373592672361,0.8813559322033898,2.5630331189039762e-05,0.014076414823326635
b5d4d3242bbeb68742627d6c7aa121b067c0f6a9be4b9a18c525d3dd14318e5e,2022,4431475,Latrell,Neville,WR,Nebraska,North Texas,receiving_yds,2022,0,0,0.8204067122150849,0.8813559322033898,0.6730671734475651,0.7767882792301063
606ac75bccd06d93e9b6e7a2a1bf971c7f2784a567025067a2781ba720cfdca7,2022,4247578,Hamze,Elzayat,WR,Fordham,Eastern Michigan,receiving_yds,2022,0,0,0.9889173484217425,0.8813559322033898,0.97795752200949,0.7767882792301063
6295b2f43c016aa26e8ae312ecf9c445b4a69b03b048102856c2e6d2c17b0211,2022,4875853,Cody,Jackson,WR,Oklahoma,Houston,receiving_yds,2022,0,0,0.9772819070681273,0.8813559322033898,0.9550799258827158,0.7767882792301063
ff9db3c72f2e161a037de4950d22188f6cccfdb96d9c49f4418239ae6efbcb6e,2022,4570190,Jake,Bailey,WR,Rice,SMU,receiving_yds,2022,1,1,0.9964917374582543,0.8813559322033898,1.2307906061816304e-05,0.014076414823326635
ddca9629ac3efc5c0340faf96b6d07f8ae745410ca0dc31387f7c3c2a8120206,2022,4686781,Brenden,Rice,WR,Colorado,USC,receiving_yds,2022,1,1,0.9845600500581859,0.8813559322033898,0.0002383920542057246,0.014076414823326635
c9308a3389682561661f2c201a97bbebabaeda01ab34da77ee548a369d2bdd3a,2022,4431219,Kyren,Lacy,WR,Louisiana,LSU,receiving_yds,2022,1,1,0.9413531169997064,0.8813559322033898,0.003439456885650131,0.014076414823326635
368385020262caca7c4f731ec354c730689feb5c82ae87dd280d10cafb256423,2022,4257188,Charlie,Jones,WR,Iowa,Purdue,receiving_yds,2022,1,1,0.992124742043134,0.8813559322033898,6.201968788718212e-05,0.014076414823326635
df134bd8920df0803348ad3b7ca3015ef82a87c7918b185cbd3edce4806f5bbc,2022,4688367,Robert,Ferrel,WR,Incarnate Word,Washington State,receiving_yds,2022,1,1,0.9352496805700764,0.8813559322033898,0.004192603866277142,0.014076414823326635
9aca948127703f24328b972e476b7220deec547af5b8717fa5716a27f50e9536,2022,4431618,Mario,Williams,WR,Oklahoma,USC,receiving_yds,2022,1,1,0.9859176022276659,0.8813559322033898,0.0001983139270182407,0.014076414823326635
2e57a9476b3d98dabee58438b411aa55709447d8db647bf84000b556e7ad57b2,2022,4428594,Melquan,Stovall,WR,Nevada,Colorado State,receiving_yds,2022,1,1,0.9990019693877923,0.8813559322033898,9.960651029037004e-07,0.014076414823326635
346e61a8fea0c67ed214f5d872d3d7e52a0036f9585214da529cc30c9ea9fa92,2022,4700703,Malachi,Burns,WR,Missouri Western State,Middle Tennessee,receiving_yds,2022,0,0,0.8204067122150849,0.8813559322033898,0.6730671734475651,0.7767882792301063
ba8b9567c9865e6d4dab369e50fa53d571779bcb122aa26f8d79b832b6d5cfc4,2022,4572906,AJ,Toney,WR,Samford,Middle Tennessee,receiving_yds,2022,1,1,0.8204067122150849,0.8813559322033898,0.03225374901739534,0.014076414823326635
6e4944682fbdf76cdb1f5b3fe09d38e95249dc0eae401bb9af30e34362f12e23,2022,4430654,Rico,Powers,WR,South Carolina,Jackson State,receiving_yds,2022,1,1,0.9488799440482028,0.8813559322033898,0.0026132601205148816,0.014076414823326635
66f03da444e7bed5853a4463628bc71411bc5bf57b1868ac054b3d32065240ff,2022,4430993,LV,Bunkley-Shelton,WR,Arizona State,Oklahoma,receiving_yds,2022,1,1,0.996469322725097,0.8813559322033898,1.2465682019516272e-05,0.014076414823326635
07706a9b8aeecf7e87f48ecc273b11042de58262e9e3a081da51a8164bc86fbb,2022,4692022,Javon,Baker,WR,Alabama,UCF,receiving_yds,2022,1,1,0.9767920637317148,0.8813559322033898,0.0005386083058327881,0.014076414823326635
a65c6e2b0d5feaeec28c9d3b720e143da24810d482ac0c2403e07a11e3b3e5bb,2022,4361915,Sam,Pinckney,WR,Georgia State,Coastal Carolina,receiving_yds,2022,1,1,0.9809663528372617,0.8813559322033898,0.000362279724315614,0.014076414823326635
164042d112bf278ef96b300e39829fcfe7b72dcc7c6404c755a20ee9429a0880,2022,4374180,Patrick,Ballard,WR,UNLV,Abilene Christian,receiving_yds,2022,1,1,0.8204067122150849,0.8813559322033898,0.03225374901739534,0.014076414823326635
2d88a04bd482f251f199e550406061e5a422750fc4b5b65dd73cf84575d8e401,2022,4249736,Kody,Case,WR,South Dakota,Illinois,receiving_yds,2022,0,1,0.9142185297120139,0.8813559322033898,0.8357955200687964,0.7767882792301063
76b7c3eace7618c115b6ec25dd3d5be15d8766b17e10c77801aa8ea4db892c47,2022,4243760,Tyler,Page,WR,SMU,App State,receiving_yds,2022,1,1,0.8204067122150849,0.8813559322033898,0.03225374901739534,0.014076414823326635
4f97113db3c62696abb32bf3a7cb85d0f6a666a26a8151e3b35cbc6a21f4fb8d,2022,4429205,Jordan,Addison,WR,Pittsburgh,USC,receiving_yds,2022,1,1,0.3087051042765242,0.8813559322033898,0.4778886328533313,0.014076414823326635
349674b6fad419b75569053a74b3b00d8e1f95252eb48c52d8a37c8da01a61be,2022,4241235,OrTre,Smith,WR,South Carolina,North Carolina Central,receiving_yds,2022,1,1,0.7857936680732017,0.8813559322033898,0.04588435263753368,0.014076414823326635
871df66057a23a03477e848002accd48addc18ff76fbbf9f8b68333818567552,2022,4430934,Zeriah,Beason,WR,Oregon State,Washington State,receiving_yds,2022,0,0,0.9873430812336402,0.8813559322033898,0.9748463600599387,0.7767882792301063
19d9bf67b3a0fbcb9138a0f2d08877175fb39a915af3374e8832e036b495e1b5,2022,4429054,Darin,Turner,WR,Arkansas,Alabama A&M,receiving_yds,2022,1,1,0.7285024463010225,0.8813559322033898,0.0737109216645292,0.014076414823326635
3d50b9511ac32124bad9bb1f9322ca70387e40f14021ea182309199e0817bec5,2022,4432236,Dajon,Harrison,WR,Texas,UConn,receiving_yds,2022,1,1,0.8204067122150849,0.8813559322033898,0.03225374901739534,0.014076414823326635
98c121899f35647b77745aaf728015a5c1750f7acd3a166d377d67d42c9b3aa7,2022,5092803,Trey,Adkins,WR,South Carolina,Mercer,receiving_yds,2022,1,1,0.7996439903627139,0.8813559322033898,0.04014253059777626,0.014076414823326635
dcae75fb881000b42023caaaff688731105f0861a3568c196b506a268fcc0e4b,2022,4261911,Monterio,Hunt,WR,Rutgers,Alcorn State,receiving_yds,2022,1,1,0.8204067122150849,0.8813559322033898,0.03225374901739534,0.014076414823326635
3e0661ac9211daa131806e9d2e64b0b7a3e18c6a445b32b09e8b3ac12f1bdde6,2022,4239938,CJ,Lewis,WR,Boston College,Bowling Green,receiving_yds,2022,1,1,0.9852265656071609,0.8813559322033898,0.00021825436375952026,0.014076414823326635
cf31566a8dac5addbebed0448f261ff47536fac823c51a1845329e8b371728cb,2022,4432534,Tyree,Saunders,WR,East Carolina,Alabama State,receiving_yds,2022,1,1,0.8204067122150849,0.8813559322033898,0.03225374901739534,0.014076414823326635
6d64b1d4418f305516c237df4014dbd11205ee1897e4a03a1ce20423f87f74e7,2022,4259197,Tarique,Milton,WR,Iowa State,Texas,receiving_yds,2022,1,1,0.9714060507537033,0.8813559322033898,0.0008176139334997892,0.014076414823326635
146a0aea67074e4126d53f5190139182686433bf75fe98f3177afb4c08a6270f,2022,4684939,Bryan,Robinson,WR,Florida State,Marshall,receiving_yds,2022,1,1,0.6138508573077067,0.8813559322033898,0.14911116040199307,0.014076414823326635
5134b46bd2fc835ca01642a95239380cb8acad9ed251cf13b99f828363ccc990,2022,4575218,Brice,Johnson,WR,Ole Miss,Houston,receiving_yds,2022,0,0,0.5772302146240831,0.8813559322033898,0.33319472067496503,0.7767882792301063
03eb2135e558da969ec990bd035d9f514c33363b44ba22fa1c77b3fbbddf75fb,2022,4428730,Peter,Udoibok,WR,Minnesota,Northern Iowa,receiving_yds,2022,0,0,0.8204067122150849,0.8813559322033898,0.6730671734475651,0.7767882792301063
1976c5085fd0e0ef7c186d872db7bfd88014d5a110b28584e40ae1be2c119be9,2022,4775197,Charles,Brown,WR,Montana State,Texas State,receiving_yds,2022,1,1,0.9266804602459641,0.8813559322033898,0.005375754909743655,0.014076414823326635
70d89ec32af10573be8b5c82627d6e36a6d53b9cb0b744467d46aef85d2abe8a,2022,4361412,Daniel,George,WR,Penn State,Akron,receiving_yds,2022,1,1,0.7285024463010225,0.8813559322033898,0.0737109216645292,0.014076414823326635
08ece4cc347b2ecf9ad43bd861885d6ffb0c014f4e51ee80abe795a0e1cc152b,2022,4875209,Andison,Coby,WR,Tennessee,Indiana,receiving_yds,2022,1,1,0.9650318580316073,0.8813559322033898,0.0012227709527216674,0.014076414823326635
1c2587031152ac34d4311c2ba483d512f22d131548059d3c16026104ba50f412,2022,4372541,Caleb,Chapman,WR,Texas A&M,Oregon,receiving_yds,2022,1,1,0.9865546895053778,0.8813559322033898,0.00018077637429679693,0.014076414823326635
1056ee1ac57f076524a8c537199aacdb82539da2ea8eac16c085a49a4f647cdc,2022,4361911,Cornelius,McCoy,WR,Georgia State,Eastern Kentucky,receiving_yds,2022,1,1,0.9773924366771262,0.8813559322033898,0.0005111019193977502,0.014076414823326635
68e31fa36af467f5aae6a267e874fda822493dd8e82c467aaa126aeedb516b4b,2022,4379405,Jaylen,Johnson,WR,Georgia,East Carolina,receiving_yds,2022,1,1,0.9655393936337295,0.8813559322033898,0.0011875333911310405,0.014076414823326635
b1450752750c1a84456d3c396f6fa7f385ff52e06c20b375976e864c4cc8f44d,2022,4428367,Tayvion,Robinson,WR,Virginia Tech,Kentucky,receiving_yds,2022,1,1,0.9875679446098693,0.8813559322033898,0.00015455600122327786,0.014076414823326635
e9d673ee47f07cb71634c6249242183d0f45c161499feae64bc0c8df7ca723b3,2022,4249576,Ezrah,Archie,WR,Monmouth,Georgia Southern,receiving_yds,2022,1,1,0.9519427831215146,0.8813559322033898,0.002309496094105783,0.014076414823326635
c77502e38591fe64f93b43fe5ba77120b2b3e1535fc4b6f9ea60c5e594ba9c36,2022,4567187,John David,White,WR,Arkansas,Central Arkansas,receiving_yds,2022,1,1,0.896100207132298,0.8813559322033898,0.010795166957951382,0.014076414823326635
f6239d93f239873a1eff3664ba564498f282db256cc4c892ebeef42fff63f4ea,2022,4873237,Kaedin,Robinson,WR,UCF,App State,receiving_yds,2022,1,1,0.45893155831709037,0.8813559322033898,0.29275505858517226,0.014076414823326635
e4367ab0ec33b7bba10f03ffed49f98d31565ce37f9e4bd4296cd0f855949d69,2022,4428892,Ethon,Williams,WR,Boston College,UConn,receiving_yds,2022,0,0,0.8204067122150849,0.8813559322033898,0.6730671734475651,0.7767882792301063
9ecb8e148014b1c2463d629529e7cb15de58fba6e74ce9835b3d23dbab1eb025,2022,4433882,Ahmirr,Robinson,WR,Rutgers,Texas State,receiving_yds,2022,0,0,0.8204067122150849,0.8813559322033898,0.6730671734475651,0.7767882792301063
5b67073bb307496db8646d5049c379bef7571abe2d516a2b29406f1dad3652de,2022,4689334,Malik,Heath,WR,Mississippi State,Ole Miss,receiving_yds,2022,1,1,0.9820008193101123,0.8813559322033898,0.0003239705055072265,0.014076414823326635
cd35a1bf239d1a06c27832dddeef33cf1606be112114b87e1381030e29f7aad7,2022,4240411,Sharod,Johnson,WR,Syracuse,Florida International,receiving_yds,2022,0,0,0.988505878653269,0.8813559322033898,0.9771438721320713,0.7767882792301063
c75e95cdf5ac198ac5aa72a37f416f03473a92eba0cb134594c7427dea143f93,2022,4432506,Sawyer,Racanelli,WR,Washington,Montana,receiving_yds,2022,0,0,0.8204067122150849,0.8813559322033898,0.6730671734475651,0.7767882792301063
8ffb76fa4d477cac7c2a8e500401380d8e62e4f04bf407b7c2fcb3e98d047bc0,2022,4693806,Dayton,Toney,WR,Hawai'i,Incarnate Word,receiving_yds,2022,1,1,0.7996439903627139,0.8813559322033898,0.04014253059777626,0.014076414823326635
30ead688ccbe35f655c53765c6c6685d6db704a9ba6fdca3f764b71129ecfa68,2022,4567244,Jadon,Jackson,WR,Ole Miss,Kansas State,receiving_yds,2022,1,1,0.9691593884862069,0.8813559322033898,0.0009511433185447098,0.014076414823326635
fc201da9f422779277e9a491950fde279838ad00488d175a6bb94d6346d9ca69,2022,4362785,Amir,Abdur-Rahman,WR,Vanderbilt,Ball State,receiving_yds,2022,1,1,0.9306323438677643,0.8813559322033898,0.0048118717172801004,0.014076414823326635
3c29a57b5b070007b3a1a17ebd35ea85077cc824620dca2ebfae30c91d77368e,2022,4426535,Theo,Wease,WR,Oklahoma,Oklahoma,receiving_yds,2022,1,1,0.8791077980060967,0.8813559322033898,0.014614924502934709,0.014076414823326635
deca7f0b6388a9d44f21baf3e8eeb0a732bcd7ec11ee59d62f1f4b720c140a2a,2022,4429033,Jermaine,Burton,WR,Georgia,Alabama,receiving_yds,2022,1,1,0.9912180988589405,0.8813559322033898,7.712178765134177e-05,0.014076414823326635
1636db9e297231e36151eb5e4c7d2853f992610d405644c0503f0489cd450d7b,2022,4257587,Jadan,Blue,WR,Temple,Virginia Tech,receiving_yds,2022,1,1,0.9930258888419149,0.8813559322033898,4.8638226445327175e-05,0.014076414823326635
c18455407ecb2f03ddd09204af80d860968478b21eecfd43c1bc5fc4d84d072d,2022,4241588,Elijah,Cooks,WR,Nevada,San José State,receiving_yds,2022,1,1,0.9232462977284884,0.8813559322033898,0.00589113081238384,0.014076414823326635
73311751aca381f97a2be38b21be3930a0116012f39b312f83a38a34ee02ac3b,2022,4363035,D'Marcus,Adams,WR,Florida Atlantic,Syracuse,receiving_yds,2022,1,1,0.9048931352513346,0.8813559322033898,0.009045315722320927,0.014076414823326635
2c9f4b64f5ef21cc8365ce48eb91d2f278b03e854c17a5113c0e78174e515535,2022,4567774,Agiye,Hall,WR,Alabama,Texas,receiving_yds,2022,1,1,0.9696239567800823,0.8813559322033898,0.0009227040016983089,0.014076414823326635
706f426230c00db13dafebc8decd1785d1b4b569ec0143bf4c186665fc782f1c,2022,4428692,Dino,Tomlin,WR,Maryland,Boston College,receiving_yds,2022,1,1,0.9719387973651924,0.8813559322033898,0.0007874310933117331,0.014076414823326635
5e2e6a7b412edfd5a1e2043e756bb69f131b2331a2e37e78571ca417e538888f,2022,4259984,Isaiah,Epps,WR,Kentucky,Tulsa,receiving_yds,2022,1,1,0.9876237558447444,0.8813559322033898,0.00015317141939049896,0.014076414823326635
cd082308cf07294ff513ed84cc0e2fe086a96438684a835cc504ce7e64bdf2d8,2022,4429207,Ajou,Ajou,WR,Clemson,South Florida,receiving_yds,2022,1,1,0.9903815345509949,0.8813559322033898,9.251487759370549e-05,0.014076414823326635
dc6735f1865178636a6b0f38b74cabfbcca4eb4e0ba8caaffcce701c4ed50533,2022,4244600,Sam,Crawford,WR,Tulsa,Rice,receiving_yds,2022,0,0,0.9922102457700445,0.8813559322033898,0.984481171811052,0.7767882792301063
d45036812d4481853c19cf4675ec52e63e55311e284be4d012741505ceca4f6a,2022,4249535,Donny,Navarro,WR,Illinois,Northwestern,receiving_yds,2022,1,1,0.9805675559384517,0.8813559322033898,0.0003776198822052044,0.014076414823326635
d00f2511686678b0549a5043a7d55446a94cb5e25b701794449bf566bfa19382,2022,4360407,Jarett,Garner,WR,Duke,East Carolina,receiving_yds,2022,1,1,0.9823286526694777,0.8813559322033898,0.0003122765164759589,0.014076414823326635
afc3f92da64e7858c09481b2d6cc188e09715b7ef951db456d0f1d7b76a207f3,2022,4372041,Brian,Cobbs,WR,Maryland,Utah State,receiving_yds,2022,1,1,0.9875952012905048,0.8813559322033898,0.00015387903102309327,0.014076414823326635
ca63ddea7d5cf14134f3ecabfe540332f6acb96fa93b02ee0b102d76e2da8968,2022,4430073,Devin,Chandler,WR,Wisconsin,Virginia,receiving_yds,2022,0,0,0.7983110522858844,0.8813559322033898,0.637300536201796,0.7767882792301063
a2fb0eb4d2767673ae1f2f8afffd12e394f22a8822141d5f29f402698b561e0e,2022,4371968,Miles,Marshall,WR,Indiana,Miami (OH),receiving_yds,2022,1,1,0.9892497793332132,0.8813559322033898,0.00011556724438460938,0.014076414823326635
e2fca4d22cbde46cdc19f0b6fe5e307363296de04311e41eb53fe9b3bf4735ed,2022,4393324,Isaiah,Esdale,WR,West Virginia,Rice,receiving_yds,2022,1,1,0.9929222831778536,0.8813559322033898,5.009407541449439e-05,0.014076414823326635
d8dd3ec70a6b277c911857234a449e348044b35baa84f19b009350eebb647a37,2022,4372716,Nikko,Remigio,WR,California,Fresno State,receiving_yds,2022,1,1,0.9836643013243856,0.8813559322033898,0.0002668550512204685,0.014076414823326635
2027fab648802bfc528a1bb75e483d22e111ae5bc7304ccb9702bc846accadf5,2022,4426481,Devonta,Lee,WR,LSU,Louisiana Tech,receiving_yds,2022,1,1,0.936070497062596,0.8813559322033898,0.004086981345823542,0.014076414823326635
a0393a6a3b5a5bd97723046e62cb6d51d9d1dbd851bdf18627b75bc24afe508e,2022,4875645,Donald,McKinney,WR,San José State,Western Illinois,receiving_yds,2022,1,1,0.8860660898850996,0.8813559322033898,0.012980935874070202,0.014076414823326635
a54b3fa5445c2950b638a13a85a4e9e8b43507a8ecddf010aa6b862a30ed1751,2022,4587977,Sam,Brown,WR,West Virginia,Houston,receiving_yds,2022,1,1,0.9661706419408264,0.8813559322033898,0.0011444254666957766,0.014076414823326635
416630b98c7e59aa8622b2639a756cffed649dd6a1c4cda6a1d29a1cb7692980,2022,4363113,Jamal,Bell,WR,Louisiana,Louisiana,receiving_yds,2022,1,1,0.9117811804611212,0.8813559322033898,0.00778256012083326,0.014076414823326635
4e4902c158935ee59a25cf1e2131f7498fd91c89de8b3097aeab1094a10cd805,2022,4880101,Tyrone,Howell,WR,Kansas State,UL Monroe,receiving_yds,2022,1,1,0.9452910920120623,0.8813559322033898,0.002993064613232634,0.014076414823326635
f177e1bce747abf9b4139ed61d8412379eef82073289bd6cccefb3bd394c3de7,2022,4872936,Tray,Pettway,WR,Massachusetts,Northern Arizona,receiving_yds,2022,0,0,0.9894966883281464,0.8813559322033898,0.9791036962123689,0.7767882792301063
cfa763a67e1df394836df4ad092dac28706083c61ace422f7b8308bfc5ede9c5,2022,4684701,Troy,Lewis,WR,East Carolina,James Madison,receiving_yds,2022,0,0,0.8204067122150849,0.8813559322033898,0.6730671734475651,0.7767882792301063
278d906c01aec112c7c4d2aa305d10da60579fdc81c9244a5357370ef8324893,2022,4429056,Kobe,Hudson,WR,Auburn,UCF,receiving_yds,2022,1,1,0.9781946064411197,0.8813559322033898,0.0004754751882576601,0.014076414823326635
a67ddd629fe9f16b437bf794f8f31b631d781fb6716e50efd66740de89941d9b,2022,4690070,Mitchell,Tinsley,WR,Western Kentucky,Penn State,receiving_yds,2022,1,1,0.9097191641961222,0.8813559322033898,0.008150629313446744,0.014076414823326635
a084315ea0a170df60c950ebc8421e14e11ec358ed6daa4a7b6040837ff4a2d1,2022,4243319,Terrell,Bynum,WR,Washington,USC,receiving_yds,2022,1,1,0.9700632068168608,0.8813559322033898,0.0008962115860900523,0.014076414823326635
45382c7768f5a732220be3e68a3cb090d9b46d8e2f4c13c3e14327fbe191b0bc,2022,4683227,Joseph,Manjack,WR,USC,Houston,receiving_yds,2022,1,1,0.9915313140759927,0.8813559322033898,7.171864127947922e-05,0.014076414823326635
317e695d081ced8aaa6d80ca8b129621f1190cece4b5a1d6ce1f03b671fa14ff,2022,4690073,Craig,Burt,WR,Western Kentucky,Western Kentucky,receiving_yds,2022,1,1,0.959666140874414,0.8813559322033898,0.0016268201919626137,0.014076414823326635
2df60fdab46603a98c84b3219de3430228b01f19326f4f36a561be4fad1d7f2b,2022,4240253,Jeremy,Singleton,WR,Houston,Georgia Southern,receiving_yds,2022,1,1,0.9180991046693092,0.8813559322033898,0.006707756655968767,0.014076414823326635
5bab56d456fa6bd0121c6baf4094009c07c92ad6aab6e83e4772c1793691e60d,2022,4427819,Justin,Lockhart,WR,Nevada,San José State,receiving_yds,2022,1,1,0.9873294606161028,0.8813559322033898,0.00016054256827888934,0.014076414823326635
1e7efe9839935177528097ddabd4845877b882b97fab4476fa6684873438d17b,2022,4362876,Demarcus,Gregory,WR,South Florida,Texas State,receiving_yds,2022,1,1,0.968414788682239,0.8813559322033898,0.0009976255739876203,0.014076414823326635
7bc9707007827e3013fe9eb391885e1e95149e3a1687c131ae8fde18c8add1b0,2022,4241959,C.J.,Hayes,WR,Michigan State,Syracuse,receiving_yds,2022,1,1,0.6138508573077067,0.8813559322033898,0.14911116040199307,0.014076414823326635
84e2a24916968f95a34bfe831e56e29d540474e30c19afc210e0e3b94acf3816,2022,4360225,Jehlani,Galloway,WR,Boston College,Western Michigan,receiving_yds,2022,1,1,0.9700724533999211,0.8813559322033898,0.0008956580454998942,0.014076414823326635
d55a02f5ebabf44d807ad11608cd23efc829096e61baa0a086e812760f85b4f2,2022,4428475,La'Vontae,Shenault,WR,Colorado,Alabama State,receiving_yds,2022,1,1,0.9202696394610302,0.8813559322033898,0.006356930391674106,0.014076414823326635
0445005399e79cc0204bff472f18891acd0d993a7fb64441dbb0dc794f09d012,2022,4575226,Andre,Crump,WR,San José State,UC Davis,receiving_yds,2022,0,0,0.8204067122150849,0.8813559322033898,0.6730671734475651,0.7767882792301063
5ccf4fbe32584ab97119168d705f199934a2bdcb01934821237daa2f42f92b17,2022,4361736,Joseph,Scates,WR,Iowa State,Memphis,receiving_yds,2022,1,1,0.9692911414234637,0.8813559322033898,0.0009430339950737051,0.014076414823326635
c3426036789c382611301e8c01877a12112862e7535e90e5efaca6c05092d6ef,2022,4575665,Jacob,Cowing,WR,UTEP,Arizona,receiving_yds,2022,1,1,0.9606683707616421,0.8813559322033898,0.0015469770585436475,0.014076414823326635
6ce409a818f84d53de7a45d3e3aaa27348b7d47cf4e6d07b4aded44320f7996f,2022,4367186,Chase,Cota,WR,UCLA,Oregon,receiving_yds,2022,1,1,0.9887323410154182,0.8813559322033898,0.00012696013899282738,0.014076414823326635
80d221066d7e5e63bf572d6fc6a751249a54ff4373402c908ed2394477fa8b8c,2022,4241931,Carlos,Carriere,WR,Maryland,Central Michigan,receiving_yds,2022,1,1,0.8689688211453569,0.8813559322033898,0.01716916983203747,0.014076414823326635
4312ab7b24a8a80852eea4f1b412f85dfbe29fb6bd05f6ea533dd54efe969475,2022,4360435,Jacolby,Hewitt,WR,Indiana,Florida International,receiving_yds,2022,1,1,0.9311340800329575,0.8813559322033898,0.004742514932907103,0.014076414823326635
698bd0805ba8300fc0337af958c0543b9eedcf4109d4e246a3ecc9541724914f,2022,4361593,Cornell,Hendrick,WR,Old Dominion,Elon,receiving_yds,2022,1,1,0.4638859266809158,0.8813559322033898,0.2874182996107803,0.014076414823326635
130c62e41b2b7eedc5b6c9a227b642a75d05bf973b2f0bf6ff19a9341e8e94a2,2022,4686104,Johnny,Wilson,WR,Arizona State,Florida State,receiving_yds,2022,1,1,0.9747447429124169,0.8813559322033898,0.0006378280105599184,0.014076414823326635
99e0b78dc182d27fa06c17bd9f4344506e367bcd3a2f6b9d85b815a99ea5fb58,2022,4687620,Jacobi,Moore,WR,Mississippi State,Ole Miss,receiving_yds,2022,0,0,0.8325533483993424,0.8813559322033898,0.6931450779309567,0.7767882792301063
b8cdc6966beb677ab6877b37c9790c7a99b304868669814d37f3fcbba65f9591,2022,4432215,Stephen,Gosnell,WR,North Carolina,Virginia Tech,receiving_yds,2022,1,1,0.9636089653217492,0.8813559322033898,0.0013243074049536507,0.014076414823326635
f864ea643f9fb0b996939f87ca612dc08eb4b85efbbfcbffb33c151085e4b4da,2022,4360405,Jake,Bobo,WR,Duke,UCLA,receiving_yds,2022,1,1,0.9995027431285605,0.8813559322033898,2.472643961938324e-07,0.014076414823326635
e59ac27f9abc861d9c6e0d4192db6701dcb527c49779d785862972ed99a6bc56,2022,5083887,Martin,Laham,WR,Massachusetts,Lehigh,receiving_yds,2022,0,0,0.7996439903627139,0.8813559322033898,0.6394305113232042,0.7767882792301063
d31f2feef97b6eaad6d92e0522c16daacab30dc0f8b4b15cf857772f92a7030f,2022,4578462,Odieu,Hilaire,WR,Alabama A&M,Bowling Green,receiving_yds,2022,1,1,0.7996439903627139,0.8813559322033898,0.04014253059777626,0.014076414823326635
de499996d4ab70df3e84d1ba370d614e35979afac1032a795db4ee1188c63b75,2022,4362109,Al'vonte,Woodard,WR,Texas,Sam Houston,receiving_yds,2022,1,1,0.7285024463010225,0.8813559322033898,0.0737109216645292,0.014076414823326635
da26ad2beec0c6d8407e85ffe929614e60d17fe52beab13ce7f26c80b402f821,2022,4426407,Trey,Palmer,WR,LSU,Nebraska,receiving_yds,2022,1,1,0.9946333671195101,0.8813559322033898,2.8800748473955166e-05,0.014076414823326635
a7bf9460c5542a50025dcc215fb8bd53c6b4d4b5052d8fe69c605f5bb1afc633,2022,4431277,Koy,Moore,WR,LSU,Auburn,receiving_yds,2022,1,1,0.9777078174613522,0.8813559322033898,0.0004969414023363957,0.014076414823326635
b40e2df1f2ee493d2112e82a4cbef119b66502ad1cb76849f31a5692fa2415ea,2022,4426337,Bru,McCoy,WR,USC,Tennessee,receiving_yds,2022,1,1,0.8791077980060967,0.8813559322033898,0.014614924502934709,0.014076414823326635
7ec20c1596b5468c524a4b3d4c7201b6c772560a044c0b4a3694fea125d52728,2022,4372045,Darryl,Jones,WR,Maryland,NC State,receiving_yds,2022,1,1,0.99532835285471,0.8813559322033898,2.1824287050096237e-05,0.014076414823326635
486117fd6bd48477944ff695b23787a6a6a9dd9f3cd923ef6d9c389be70f0e0a,2022,4570105,RaJae,Johnson,WR,UAB,Troy,receiving_yds,2022,1,1,0.9914687211190246,0.8813559322033898,7.278271934497652e-05,0.014076414823326635
006d6c430ccdb7bd4411afb234c08487317b3f0c51da47fe3f04f4751674b4d1,2022,4255986,Champ,Flemings,WR,Oregon State,Arkansas State,receiving_yds,2022,1,1,0.9579414438887836,0.8813559322033898,0.0017689221421603426,0.014076414823326635
ca479f76ae45af159f16c55afbf79190fe15a3e087c3a549136341b03acb380a,2022,4372769,Lawrence,Keys III,WR,Notre Dame,Tulane,receiving_yds,2022,1,1,0.6138508573077067,0.8813559322033898,0.14911116040199307,0.014076414823326635
c034e6d675022372b421dbd23ee20f3aa62018e04121736ecfce551a8f70d4be,2022,4258584,Jafar,Armstrong,WR,Illinois,Western Illinois,receiving_yds,2022,1,1,0.8204067122150849,0.8813559322033898,0.03225374901739534,0.014076414823326635
47bee2aad287c6bd1532179e7ba4175f40b65cdd3cc39185bee8c19718ef4ea4,2022,4426370,Jadon,Haselwood,WR,Oklahoma,Arkansas,receiving_yds,2022,1,1,0.972095953447839,0.8813559322033898,0.0007786358139851712,0.014076414823326635
e5c18e0e106eee770ff26cafd122a20a80ff798ccfc6f6956577b3bd572ba725,2022,4431466,Jordan,Watkins,WR,Louisville,Ole Miss,receiving_yds,2022,1,1,0.9959394067569391,0.8813559322033898,1.6488417485591435e-05,0.014076414823326635
9a4a955cbfc5f65d4c7ec5d50e2d2e7bcc532c35db67d05c82c7c0dde3ea0c6e,2022,4361589,Nigel,Fitzgerald,WR,Old Dominion,UConn,receiving_yds,2022,1,1,0.8853764865121175,0.8813559322033898,0.013138549844306773,0.014076414823326635
6c78a24deecf9c38995459fa2c6a91c483496baa4b66819a9d7e78afe49e4344,2022,4240506,Adonicas,Sanders,WR,Georgia Tech,Temple,receiving_yds,2022,1,1,0.968328124576654,0.8813559322033898,0.001003107692831951,0.014076414823326635
878b491bb0dc59390019c916a22e3b2f1c72d5fde4953f48c5511f1636dfbee8,2022,4372015,Xavier,Williams,WR,Alabama,Utah State,receiving_yds,2022,1,1,0.6663203491631307,0.8813559322033898,0.11134210938261505,0.014076414823326635
fd40297cc768f5a441b2c476c04dd82f9a4e11b0314b2f69653eb56c9c764b74,2022,4362301,Isiah,Cox,WR,Ohio,Alabama A&M,receiving_yds,2022,1,1,0.3621432721220262,0.8813559322033898,0.4068612052991956,0.014076414823326635
d827ec7de36b783a21dbe1d6af879f6b71c2a7a80a5cd388ccd5b97e5d603a59,2022,4360649,Dimitri,Stanley,WR,Colorado,Iowa State,receiving_yds,2022,1,1,0.9776279500673236,0.8813559322033898,0.0005005086181901655,0.014076414823326635
cc483418e2b3bcb3387c46cdfcbf1ef3c27712e6b7ba3b11291dd1f46fa865d2,2022,4240075,Justin,Marshall,WR,Louisville,Buffalo,receiving_yds,2022,1,1,0.9872199903723978,0.8813559322033898,0.00016332864608160425,0.014076414823326635
1994c16ec6abcecc34a2d64be5485a051de1aa7417565f90114183a4e6da4b4e,2022,4594319,Brady,Boyd,WR,Minnesota,Texas Tech,receiving_yds,2022,1,1,0.9548703345661551,0.8813559322033898,0.0020366867021707744,0.014076414823326635
835369bc10d52546ea6d2ede893c7497c20bf4dce1ce1a993a4198de8c443ec9,2022,4240906,Camron,Buckley,WR,Indiana,Jackson State,receiving_yds,2022,1,1,0.9258981193771134,0.8813559322033898,0.005491088711848534,0.014076414823326635
66ac7d3e6ba3f682731fbf91faa2c4bc62c0c676dc2456982e49af8c6cba4504,2022,4710344,Titus,Mokiao-Atimalala,WR,UCF,UCLA,receiving_yds,2022,1,1,0.98174278380356,0.8813559322033898,0.00033332594324355296,0.014076414823326635
dd56e10618182faf84dbd1315ec226fd9759c432024e2b087d480072e34f4b48,2022,4570239,Isaiah,Holiness,WR,San José State,Massachusetts,receiving_yds,2022,1,1,0.9090318651243218,0.8813559322033898,0.008275201562759587,0.014076414823326635
9f10b77aac5c0e3f5d8aad9e30746863e2e3b684bc26c178d486ecd99f4bec69,2022,4429867,Tyler,Hudson,WR,Central Arkansas,Louisville,receiving_yds,2022,1,1,0.9883397247158345,0.8813559322033898,0.00013596201970252005,0.014076414823326635
633f95b8b97bf1b440603d0ce562af88dd3bacb9abb3c8f46c192d5e82db3bb2,2022,4431479,Ricky,White,WR,Michigan State,UNLV,receiving_yds,2022,1,1,0.8204067122150849,0.8813559322033898,0.03225374901739534,0.014076414823326635
29ae482679ccfbb757dc26bb190b16b7bdf53149b913098ea6bb3eca9a38fada,2022,4361732,Shocky,Jacques-Louis,WR,Pittsburgh,Akron,receiving_yds,2022,1,1,0.9704364409446422,0.8813559322033898,0.0008740040240196276,0.014076414823326635
b630452ef1aff9c94c1be3bab9d3a6f9072be27dfadcc02b1056e88df330e17e,2022,4696686,Deuce,Spann,WR,Illinois,Florida State,receiving_yds,2022,1,1,0.7487726419013615,0.8813559322033898,0.06311518545722154,0.014076414823326635
b076e2e325f2e228057fe2b91c5b409b7f02e8d5c65532fd89a71bda5d23f0e9,2022,4684061,TJ,Lockley,WR,East Carolina,Jacksonville State,receiving_yds,2022,0,0,0.8204067122150849,0.8813559322033898,0.6730671734475651,0.7767882792301063
1472205303a85940744b4e1144745a0c5109ab8e9e4dcb8d85b92bd8453ce907,2022,4686767,Chris,Carpenter,WR,Colorado,UTSA,receiving_yds,2022,1,1,0.9811569155405914,0.8813559322033898,0.00035506183194440713,0.014076414823326635
de08fa4bf9ad2392e8ca347d2314bfd31beee0f847246fe7cb1e7f22b0ac0dcf,2022,4710855,Konata,Mumpfield,WR,Akron,Pittsburgh,receiving_yds,2022,1,1,0.9571873318377647,0.8813559322033898,0.0018329245551696742,0.014076414823326635
891fea8799fe157eff9fbe1927a80c300db8ab545423dbe9c5dc8fbe683a5a79,2022,4426533,Nnamdi,Adim-Madumere,WR,Minnesota,Central Arkansas,receiving_yds,2022,0,0,0.8204067122150849,0.8813559322033898,0.6730671734475651,0.7767882792301063
4f90174e7ef13e2602f6a5d8830735a49b92875db8632c7b6c0f8d9838a8f7af,2022,4430089,Michael,Mathison,WR,Akron,Western Kentucky,receiving_yds,2022,1,1,0.9931297959829419,0.8813559322033898,4.719970323600082e-05,0.014076414823326635
cd7a2846f3c101fdac272f3db10a71af153f95ef4e37bba59a08d57247f45dc6,2022,4247253,Caleb,Snead,WR,Campbell,Liberty,receiving_yds,2022,1,1,0.9335071209726633,0.8813559322033898,0.0044213029613440315,0.014076414823326635
3d3d358e28ce6c4f7765614124d193617e3c2461151cb9bd88d3798a5e9b1dc7,2022,4240176,Jaylen,Hall,WR,Western Michigan,Western Kentucky,receiving_yds,2022,1,1,0.9928163204842153,0.8813559322033898,5.1605251385504574e-05,0.014076414823326635
4aacd1d76283410c4016364c2b6797a6cb132505f3f63343d6151aba00f7dfdc,2022,4361952,Taj,Harris,WR,Syracuse,Rutgers,receiving_yds,2022,1,1,0.9967509463632258,0.8813559322033898,1.0556349534635595e-05,0.014076414823326635
d2e78cd821546edbb56ce372beb0b713447dd8852f6d726518b6f914809e0f18,2022,4035319,Kobay,White,WR,Boston College,Maine,receiving_yds,2022,1,1,0.8640168449716027,0.8813559322033898,0.018491418451477136,0.014076414823326635
fa238a0f8ac5ad1b97df31bfecbfcb2b450277d147e98c98ae87d1813a44c074,2022,4430175,Jaden,Mitchell,WR,Arizona,Texas State,receiving_yds,2022,0,0,0.8204067122150849,0.8813559322033898,0.6730671734475651,0.7767882792301063
9b7d46b05da40490f8e97b68c9616c2a8fefe0b0cb07e370b9c99a1198a4d656,2022,4687555,Isaiah,Garcia-Castaneda,WR,New Mexico State,Nebraska,receiving_yds,2022,1,1,0.993301433173661,0.8813559322033898,4.487079752692879e-05,0.014076414823326635
c3408d565afc89f86e2ba66cc84d9acba4c5fec06853463450cace284194a596,2022,4429255,Marquez,Bell,WR,Cincinnati,Old Dominion,receiving_yds,2022,1,1,0.8204067122150849,0.8813559322033898,0.03225374901739534,0.014076414823326635
79414b1c91ff1e658ff50fb12f18540de55d612b665332230192f227f79ef985,2022,4431001,Elijah,Canion,WR,Auburn,Purdue,receiving_yds,2022,0,0,0.9449828902095162,0.8813559322033898,0.8929926627887306,0.7767882792301063
d5d2b536ddfc30f2402045e020f969e51aef8ea1c121aec5dce4404bb54553e6,2022,4426570,Ezeriah,Anderson,WR,Iowa State,Campbell,receiving_yds,2022,1,1,0.8878893316079032,0.8813559322033898,0.012568801967322699,0.014076414823326635
b17787410e0658773b9c3f33d8d891a4317aaca9dbebf27fe343b2e1946fdb85,2022,4431468,Jordan,Mosley,WR,Northwestern,Mississippi State,receiving_yds,2022,1,1,0.9702188309186851,0.8813559322033898,0.0008869180318498663,0.014076414823326635
158ce8962e49e006dee5f79729f002c48ef97e59cb286701c58075d43e3ac7e6,2022,4696062,Antwane,Wells,WR,James Madison,South Carolina,receiving_yds,2022,1,1,0.8791077980060967,0.8813559322033898,0.014614924502934709,0.014076414823326635
40aed13c2d63b7cbfffbe034051dfdd74cb362df5f62b41805d33ae72ecc1362,2022,4428116,Isaiah,Neyor,WR,Wyoming,Texas,receiving_yds,2022,0,0,0.2787711996336827,0.8813559322033898,0.07771338174520256,0.7767882792301063
077188724aa8d816d6bda50925344f22d6743b440d6964706bf3097f0481190d,2022,4431415,Ian,Stewart,WR,Michigan State,Temple,receiving_yds,2022,1,1,0.9601570505447645,0.8813559322033898,0.001587460621292449,0.014076414823326635
ce6147354508f4996dd59e13838abe4a83f8af928358b78fb026dfd29e62d1a9,2022,4685769,Justin,Robinson,WR,Georgia,Mississippi State,receiving_yds,2022,1,1,0.9486898921915315,0.8813559322033898,0.0026327271633166554,0.014076414823326635
25b8865e28f4fb8a9c741ab3f49147986c6e9ffc328a6d436a7cdd0904fc9a76,2022,4431646,Keontez,Lewis,WR,UCLA,Wisconsin,receiving_yds,2022,1,1,0.8325533483993424,0.8813559322033898,0.02803838113227202,0.014076414823326635
901ca161c6ff5fc67bfa227607f07608544acf4c1ce9f2850530859c35e4125b,2022,4569452,Winston,Wright,WR,West Virginia,Florida State,receiving_yds,2022,0,0,0.9877010497533947,0.8813559322033898,0.9755533636839578,0.7767882792301063
86e8147cb01f8430687c47238b0979a21131f8560e5a193b8c57e8da04153dfe,2022,4427331,Khafre,Brown,WR,North Carolina,South Florida,receiving_yds,2022,1,1,0.07196484621917372,0.8813559322033898,0.8612492466530018,0.014076414823326635
abf73421b36c371a52c06eec50d38c07f97b3939332879913f77487ca3e0b110,2022,4426343,Frank,Ladson,WR,Clemson,Miami,receiving_yds,2022,1,1,0.9819293614641479,0.8813559322033898,0.00032654797709342337,0.014076414823326635
f11751cce4ac6ac23560f8057b2071601b4e93c4c6e532916204693c70209b55,2022,4373959,Nick,Mardner,WR,Hawai'i,Cincinnati,receiving_yds,2022,1,1,0.9964637709369548,0.8813559322033898,1.2504915986325405e-05,0.014076414823326635
e323d17e99ed8e23dc554015369a21f1f1237d3c69e8c4bfa219c619f9e9c449,2022,4432267,Joey,Hobert,WR,Washington State,Utah Tech,receiving_yds,2022,1,1,0.9871228701359306,0.8813559322033898,0.00016582047353610836,0.014076414823326635
6ad8bdee7f5be64f48bd962fbda8f30c7593b1948711c1747dbd8ce974e74346,2022,4429107,Dazalin,Worsham,WR,Miami,Auburn,receiving_yds,2022,1,1,0.8619871224636003,0.8813559322033898,0.019047554365877257,0.014076414823326635
4e096082fb45136fe7bb85f655816e1bfd57a72062e1cf2bf43108fcac0c9916,2022,4360462,Geordon,Porter,WR,Arizona State,New Mexico,receiving_yds,2022,1,1,0.30532983049450463,0.8813559322033898,0.4825666444007936,0.014076414823326635
cd1583f167aa9d6fe6da977a4ca1b865f75b5e80c1a62b3da530de00362dc48e,2022,4240676,Beau,Corrales,WR,North Carolina,SMU,receiving_yds,2022,1,1,0.8869495747267988,0.8813559322033898,0.012780398654451647,0.014076414823326635
521308f78b2ef1fb75971d85753ce2f52625ebbd1e80d0c2db25551fe90b189c,2022,4428490,Emery,Simmons,WR,North Carolina,Indiana,receiving_yds,2022,1,1,0.9616581929426546,0.8813559322033898,0.0014700941684226982,0.014076414823326635
a541b71cf2529af57bf5dc83b214646695ad34aa3bfccc28751c31705fe361fd,2022,4362503,Dee,Wiggins,WR,Miami,Louisville,receiving_yds,2022,1,1,0.9604755334056596,0.8813559322033898,0.0015621834595671296,0.014076414823326635
d6b31b2cbee182ef2ee7cc7d0081ea4a4ed5dc5f879bbb4ffc6494520ecac5b4,2022,4426410,Mycah,Pittman,WR,Oregon,Florida State,receiving_yds,2022,1,1,0.9965549116228896,0.8813559322033898,1.1868633926101439e-05,0.014076414823326635
5b351f0f1c6bb6febf16e72564160cc4b102fe3b9a9e623f00ebce582d7aa185,2022,4362794,Cam,Johnson,WR,Vanderbilt,Arizona State,receiving_yds,2022,1,1,0.9737815990440618,0.8813559322033898,0.0006874045486863407,0.014076414823326635
b7afe5adf69d307254d2e7516bf7ef7056b2684040085f09d5239ff13c9e5b20,2022,4362188,Sterling,Galban,WR,Texas Tech,Jacksonville State,receiving_yds,2022,1,1,0.8204067122150849,0.8813559322033898,0.03225374901739534,0.014076414823326635
3dc5158aacb5041ae658275846fe58951e8ce5c034859b72b91ec01c6ad09c1c,2022,4362499,Mark,Pope,WR,Miami,Jackson State,receiving_yds,2022,1,1,0.75909254192869,0.8813559322033898,0.05803640335437998,0.014076414823326635
966c8e7cf98ad7db1ab2ebb76cbc9d8ea22c204622687418518e8e0fe34868c2,2023,4433972,Latrell,McCutchin,DB,USC,Houston,defensive_tot,2023,0,0,0.9226144439483348,0.8936781609195402,0.851217412182095,0.7986606553045317
4ec298604e23814d4a031c92aa10d96c71546604b9b100dae7361ab681ed63e9,2023,4879296,Shamari,Simmons,DB,Austin Peay,Arizona State,defensive_tot,2023,1,1,0.971207523792634,0.8936781609195402,0.0008290066861517386,0.011304333465451184
04e3df11c315743245bf19ae77c34d9e3c4019fedccff9193002a5f12dd7ef49,2023,4568420,Anthony,Wilson,DB,Georgia Southern,West Virginia,defensive_tot,2023,1,1,0.9816594595597992,0.8936781609195402,0.0003363754236386423,0.011304333465451184
bff8c3a9b91b4d72641d7aa70f1606e6c32d28cc88979eb3353332b1cc908fce,2023,4682504,Demetrius,Hill,DB,Florida International,Illinois,defensive_tot,2023,0,0,0.947503174453285,0.8936781609195402,0.8977622655990523,0.7986606553045317
84b3fdf829b66a5324495fecc3b37713a93b7e9e93b09cdd9ccf044a860e931a,2023,4427905,DeJordan,Mask,DB,Texas State,UCF,defensive_tot,2023,1,1,0.9501770806975222,0.8936781609195402,0.002482323287821219,0.011304333465451184
28bb5b3e120a14ce15f4f3a8048f729b2842c2907beba708539f84652b77adb4,2023,4430158,Patrick,McMorris,DB,San Diego State,California,defensive_tot,2023,1,1,0.9798799429042356,0.8936781609195402,0.000404816697536818,0.011304333465451184
e4aa70f5eb82c4c658adcfdc76213c7e5ff8e5291dc3dd89dca21434c84f5135,2023,4595023,Jaylen,Johnson,DB,Ohio State,Memphis,defensive_tot,2023,1,1,0.9074780303951714,0.8936781609195402,0.00856031485955683,0.011304333465451184
9909214ee90e7f493d0c64694daf8f5a815f25f924fc5d51ae7be3a9360470f3,2023,4696821,Zy,Alexander,DB,SE Louisiana,LSU,defensive_tot,2023,1,1,0.970766332843262,0.8936781609195402,0.0008546072954309438,0.011304333465451184
d57124ab45795bbb1052cd86c5760b362115a5160b3ab7efdbf464abeb6641fd,2023,4585727,Cale,Sanders,DB,Fresno State,SMU,defensive_tot,2023,1,1,0.9789757830038089,0.8936781609195402,0.000442017700302929,0.011304333465451184
d324260241382e06b1968122042142fa7dcac5640a19d091f3f415656130b23f,2023,4700805,Mumu,Bin-Wahad,DB,West Virginia,UConn,defensive_tot,2023,1,1,0.8941598045948268,0.8936781609195402,0.011202146963405246,0.011304333465451184
c38484a502fb1983c6d704c5bdf908ddccdbbe095a91827e3481ec02b2b52073,2023,4686851,Charles,Amankwaa,DB,Akron,Rutgers,defensive_tot,2023,0,0,0.9520157775385859,0.8936781609195402,0.9063340406823983,0.7986606553045317
cd698cbf76e1c69eb8968452c2815486eeacc0617c3f22837344a6447a53d7db,2023,4696820,Jack,Henderson,DB,SE Louisiana,Minnesota,defensive_tot,2023,1,1,0.9411421049612483,0.8936781609195402,0.003464251808392714,0.011304333465451184
8d8066317067468107333fff033d40d494b805df547b08e5086253dd4b4a47ea,2023,4360977,DaeSean,Winston,DB,Temple,UAlbany,defensive_tot,2023,1,1,0.9308529805728151,0.8936781609195402,0.00478131029566349,0.011304333465451184
1887119535110d415cb59a270b0377ae9a4ac22ea730bc33658ef97c853941b1,2023,4604986,MJ,Daniels,DB,Ole Miss,Southern Miss,defensive_tot,2023,1,1,0.9113601932495807,0.8936781609195402,0.007857015340751674,0.011304333465451184
30c9416eca4c883fc1db5ecb9e53326e991fb790a0fc4ee2b1569c851171a7a0,2023,4572936,Aljareek,Malry,DB,VMI,Ball State,defensive_tot,2023,1,1,0.9078841712648371,0.8936781609195402,0.008485325903565861,0.011304333465451184
bdab9d54fb9c99ab90283c7b7b92f019b08e9ca61a3c09510c528420f8d6b22b,2023,4683468,Daniel,Edwards,DB,Illinois,Western Kentucky,defensive_tot,2023,0,0,0.806213452431806,0.8936781609195402,0.6499801308820119,0.7986606553045317
59d6eda228ede58187470a0ec88e0916a3b64a39feb5fb1773d6936130741924,2023,4576142,Talique,Allen,DB,Western Kentucky,Western Kentucky,defensive_tot,2023,1,1,0.9347302357015398,0.8936781609195402,0.004260142131576551,0.011304333465451184
acb05c1d6547518f6624b92f87852e561332fdef380f0b4bbcbc6db3d261641d,2023,5081058,Marcus,Washington,DB,Georgia,Louisville,defensive_tot,2023,0,0,0.9483821158799285,0.8936781609195402,0.8994286377208901,0.7986606553045317
fedace18dbdf15c292be192501db77f1de603a18a2c30af835c87f95a83999e7,2023,4689617,Cam'Ron,Dabney,DB,Kansas,Northern Illinois,defensive_tot,2023,1,1,0.8930280290378751,0.8936781609195402,0.011443002571521683,0.011304333465451184
ec055a30f6b4d312fa80164cbfa37749637c45de635eeaa879a6c51bd9f776d1,2023,4837460,Audavion,Collins,DB,Mississippi State,Penn State,defensive_tot,2023,1,1,0.806213452431806,0.8936781609195402,0.03755322601839992,0.011304333465451184
37c2faa45755da0f5655a8af814b38d13a66fe475449b2d612762cc889563925,2023,4683554,Darren,Barkins,DB,Oregon,Washington,defensive_tot,2023,1,1,0.9103360282027378,0.8936781609195402,0.008039627838460224,0.011304333465451184
00ba8ff3b26ee8e65059349c5bfd53320551a743a955f8c158d06f8b49f20805,2023,4691043,Nikko,Reed,DB,Colorado,Oregon,defensive_tot,2023,1,1,0.9876582063170637,0.8936781609195402,0.00015231987131216656,0.011304333465451184
6b6b3917f21b1bad60dc9a929f6cc7ae074f279fbbb226d26652024331e16d29,2023,4575559,Bralyn,Lux,DB,Fresno State,Texas Tech,defensive_tot,2023,1,1,0.9588277463381452,0.8936781609195402,0.0016951544715961193,0.011304333465451184
1936ace8239eebcdbabf5e239e946f0b53137a096b824c72620b9d9ae433c487,2023,4592550,Jantzen,Dunn,DB,Ohio State,Kentucky,defensive_tot,2023,1,1,0.8678732395297307,0.8936781609195402,0.01745748083236791,0.011304333465451184
17bda545c8755a1fa332abd60a7a839feb2b179cc2912bce9a0f71322c3ece76,2023,4429366,Derrick,Canteen,DB,Georgia Southern,Virginia Tech,defensive_tot,2023,1,1,0.9946756898005819,0.8936781609195402,2.8348279099628114e-05,0.011304333465451184
869ba1864c3a43de14cb609fac900e5bac7fd8d53cb4c36cf0effbecb06eeede,2023,4431199,Markevious,Brown,DB,Ole Miss,Purdue,defensive_tot,2023,1,1,0.9418565394473046,0.8936781609195402,0.0033806620050428424,0.011304333465451184
db04865e720cddadae8a7ec6f67f14064cd7b19bfc9dc85aed3f689b4875b01d,2023,4371483,John,Blunt Jr.,DB,Eastern Kentucky,Texas State,defensive_tot,2023,1,1,0.9206838866655368,0.8936781609195402,0.006291045834485411,0.011304333465451184
2bd1a3972692cb632e9fdbe4569fe5fda61d0b10e1fccbe73712b3e248fd73f0,2023,4596541,Jordan,Young,DB,Florida,Cincinnati,defensive_tot,2023,1,1,0.9341953198362895,0.8936781609195402,0.0043302559314482405,0.011304333465451184
309e60e9832fd53ee528bb21b715eb07f842b5727c7f0144cfdd02ba6b9a20b3,2023,4875882,AJ,Odums,DB,New Mexico,UTEP,defensive_tot,2023,1,1,0.9359564340759435,0.8936781609195402,0.0041015783362689665,0.011304333465451184
d6933350b14657abcabed8d692f559fb4b320703acb75f14c0d8f924f751257b,2023,4837203,Jeremiah,Wilson,DB,Syracuse,Syracuse,defensive_tot,2023,1,1,0.9166012660901613,0.8936781609195402,0.006955348817764071,0.011304333465451184
72bb09c5761dd88a2fcc36b60d3bf6ffb84b3aac4fc98cbb33da64cd7168cc68,2023,4426492,Noa,Pola-Gates,DB,Nebraska,New Mexico,defensive_tot,2023,1,1,0.8393860681476901,0.8936781609195402,0.02579683510505844,0.011304333465451184
9543be89009e523e92280e6c4ef20ae50c53299df50332d4d99da9b4c47878c6,2023,4695364,Tyler,Nelome,DB,Southeast Missouri State,Kansas State,defensive_tot,2023,0,0,0.7882950693677704,0.8936781609195402,0.6214091163895379,0.7986606553045317
5008b4bea134fbefbab8fccba11b0431039354e989da05357773553e88fd51f2,2023,4883053,Jordan,Buchanan,DB,Purdue,South Alabama,defensive_tot,2023,0,0,0.806213452431806,0.8936781609195402,0.6499801308820119,0.7986606553045317
76d0218644f13806003083fc78fb236ebcf1c4f9885164f3760b58df79bed1b0,2023,5088329,Al-Ma'hi,Ali,DB,Saint Francis (PA),Charlotte,defensive_tot,2023,1,1,0.806213452431806,0.8936781609195402,0.03755322601839992,0.011304333465451184
09b700407b4387d712aaa50bae9dabb73bb544748625e93750161d5b6baab93a,2023,4362353,Montre,Miller,DB,Kent State,West Virginia,defensive_tot,2023,1,1,0.9908021514733377,0.8936781609195402,8.460041751942344e-05,0.011304333465451184
41889790c710dba3e9268a5d05a35e94eb42aaf3847d23e1197b82a885d82ee7,2023,4833613,Joshua,Wiggins,DB,Colorado,Liberty,defensive_tot,2023,1,1,0.8918856144398521,0.8936781609195402,0.011688720365048307,0.011304333465451184
1566618c29da3dbca9cddfb5c006ae4db4c069e6e354a33e38cd0f377db4ae91,2023,4360154,Damel,Hickman,DB,East Carolina,Georgia Southern,defensive_tot,2023,1,1,0.9133782292248263,0.8936781609195402,0.007503331172226744,0.011304333465451184
d2090be5cb3f0298cf98acf8046ed37d5fcd3a5e68ba99e8d86bbd1b7947e65a,2023,4571463,Gavin,Pringle,DB,Bucknell,Georgia State,defensive_tot,2023,1,1,0.9342566408413393,0.8936781609195402,0.004322189273464655,0.011304333465451184
072c08d6a018478acdb460f5702b067d4f7cc40398ca0906e6aa43017b541190,2023,4362793,Dashaun,Jerkins,DB,Ole Miss,Massachusetts,defensive_tot,2023,1,1,0.901442858204842,0.8936781609195402,0.00971351019883087,0.011304333465451184
07e84b05cb68539d15a2b8f738609afbfe76845cb7ff27cfe0a350fbea4c1760,2023,4429290,Reggie,Bracy,DB,Iowa,Troy,defensive_tot,2023,0,0,0.8941598045948268,0.8936781609195402,0.7995217561530589,0.7986606553045317
483b3c39416bd6ff1da69f0ce9677afec8df389d9e69c31064ba2ea7248ec9a0,2023,4690792,Brian,Balom,DB,Miami,Miami,defensive_tot,2023,1,1,0.8916786784137073,0.8936781609195402,0.011733508710201042,0.011304333465451184
697afc82d3b54de95698e367c6d8c3241a470954d7fe9220ffaeba1645f0d8ed,2023,4364531,Tre,Weed,DB,Eastern Washington,Nevada,defensive_tot,2023,1,1,0.9069939546739719,0.8936781609195402,0.008650124467187189,0.011304333465451184
5627cb0b9ba8e6ce1c7f021f7045e3967b67f0307fe202ea49ac970bede845fc,2023,4683310,Omar,Daniels,DB,Kansas State,Georgia Tech,defensive_tot,2023,1,1,0.8916786784137073,0.8936781609195402,0.011733508710201042,0.011304333465451184
64263cb29e674b84ba72d12f023eb12d3b049102490144ae2bd70677fc99c0b6,2023,4715346,Simeon,Harris,DB,Colorado,Utah State,defensive_tot,2023,1,1,0.907657909228312,0.8936781609195402,0.008527061728086663,0.011304333465451184
9e188ec3102032585385a552711831c4b6d633ce57790b28c168361d32a32148,2023,4427509,Shawn,Holton,DB,Incarnate Word,Texas State,defensive_tot,2023,1,1,0.9202002647849733,0.8936781609195402,0.006367997740388372,0.011304333465451184
8494b22174fc49892c907688557b8d6cce6869ffa5648ddc8d8508d4d2928b16,2023,4568066,Dylan,Lawrence,DB,Mississippi State,Southern Miss,defensive_tot,2023,1,1,0.8934370179745198,0.8936781609195402,0.011355669138162817,0.011304333465451184
13ba4fade220c761dea43a75a6575b155d47cff24e584f716c872bddb34d6dd8,2023,4874632,Caleb,Coleman,DB,West Virginia,Texas State,defensive_tot,2023,1,1,0.8669732227512014,0.8936781609195402,0.01769612346520149,0.011304333465451184
b90297785cc70c265df37b1d662f7bf4ef8c8d304b5e3cccfa2b1566da6abc8b,2023,4426435,Jaden,Davis,DB,Oklahoma,Miami,defensive_tot,2023,1,1,0.9675992277458294,0.8936781609195402,0.001049810042666631,0.011304333465451184
f646dcf5c41a2b41fbd5d159f26f3cb93ce61b0b982be4742f5696f0871416d2,2023,4680601,Darius,Jackson,DB,Missouri,Texas State,defensive_tot,2023,0,0,0.9103360282027378,0.8936781609195402,0.8287116842439359,0.7986606553045317
e3129cf13c0066e546d8bde587f72595953e2fe0c1e7d0938ff8b823d4f0981f,2023,4612623,Prince,Green,DB,Illinois,Georgia Southern,defensive_tot,2023,1,1,0.806213452431806,0.8936781609195402,0.03755322601839992,0.011304333465451184
1dec343e7885b07f6ebaf2def27ea02c3b4ced9332b95f85cda83e650a35af75,2023,4684639,DD,Snyder,DB,Illinois,Ball State,defensive_tot,2023,1,1,0.806213452431806,0.8936781609195402,0.03755322601839992,0.011304333465451184
c60af855dcacd528406730ba77b9ba946cb33bee16f2b032b951585f7ad5ae25,2023,5095858,Brandon,Higgs,DB,East Carolina,Stony Brook,defensive_tot,2023,1,1,0.8678489559452104,0.8936781609195402,0.017463898444770944,0.011304333465451184
c92fc0e2d535749c2cafe539af389007dbb58d0d2a6351e10854e1f05a17b315,2023,4251117,Eddie,Heckard,DB,Weber State,BYU,defensive_tot,2023,1,1,0.9651569820421873,0.8936781609195402,0.0012140359004084618,0.011304333465451184
d1f22054a616a59215288f701ac36ed96cbeeeb03c8a410c9b2ffb8f64663078,2023,4568311,Jalen,Frazier,DB,NC State,UNLV,defensive_tot,2023,0,0,0.7904601962423277,0.8936781609195402,0.6248273218434591,0.7986606553045317
118ff4f612c4021be9e0d4a806b790992dd3a8504170f15f94efc1c42d8f8c5c,2023,4427429,Myles,Heard,DB,Stephen F. Austin,Louisiana Tech,defensive_tot,2023,1,1,0.8721301237135944,0.8936781609195402,0.01635070526150066,0.011304333465451184
e4678430d5260ecb370b3cfbcf6b0a1ce05fa4281665e83fa0851677d43acbdd,2023,4368802,Malik,Feaster,DB,Florida State,Memphis,defensive_tot,2023,1,1,0.8664778448400919,0.8936781609195402,0.01782816591854656,0.011304333465451184
7d59d0d9f9796dd2355c56fe0ab8630ac4fff801b940cf11ce4709cca5c7e0fb,2023,4700529,Marvin,Covington,DB,TCU,New Mexico,defensive_tot,2023,1,1,0.9073782737362908,0.8936781609195402,0.008578784176069486,0.011304333465451184
749bbace87c6e371ab8cfde6973a770409a52a7759b78b583ab90143434dcf20,2023,4426666,Myles,Bell,DB,UConn,Marshall,defensive_tot,2023,1,1,0.9085521126097507,0.8936781609195402,0.008362716108139724,0.011304333465451184
2f5c62a6aba211cebf3d3f405c4aaf4725e398991d0b610bf7a4db372f1fc941,2023,4431017,Mason,Chambers,DB,Iowa State,Incarnate Word,defensive_tot,2023,1,1,0.892240875969758,0.8936781609195402,0.011612028811765082,0.011304333465451184
e2258eab1bf0049a5a64184ba02f66744142aadd5149e5757e74c5a80bb69e59,2023,4575500,EJ,Jackson,DB,Marshall,App State,defensive_tot,2023,1,1,0.9372993102702504,0.8936781609195402,0.0039313764925863305,0.011304333465451184
e47ef279a069813718d61da7bf8661c515da2f5fce47ec84500f4b5279d3cf15,2023,4431208,JD,Coffey,DB,Texas,San Diego State,defensive_tot,2023,1,1,0.9142226087264718,0.8936781609195402,0.007357760853691958,0.011304333465451184
4d2cc4a43d4c6618e7e1cc7a4db028ae3c58f4f2f3e14249f77a4e8a4d48ed4a,2023,4360490,Dallas,Craddieth,DB,Iowa,Kent State,defensive_tot,2023,1,1,0.8916786784137073,0.8936781609195402,0.011733508710201042,0.011304333465451184
e2ffa635403f75639c4e9c7173d1fc8401262a90a62a069be5444da8ec4698ac,2023,4432681,Corey,Collier,DB,Florida,Nebraska,defensive_tot,2023,0,0,0.928554654025896,0.8936781609195402,0.8622137455131514,0.7986606553045317
6254acf90eb15de2eb6649a0430338adc760ceb3d5e7e32fe687843977f0dcab,2023,4373896,Shawn,Dourseau,DB,East Carolina,Northern Arizona,defensive_tot,2023,1,1,0.9331964060537882,0.8936781609195402,0.004462720164130349,0.011304333465451184
a68d04affedcdc1174fbfb9c528c89a2a4e2cecdfa956844778b9ec5504f8b0c,2023,4428950,Nate,Wyatt,DB,Temple,Old Dominion,defensive_tot,2023,0,0,0.8873525891042752,0.8936781609195402,0.7873946173900606,0.7986606553045317
09b07f473eed748c84bf96227e50b2cd3b4e61fefe2c731355f730e2ee53a1dc,2023,4427290,Keonte,Glinton,DB,Wyoming,New Mexico State,defensive_tot,2023,1,1,0.9561024948495318,0.8936781609195402,0.0019269909584353818,0.011304333465451184
51935fa953607a89776ead07ac88bf43a4b9696d85c3e220b87d3a976ab4b1ac,2023,4368081,Walter,Reynolds,DB,Holy Cross,Ohio,defensive_tot,2023,1,1,0.8916581100259977,0.8936781609195402,0.011737965123138818,0.011304333465451184
e35548b6a1733462db78ff185fd68d62e13f7df64ebb3e6573c04336e972c038,2023,4430974,Tyler,Bride,DB,Georgia Southern,Minnesota,defensive_tot,2023,1,1,0.9835047890286639,0.8936781609195402,0.000272091984988887,0.011304333465451184
adcec822aefd120bdf6b34ddf6031dc93ec21af3dfd575c6766ccb4591e83b14,2023,4708079,Dontae,Balfour,DB,North Carolina,Charlotte,defensive_tot,2023,1,1,0.8963917142665103,0.8936781609195402,0.01073467687263244,0.011304333465451184
d51870841cbdee36bc2366715cf24c0af83f53ae2394f4d7c1b8ffb2b3e864a1,2023,4429488,Fentrell,Cypress,DB,Virginia,Florida State,defensive_tot,2023,1,1,0.9970134507689207,0.8936781609195402,8.919476309660522e-06,0.011304333465451184
1d599960d2c5b2abcff340c5633ad96968bf2f890f585afd1eb4289859cb2a1c,2023,4688816,Tony,Grimes,DB,North Carolina,Texas A&M,defensive_tot,2023,0,0,0.9886342364337635,0.8936781609195402,0.9773976534489706,0.7986606553045317
7870338dde7945c96640b231271f2c1f2c76434143da017c46d8f84847fbbd7c,2023,4430594,Titus,Toler,DB,Wisconsin,Boise State,defensive_tot,2023,0,0,0.9110336656266659,0.8936781609195402,0.8299823399051597,0.7986606553045317
42318b4c500d97884cb40db1d38e624c73c9fff0710711572dacb743e65c0fd4,2023,4566165,J.J.,Roberts,DB,Wake Forest,Marshall,defensive_tot,2023,1,1,0.9720197331466208,0.8936781609195402,0.0007828953331863094,0.011304333465451184
230266dd48a3b5c978db84405ff8dfb392a161a5847227ff4fe0ac628ccdb776,2023,4690962,Ja'Had,Carter,DB,Syracuse,Ohio State,defensive_tot,2023,1,1,0.9798886257064833,0.8936781609195402,0.0004044673759739254,0.011304333465451184
0bc4d5eeb728c0b02e7ceb212641191db530a991cb41791d24e69925eae6a953,2023,4683180,Ronald,Wilson,DB,New Mexico,Incarnate Word,defensive_tot,2023,1,1,0.9531003444628164,0.8936781609195402,0.0021995776895064726,0.011304333465451184
3e333fd29abae8cf1be734740dd4bc447a24ba916806ec904dac3dc8ddb038f0,2023,4685525,Jaheim,Singletary,DB,Georgia,Arkansas,defensive_tot,2023,1,1,0.9036309090427145,0.8936781609195402,0.009287001691933569,0.011304333465451184
71dc9df6071a15ca10bcda76f3b98933978c694f181d2b1fab4402556c629e35,2023,4688366,Elliott,Davison,DB,Incarnate Word,UTSA,defensive_tot,2023,1,1,0.7809651730594489,0.8936781609195402,0.047976255412877165,0.011304333465451184
9165616bf2d8fd92a1e19c11a22e18128d88c3209afa4e0b822122ca22c2c644,2023,4576132,Andrew,Volmar,DB,Florida International,UL Monroe,defensive_tot,2023,1,1,0.9668244564504116,0.8936781609195402,0.0011006166898106368,0.011304333465451184
0f2856924e1385bb9f84db682cbef3362da57a87790312b94a9404be67801f78,2023,4429112,Jordan,Toles,DB,LSU,Morgan State,defensive_tot,2023,0,1,0.8393860681476901,0.8936781609195402,0.7045689714004387,0.7986606553045317
351b41d4aa1e1efe4367a70d7c71cb04ee57ecacfd6ea433deb85e34818e19f0,2023,4571849,TyGee,Leach,DB,Lehigh,Georgia State,defensive_tot,2023,1,1,0.8174561826731305,0.8936781609195402,0.03332224524426551,0.011304333465451184
d180b6ca1e71f3f6c52c9afe76b76e02dc8e494db3bffd5fbfef6636167a16cc,2023,4567148,Jalen,Catalon,DB,Arkansas,Texas,defensive_tot,2023,1,1,0.9473220690742528,0.8936781609195402,0.0027749644066177976,0.011304333465451184
063f7a6d55bac14c013fe83da552827ca692326c9af873038009f5b6116f62db,2023,4432440,Jabbar,Muhammad,DB,Oklahoma State,Washington,defensive_tot,2023,1,1,0.9915904409440119,0.8936781609195402,7.072068351615077e-05,0.011304333465451184
8d93aad806f7831443ad48b4fcb2b552141f080e15c348b643ff6ebe1d49e452,2023,4587723,Keuan,Parker,DB,Arkansas,Tulsa,defensive_tot,2023,1,1,0.8907324921519633,0.8936781609195402,0.01193938827132077,0.011304333465451184
49bb35668226ad48ff393234b432f490fc222752cbede6f203b224f5307b77d4,2023,4692520,Joshua,Eaton,DB,Oklahoma,Texas State,defensive_tot,2023,1,1,0.8393860681476901,0.8936781609195402,0.02579683510505844,0.011304333465451184
e73157288d3d711a1e8336e9804fefb3db5d535f32eaacab3057f692058da91f,2023,5157267,Abraham,Temoney III,DB,Erskine College,Coastal Carolina,defensive_tot,2023,1,1,0.7680824744016831,0.8936781609195402,0.05378573867964598,0.011304333465451184
725216941966faedfc095af30f7c5f397f54f48e3b74a58e75c0a6ca6066c266,2023,4568580,Roderick,Roberson Jr.,DB,SMU,Louisiana Tech,defensive_tot,2023,1,1,0.9092759607129138,0.8936781609195402,0.008230851304564754,0.011304333465451184
e4e152f0a9baf277f273c6b40ad6eff19157b157a48abb91f449beab6e1db663,2023,4430447,Josh,Sanguinetti,DB,Indiana,Indiana,defensive_tot,2023,1,1,0.9284737990377464,0.8936781609195402,0.005115997424092687,0.011304333465451184
c258e2bf74094ab743735147ab07a6d366c134db6161b7cdefcbf9c57562be27,2023,4685471,Sam,McCall,DB,Florida State,Texas A&M,defensive_tot,2023,1,1,0.958300709504732,0.8936781609195402,0.0017388308278087476,0.011304333465451184
a857a4ee03548a8782e422042ced29f80ee75e426cea3f75bdc6c8eb60ab50d0,2023,4431332,DJ,Harvey,DB,Virginia Tech,San José State,defensive_tot,2023,1,1,0.9234189373273933,0.8936781609195402,0.005864659160065711,0.011304333465451184
77778d3e852f08d9353369dfc3f93596a6e0b2c748cbee07a72c7da7657d7136,2023,4372464,Jarrett,Paul,DB,Kansas,App State,defensive_tot,2023,1,1,0.8941598045948268,0.8936781609195402,0.011202146963405246,0.011304333465451184
9e5b60d1ad1c4234ae2154b8798bcb01cf1ec5600ba50b31c4b87f36f039b763,2023,4693741,Kamar,Wilcoxson,DB,Florida,Temple,defensive_tot,2023,1,1,0.9127737568772925,0.8936781609195402,0.007608417489301686,0.011304333465451184
d4af1938cc85f3182e49dfebdfdb7f547dfee07288efcaa5d888a80883330aa1,2023,4612200,Kyndrich,Breedlove,DB,Ole Miss,Colorado,defensive_tot,2023,1,1,0.8577874391807349,0.8936781609195402,0.02022441245477319,0.011304333465451184
123bd7aedc22083e5ec5c5f7c4a68bf82a67c4d380bf3e09fd454b029a79c037,2023,4428728,Jaxen,Turner,DB,Arizona,UNLV,defensive_tot,2023,1,1,0.9576017576471303,0.8936781609195402,0.0017976109546126748,0.011304333465451184
d837170ad945037e06ece996e6ee32dca73c5c7e147eaddc0a7f8271a5ab98b1,2023,4682747,Jordan,Mukes,DB,Oklahoma,Abilene Christian,defensive_tot,2023,0,1,0.8393860681476901,0.8936781609195402,0.7045689714004387,0.7986606553045317
686815acff930a19732268d5f28624472619ef9b47c21677378b6ef690769097,2023,4832035,Davison,Igbinosun,DB,Ole Miss,Ohio State,defensive_tot,2023,1,1,0.9780345497952196,0.8936781609195402,0.0004824810026986854,0.011304333465451184
eee1083b840c42431562800f46d5115d58af07ba646b905eb8699235b61a5b4f,2023,4427103,Storm,Duck,DB,Penn State,Louisville,defensive_tot,2023,1,1,0.8678732395297307,0.8936781609195402,0.01745748083236791,0.011304333465451184
3644293d664576dcfee92b328fc46f815dc871aa72929e03c3ae47b96dc2e616,2023,4606632,Mikale,Greer,DB,San José State,Northern Arizona,defensive_tot,2023,1,1,0.806213452431806,0.8936781609195402,0.03755322601839992,0.011304333465451184
bcee0a9d61670523acf915221fea156b5b1f34693f063b259dab2db474f78610,2023,4690115,Davonte,Brown,DB,UCF,Miami,defensive_tot,2023,1,1,0.981428055519741,0.8936781609195402,0.000344917121777823,0.011304333465451184
65f84f3313faea2f82bae506b76f404c7121d97a0ee04aafc94ed9cb654c30e4,2023,4431107,Jalen,Glaze,DB,Minnesota,Florida A&M,defensive_tot,2023,0,1,0.894362562240753,0.8936781609195402,0.7998843927378447,0.7986606553045317
41f1013d55b2ecf37e8936f37e5080b3963414b221f788e4491efddea1f76497,2023,4426921,Dean,Clark,DB,Kent State,Fresno State,defensive_tot,2023,1,1,0.8965906907307039,0.8936781609195402,0.010693485243552937,0.011304333465451184
f5efc457919b4b70f891c771c0e0d60b97b249a9098b9fb9b0a1d5ce071e57a6,2023,4360165,Simeon,Blair,DB,Arkansas,Memphis,defensive_tot,2023,1,1,0.9618750545969886,0.8936781609195402,0.0014535114619825976,0.011304333465451184
8f9b4017599bc4b150ea144aec933b4a95db9ef77cd9326b39552e4a99ee117f,2023,4713212,Victor,Nelson Jr.,DB,LIU Post,Boston College,defensive_tot,2023,1,1,0.8678732395297307,0.8936781609195402,0.01745748083236791,0.011304333465451184
9cfabaf107e187f9a15937152032e8c65bff73a5626b93c559b6ed85b63c3aaf,2023,4372367,Kendarin,Ray,DB,Tulsa,Tulsa,defensive_tot,2023,1,1,0.9733563723059074,0.8936781609195402,0.0007098828967014162,0.011304333465451184
e0688a3a3418bf18d299f1bf410dbdf65c71fefdddaf752871110143f1e25878,2023,4427657,Demarco,Jones,DB,Oklahoma State,Tulsa,defensive_tot,2023,1,1,0.9126029471448281,0.8936781609195402,0.007638244847769702,0.011304333465451184
e30c3bf3d54a70880a8a8885ade6e2998b0eb7d9da5319d188e535e6862f535d,2023,4685217,TJ,Smith,DB,Kansas State,Georgia Southern,defensive_tot,2023,1,1,0.921951206225065,0.8936781609195402,0.006091614209722334,0.011304333465451184
4de37cf8dbb461a3de01f5822159c68090078e5c5899e7faae63483735661b48,2023,5151028,Justin,Brown,DB,Mississippi State,Georgia Tech,defensive_tot,2023,0,0,0.806213452431806,0.8936781609195402,0.6499801308820119,0.7986606553045317
9074faa96cc3271e2524a6fd07dee1fb9b2b48d4ef512dc756ea7fd001a90f49,2023,4685353,Jaeden,Gould,DB,Nebraska,Syracuse,defensive_tot,2023,1,1,0.8959473900600831,0.8936781609195402,0.010826945635308501,0.011304333465451184
e6de68e5b0ace86e91904a780a73a8660b8a30052affb578a05223c78b8d0ee1,2023,4692820,Joey,Hunter,DB,South Carolina,Akron,defensive_tot,2023,1,1,0.806213452431806,0.8936781609195402,0.03755322601839992,0.011304333465451184
781ec07d893038ec9d13e53c513a283554658be70809dd122061d45dbc53d843,2023,4685258,Tayvion,Beasley,DB,Colorado,San Diego State,defensive_tot,2023,0,0,0.8525079521833745,0.8936781609195402,0.7267698085358907,0.7986606553045317
0ae7a6d571c9f9ebbc04515375fe7f0539419c39f85854bc87804bfea1a0d644,2023,4823975,Avyonne,Jones,DB,Wisconsin,Coastal Carolina,defensive_tot,2023,1,1,0.8916786784137073,0.8936781609195402,0.011733508710201042,0.011304333465451184
ed196cf267544ce0dad34fb80261e099837e7881ddaf9ce2de4dc20564ced9b8,2023,4433887,Jahquez,Robinson,DB,Alabama,Colorado,defensive_tot,2023,1,1,0.9198006845372837,0.8936781609195402,0.006431930200688286,0.011304333465451184
07b2f8e2cd7db4985b9562a6521c0cb2f845ff0ec8681854b60c5537f71f6b06,2023,4685388,Denver,Harris,DB,Texas A&M,LSU,defensive_tot,2023,1,1,0.9833406529097106,0.8936781609195402,0.0002775338454747332,0.011304333465451184
703680c2df1c0865f410f62e7176173e2a2ad70aa5f473ff69cfd9936e1a2143,2023,4574689,Trey,Amos,DB,Louisiana,Alabama,defensive_tot,2023,1,1,0.9836113847257726,0.8936781609195402,0.00026858671060664007,0.011304333465451184
6333ba641c04bdf92fcf807cad15b200462f493b974e0fc4681e418c2966088b,2023,4685351,Tre'Quon,Fegans,DB,Alabama,USC,defensive_tot,2023,1,1,0.8959473900600831,0.8936781609195402,0.010826945635308501,0.011304333465451184
82da28f929313ba61143eff032e064c028b82f3e357f644e3d09d5a045b9732e,2023,4749403,Isaiah,Hamilton,DB,Texas Southern,Houston,defensive_tot,2023,1,1,0.9603152100626954,0.8936781609195402,0.0015748825523679941,0.011304333465451184
f55200fe617f1ec75e3c954b887017fe611b6d69236a022503dd7126171f7bac,2023,4569658,Duce,Chestnut,DB,Syracuse,LSU,defensive_tot,2023,1,1,0.9614370307208052,0.8936781609195402,0.0014871025996281205,0.011304333465451184
02d11115552f2e4062c73997995cd365ce89bed38abfafac2c0e492b996119c0,2023,5083142,Jayvion,Cole,DB,Cal Poly,San José State,defensive_tot,2023,1,1,0.9125888792961695,0.8936781609195402,0.007640704022699626,0.011304333465451184
6cf3393bdf488f0d8fe0fec4167c57d41b17fbd951dcb5594424ffc8148d093d,2023,4685534,Myles,Rowser,DB,Campbell,New Mexico State,defensive_tot,2023,1,1,0.9012681499193705,0.8936781609195402,0.009747978220343892,0.011304333465451184
ff75502cfdfef84a6ce87e4528107e74267af18ae7538865097ff5bda6e1a2b4,2023,4870863,Braxton,Myers,DB,Ole Miss,Purdue,defensive_tot,2023,0,0,0.8678732395297307,0.8936781609195402,0.7532039598918293,0.7986606553045317
7e8c0b25a916e6dcef0be1006968e673a87da9635f612cba41f162ea9e9abdef,2023,4566100,Kobee,Minor,DB,Texas Tech,Indiana,defensive_tot,2023,1,1,0.9483555915372726,0.8936781609195402,0.002667144925465034,0.011304333465451184
311dc3ddcdd99ca3eb1ad89f635943a2360a22bbb89e11cfe026b7044f12e0eb,2023,4567706,Omarion,Cooper,DB,Florida State,Colorado,defensive_tot,2023,1,1,0.92585664985105,0.8936781609195402,0.005497236371309807,0.011304333465451184
b6d3fdfdf2de708781dddb0e5ae982477faa998c1c21c72f0bf6686d269e10ab,2023,4429183,Vito,Tisdale,DB,Kentucky,Colorado,defensive_tot,2023,0,0,0.8629083363863361,0.8936781609195402,0.7446107970050342,0.7986606553045317
1044b14af3a15f77ec7e67c38f97c985882afafbdf2ae80d3072acb365662e67,2023,4430859,Lorando,Johnson,DB,Baylor,Arkansas,defensive_tot,2023,1,1,0.9718074716982934,0.8936781609195402,0.0007948186520425276,0.011304333465451184
69ebc190deb6664c4994234240aa76876a4f18a89ce7465334f15f762ef69693,2023,4601078,Derrick,Edwards,DB,Louisville,Louisville,defensive_tot,2023,1,1,0.806213452431806,0.8936781609195402,0.03755322601839992,0.011304333465451184
563a3422565c0d9928b19bc0eaf1794d92d1bc0b1eb39e783f5d7c48abab6397,2023,4910798,Xavier,Smith,DB,Colorado,Austin Peay,defensive_tot,2023,1,1,0.806213452431806,0.8936781609195402,0.03755322601839992,0.011304333465451184
8279e01ebf862eba10faa3f3a3c59fc5ee5bf61b942b98d6b996ca752d64f8d0,2023,4611517,Demarko,Williams,DB,Ole Miss,Ole Miss,defensive_tot,2023,1,1,0.8954818708035438,0.8936781609195402,0.01092403933072711,0.011304333465451184
b394eac91d43dcc52d03af6c11d539daeeb967beb2ebea88a132aa5d685685a8,2023,4695118,Jordan,Vincent,DB,Eastern Illinois,New Mexico State,defensive_tot,2023,1,1,0.9150993172537725,0.8936781609195402,0.0072081259307755765,0.011304333465451184
dfc34d2a8b895703fc5109a032b47959a5cc6990fc311f1d52e95901d564f29b,2023,5082935,Keyshawn,Cobb,DB,Buffalo,West Virginia,defensive_tot,2023,1,1,0.9832111779728929,0.8936781609195402,0.00028186454505787573,0.011304333465451184
258ffeae98a0c26b3e5e37e74cfe8d46fc3c4b1d356a082fdd61113fd50f7dd2,2023,4570448,Jaylon,Shelton,DB,West Virginia,Texas State,defensive_tot,2023,1,1,0.7680824744016831,0.8936781609195402,0.05378573867964598,0.011304333465451184
485c0712d902b2eb99ddb4b2fd7922b341e7a65777fd0b775502b9641de9fc3d,2023,4880747,Bobby,Salla,DB,Temple,Florida International,defensive_tot,2023,1,1,0.8676028422374917,0.8936781609195402,0.017529007383590502,0.011304333465451184
a35fbc11ed715b11a67502d94681027ccf9772646c6e71e1ed839d64fa5ae686,2023,4570046,Marquis,Wilson,DB,Penn State,Purdue,defensive_tot,2023,1,1,0.9398121308528438,0.8936781609195402,0.0036225795924752016,0.011304333465451184
6514134db2e66a486ad31d1b752c8f3ad7d8e6ec37c5cd58b52cf10ae8d91902,2023,4686027,Donovan,McMillon,DB,Florida,Pittsburgh,defensive_tot,2023,1,1,0.9488731204891075,0.8936781609195402,0.0026139578085213147,0.011304333465451184
9129991bc0d2e6a9825b3e2accd3bd9701e3e744ad10b02afd8b8ade089a5c32,2023,4570423,Jordan,Anderson,DB,Bowling Green,UCLA,defensive_tot,2023,1,1,0.9789365688500818,0.8936781609195402,0.0004436681318073424,0.011304333465451184
f6e02a56365a723c383594be0eeb22cc95de12fcd83950a4a45873f3b0c46e67,2023,4363417,Jaylen,Key,DB,UAB,Alabama,defensive_tot,2023,1,1,0.9714176438203744,0.8936781609195402,0.0008169510847789798,0.011304333465451184
3316d595e6b6c92e40f82746147d3c5219096f61b31b1108e8ce3793c8038e63,2023,4374351,Decorian,Patterson,DB,Middle Tennessee,UCF,defensive_tot,2023,1,1,0.9948163188024386,0.8936781609195402,2.6870550757951664e-05,0.011304333465451184
790039fe280020de59e3c1ea71c0218aa00e7cfec860a0abdc8b73190afba325,2023,4433858,Isaiah,McElvane,DB,San Diego State,Louisiana Tech,defensive_tot,2023,1,1,0.8952810099801531,0.8936781609195402,0.010966066870776786,0.011304333465451184
f7b1656c2b1173aaf6ea4a3f7a02fabf0f3786be5da66846bf8b03f870fc4fef,2023,4567529,Gabe,Jeudy-Lally,DB,BYU,Tennessee,defensive_tot,2023,1,1,0.9863240996691087,0.8936781609195402,0.00018703024986047216,0.011304333465451184
8a0f2344fb7eda35a62cfe4fe722b32e324faa4ff54dd67d2f07ca28d1e7f615,2023,4569323,Thomas,Harper,DB,Oklahoma State,Notre Dame,defensive_tot,2023,1,1,0.953550272785737,0.8936781609195402,0.002157577158279444,0.011304333465451184
15cdb813fb8fcff02b645b9a0295c5e84879e757f5006f8cb2934fbf1dcf7d52,2023,4567459,Juan,Powell,DB,East Carolina,Coastal Carolina,defensive_tot,2023,1,1,0.948537412071505,0.8936781609195402,0.00264839795629808,0.011304333465451184
5aec69e2075db98f1f8a07e7fc6480173683447ed6821d4388b16489551d3e4d,2023,5089172,Jadais,Richard,DB,Vanderbilt,Miami,defensive_tot,2023,1,1,0.9515526934112015,0.8936781609195402,0.0023471415157090363,0.011304333465451184
08eb06449f4df82edf060bee7ac11dda9caba4d5d51a6d6ab5f86e285e7ca9a5,2023,4877207,Dominic,Morris,DB,Furman,Colorado State,defensive_tot,2023,1,1,0.8769481871383502,0.8936781609195402,0.01514174864853848,0.011304333465451184
08f1c20c38b7119ecadb955a28308b7c9b204cf38f219b5da250ba3d187d674e,2023,4428246,Xavier,Player,DB,UTSA,Texas Southern,defensive_tot,2023,1,1,0.913547667276889,0.8936781609195402,0.0074740058332674955,0.011304333465451184
a779b93d7907e00e3841470efedf577649370e2af77b0a099fca2baf298723d0,2023,4428479,Ja'Quan,Sheppard,DB,Cincinnati,Maryland,defensive_tot,2023,1,1,0.9924915745738979,0.8936781609195402,5.637645237933625e-05,0.011304333465451184
ca57968cc20e6b81d26d7c7cb2a430f76f599f25cd0ce8504202920146c399b0,2023,5081803,JK,Johnson,DB,Ohio State,LSU,defensive_tot,2023,0,0,0.9488577560527929,0.8936781609195402,0.9003310412215414,0.7986606553045317
99ca0b03f57af9764ff4cb6b374561c89b6136a4012143cc0be4d8379db54582,2023,4692519,Kendall,Dennis,DB,Oklahoma,South Florida,defensive_tot,2023,1,1,0.9123372446767435,0.8936781609195402,0.0076847586708651385,0.011304333465451184
adacb5e2a8f58722fedd1558790467bb6e6d9b448007739ffb35abf99cc2f4f2,2023,4362149,Keyshawn,Paul,DB,Temple,Louisiana Tech,defensive_tot,2023,1,1,0.8928230168813426,0.8936781609195402,0.011486905710416977,0.011304333465451184
48b59904db648d313d4cd3ece3cc8ac885e1d76895572e940f82852986f03d62,2023,4565175,Marcus,Sheppard,DB,Bowling Green,North Dakota State,defensive_tot,2023,0,1,0.806213452431806,0.8936781609195402,0.6499801308820119,0.7986606553045317
d9b215095d65280acc7234107736df3ba5860e6dfe5687c63883e35e6798e735,2023,4570144,Kaleb,Ford-Dement,DB,Washington State,Texas State,defensive_tot,2023,1,1,0.7680824744016831,0.8936781609195402,0.05378573867964598,0.011304333465451184
3547e26d1c322975eb6c534f96111d298ab61e3d033add9de4aeb81a1a2b43e6,2023,4610705,Nohl,Williams,DB,UNLV,California,defensive_tot,2023,1,1,0.9872818229137468,0.8936781609195402,0.00016175202839729654,0.011304333465451184
3a2e3df777af9fde97371e41faa69e79a4a1b533afb2bd6007e98d27493a7b6d,2023,4372413,Miles,Battle,DB,Ole Miss,Utah,defensive_tot,2023,1,1,0.9789535991977614,0.8936781609195402,0.00044295098672847086,0.011304333465451184
5816b5b5588df0077b8e8fd4a60b37ece9d03bd12559a046f714e5b118d715ab,2023,4690873,Alfahiym,Walcott,DB,Baylor,Arkansas,defensive_tot,2023,1,1,0.976150820554877,0.8936781609195402,0.000568783360205677,0.011304333465451184
9bbc1ae0165b85d3193043a8868207b9a4b86ce1c3174c2952d97df81abf082e,2023,4433895,Eric,Rogers,DB,Northern Illinois,Rutgers,defensive_tot,2023,1,1,0.9662904966948664,0.8936781609195402,0.0011363306130788104,0.011304333465451184
55879fcd95bd48b48c99ca89fa6ba3444219d59da7f0b6a41a115f5e6a1a0296,2023,4372757,Derrik,Allen,DB,Georgia Tech,North Carolina,defensive_tot,2023,1,1,0.9440976085060929,0.8936781609195402,0.0031250773747380544,0.011304333465451184
8c3ce016b937bc029f139dc719ba7b0ee2b1176b2e3ef31ddc765fe50dbac17c,2023,4361827,Kanion,Williams,DB,Oklahoma State,Tulsa,defensive_tot,2023,1,1,0.8963917142665103,0.8936781609195402,0.01073467687263244,0.011304333465451184
2f4afc5a290108e77f9bc0f05bc8090cd75ed073f2dc342df6882b66bea27017,2023,4360381,Ron,Hardge III,DB,Oregon State,Colorado State,defensive_tot,2023,1,1,0.8952810099801531,0.8936781609195402,0.010966066870776786,0.011304333465451184
f69b7a04dfb004923aaeaaa06ae1f545e2e2fa365a7e13048994b0e9506b0358,2023,4690797,Avantae,Williams,DB,Miami,Maryland,defensive_tot,2023,1,1,0.9483926408201006,0.8936781609195402,0.002663319521523152,0.011304333465451184
58a6bafdf230a0c7806d937ae13c5f982526ee7b5b03a53498e21c038f89a73c,2023,4567456,Malik,Fleming,DB,East Carolina,Houston,defensive_tot,2023,1,1,0.9835270924292603,0.8936781609195402,0.0002713566838341338,0.011304333465451184
070f2b726852166f69ecfdb097e86ee659e0481bb9caac1d56d2f121ae77891c,2023,4429156,Myles,Slusher,DB,Arkansas,Colorado,defensive_tot,2023,1,1,0.9409608509845326,0.8936781609195402,0.003485621116470561,0.011304333465451184
f52326055620ac763904b32d22c9c241e9b1066fb114652a03a7efc895182e2a,2023,4431405,Tysheem,Johnson,DB,Ole Miss,Oregon,defensive_tot,2023,1,1,0.9605392148090697,0.8936781609195402,0.001557153567884746,0.011304333465451184
b8305951e822755cd2491d7a9445503ef0f2af7e83a4dfbe51b571ada20c0768,2023,4428727,George,Udo,DB,BYU,Cincinnati,defensive_tot,2023,1,1,0.9090007338472366,0.8936781609195402,0.008280866440341476,0.011304333465451184
7c8a4072a16b84b0495f2725955e17846c9fd76e284f677237c2d7ac6291b582,2023,4581416,Kaleb,Culp,DB,Incarnate Word,Texas State,defensive_tot,2023,1,1,0.8923293435397476,0.8936781609195402,0.011592970262581697,0.011304333465451184
37c91aaf86667997784cf2974829a73da41cd21e0a18c36a6f8703fd9e041f17,2023,4683926,Tyrell,Raby,DB,Memphis,Middle Tennessee,defensive_tot,2023,1,1,0.806213452431806,0.8936781609195402,0.03755322601839992,0.011304333465451184
f730db178eb02dc9740a9a88f713855b869f3eb300f9257e47e280680ef734a6,2023,4602900,Zakhari,Spears,DB,Washington,UConn,defensive_tot,2023,1,1,0.806213452431806,0.8936781609195402,0.03755322601839992,0.011304333465451184
36cde26bb288923ca137fe2f13f5a26bbe6d9117a16a705cf4ff1e29a8664c0a,2023,4432272,Gavin,Holmes,DB,Wake Forest,Texas,defensive_tot,2023,1,1,0.991480950653354,0.8936781609195402,7.257420177059043e-05,0.011304333465451184
ca1822bc72cd43bac9ebbf52747b933b018197b95b7fb85081d1f99bd1d9d19e,2023,4577494,Alijah,Huzzie,DB,East Tennessee State,North Carolina,defensive_tot,2023,1,1,0.9658073558984557,0.8936781609195402,0.0011691369106548739,0.011304333465451184
c96462a89d36bf590142b7bb291d8d7d2a0dab1eff92aee52ee15b4aea2e3b2e,2023,4360591,Zamari,Walton,DB,Georgia Tech,Ole Miss,defensive_tot,2023,1,1,0.9834959068831043,0.8936781609195402,0.00027238508961116445,0.011304333465451184
8a2dcddb2803550632f1d4ce9b3003148cffd12d3d503640fa8ef4759f60f9d6,2023,4361986,Armani,Chatman,DB,Virginia Tech,North Carolina,defensive_tot,2023,1,1,0.9766542285189572,0.8936781609195402,0.0005450250460450702,0.011304333465451184
917151e5e1b9ddcacd54d2534159c470074dc89ba8095e0e0219e7a295a2ad69,2023,4880312,D'Arco,Perkins-McAllister,DB,TCU,New Mexico,defensive_tot,2023,0,0,0.9266315456760278,0.8936781609195402,0.8586460214419444,0.7986606553045317
b6a92159f48e26f33ce682e7efa24de3fe37c87407e94c75846716faf816ce27,2023,4428863,Evan,Williams,DB,Fresno State,Oregon,defensive_tot,2023,1,1,0.9796843302530929,0.8936781609195402,0.00041272643726539753,0.011304333465451184
2834c419f787b9d4a8d2973de2ec565525cda60b1323769e50bafb00d76165ad,2023,4368113,Charles,Woods,DB,West Virginia,SMU,defensive_tot,2023,1,1,0.9331499978235309,0.8936781609195402,0.004468922790993921,0.011304333465451184
8234390a1b2dd0bed3e374a16d2fa98dbdeae0da00649680bfbd989ecbb0c2f7,2023,4688806,Khyree,Jackson,DB,Alabama,Oregon,defensive_tot,2023,1,1,0.9284975184298107,0.8936781609195402,0.005112604870695267,0.011304333465451184
342e3560a77d986213c12da0ce69add5ae88244a5b32df6dc9a3cd153858b761,2023,4431292,Devin,Neal,DB,Baylor,Louisville,defensive_tot,2023,1,1,0.9505247759683124,0.8936781609195402,0.0024477977929856765,0.011304333465451184
d0b21a33fee0fabd4c8290750cf4901a0ac0515315b856ed87736b992a415621,2023,5093714,Rodrick,Ward,DB,Southern Utah,Colorado,defensive_tot,2023,1,1,0.9534581640179565,0.8936781609195402,0.0021661424965794423,0.011304333465451184
01b8d42bb0b32dc581674eddf547d61abfe6292fe5ac45f1bc8d8fab0edeed91,2023,4361558,Reggie,Pearson Jr.,DB,Texas Tech,Oklahoma,defensive_tot,2023,1,1,0.9807577518442391,0.8936781609195402,0.00037026411408788457,0.011304333465451184
7939a138ff6125f3b0b57193403d7e17b0d32a3bfbb05fa73322bcf5c95e368a,2023,4573450,Antonio,Carter II,DB,Rhode Island,Notre Dame,defensive_tot,2023,1,1,0.9359544451382803,0.8936781609195402,0.004101833097545548,0.011304333465451184
91bd83817da15589415b6e70b36dfb16a37c9ebb19e436df90d87ba8c3d67e0d,2023,4690010,JoJo,Evans,DB,Kent State,Florida International,defensive_tot,2023,1,1,0.944821034349746,0.8936781609195402,0.0030447182502319156,0.011304333465451184
18c770c057dd2aac989f89fa7f9714e4923d37f84b1f11f9a108ba1ba05f5a17,2023,4362672,Jarron,Morris,DB,Texas State,Florida Atlantic,defensive_tot,2023,1,1,0.9231001188035524,0.8936781609195402,0.0059135917280277615,0.011304333465451184
213997d6a8c96a2f7e634f80e78c5de79797f85be040b221ba757ef04253432a,2023,4426579,Armauni,Archie,DB,Washington State,UConn,defensive_tot,2023,1,1,0.9000479795332514,0.8936781609195402,0.009990406395385322,0.011304333465451184
4bc7a1bc84401be43dccc58237c935047817e059558ee6d06dbbb4cbbe2cd438,2023,4427059,Josh,DeBerry,DB,Boston College,Texas A&M,defensive_tot,2023,1,1,0.9776361032214963,0.8936781609195402,0.0005001438791195681,0.011304333465451184
4853b15e39a9722da1e56b97a8bff95dd9adc7a9ec5db8611cf42bdc3092b776,2023,4429921,Avery,Helm,DB,Florida,TCU,defensive_tot,2023,1,1,0.9554520587477532,0.8936781609195402,0.0019845190698136333,0.011304333465451184
281c1b22c6524e81a18fc8825855948317f8b1869e75efbfebb77a33059fe65c,2023,4571372,Alex,Washington,DB,Harvard,Boston College,defensive_tot,2023,1,1,0.8782115817222379,0.8936781609195402,0.014832418826599138,0.011304333465451184
4155436363cdb3d0ca8410b0657d230b3e1a70f2af0b0f2992e1d25b77518914,2023,4685493,Trevell,Mullen,DB,Indiana,James Madison,defensive_tot,2023,0,0,0.8629083363863361,0.8936781609195402,0.7446107970050342,0.7986606553045317
fedcf5f9fc3cc31acfd0a2a11b26c91ba60788e8ba7deb775c8cc860b81b3b4e,2023,4832028,Jayden,Bellamy,DB,Notre Dame,Syracuse,defensive_tot,2023,1,1,0.8629083363863361,0.8936781609195402,0.018794124232361972,0.011304333465451184
44acb3df1c0e41dce3accc0ca9ea299ba995f78ed2f1ac607cfbbeeb5b081c0d,2023,4426834,Clayton,Bush,DB,Southern Illinois,Illinois,defensive_tot,2023,1,1,0.8987148925577074,0.8936781609195402,0.010258672989596752,0.011304333465451184
02bf7a679fcbe010c80dc184c89d25a1825f46316d667447b2c29b0d5b777535,2023,4431960,Miles,Fleming,DB,Minnesota,Ohio,defensive_tot,2023,1,1,0.806213452431806,0.8936781609195402,0.03755322601839992,0.011304333465451184
55391da7670123478e033654622ba9f63132c414593c82cbac11e8e4248368fc,2023,4367330,Tyrek,Funderburk,DB,Richmond,App State,defensive_tot,2023,1,1,0.8781889315342607,0.8936781609195402,0.014837936400765028,0.011304333465451184
aae5d40ff6688fbe5110daaeaefc6cbeed28662cff27a5b92040d10840edc030,2023,4428383,Christian,Roland-Wallace,DB,Arizona,USC,defensive_tot,2023,1,1,0.9895089523576875,0.8936781609195402,0.00011006208063326976,0.011304333465451184
1499222ef2cedc2ba37e336ea7154a0ff878c197460599c4425031d79f980b9d,2023,4608762,John,Saunders,DB,Miami (OH),Ole Miss,defensive_tot,2023,1,1,0.9936637792336099,0.8936781609195402,4.014769360043272e-05,0.011304333465451184
3b29f60a6517baae9afd84289664876c92101e72f1ad3d14d4971bd68487d008,2023,4374499,Nicario,Harper,DB,Louisville,Illinois,defensive_tot,2023,1,1,0.9264199002252881,0.8936781609195402,0.005414031082856561,0.011304333465451184
bbe5f539edc6cb0928eb7653a7aeed2bce92b5556c27401dda278c4c9cd00228,2023,4427659,Raydarious,Jones,DB,LSU,Mississippi State,defensive_tot,2023,0,0,0.8629083363863361,0.8936781609195402,0.7446107970050342,0.7986606553045317
967f1bbbeb949fc662ca4582db6907ee2a64b594cee612ef4c5e41e752958af3,2023,4569335,Jonathan,McGill,DB,Stanford,SMU,defensive_tot,2023,1,1,0.9770305859247607,0.8936781609195402,0.0005275939829598029,0.011304333465451184
1aaf059acd584381c48efb40b2911a50d9652a60bab149c5abe2d76dc88d6541,2023,4430570,Dominic,Tatum,DB,Utah State,Washington State,defensive_tot,2023,0,0,0.925938189181944,0.8936781609195402,0.8573615301855376,0.7986606553045317
6f1d3c94d7e51ad9b362c4f272df16580e5f74605e3ac6db1dc1dbd3401e77cc,2023,4900905,Jalil,Martin,DB,Nebraska,Syracuse,defensive_tot,2023,1,1,0.806213452431806,0.8936781609195402,0.03755322601839992,0.011304333465451184
b3e461e12a5df54b3d1507c0988951f92fb801c446b092e5b631ea2082335fa1,2023,4361285,Tywan,Francis,DB,Colorado State,Temple,defensive_tot,2023,1,1,0.9535756802210134,0.8936781609195402,0.0021552174669416104,0.011304333465451184
9bddd08327cc0ca51ec8615c37a5d246877cb5aeda283de06832c65b6721d54f,2023,4685970,Kenneth,Harris,DB,Arkansas State,Oklahoma State,defensive_tot,2023,1,1,0.987944806820487,0.8936781609195402,0.00014532768259537627,0.011304333465451184
032b7eaa3e424b91ef50a149670405dec4a6601ac117f45e4de66ff7b1d3f519,2023,4360632,Teja,Young,DB,Florida Atlantic,Ole Miss,defensive_tot,2023,1,1,0.9934494706022503,0.8936781609195402,4.290943539078296e-05,0.011304333465451184
e8ef32cafe70324dd09fa4d4af3d820a163bb18da60d46a96f94087b1a5b4f12,2023,4428379,Omar,Rogers,DB,Elon,East Carolina,defensive_tot,2023,1,1,0.9632861097691358,0.8936781609195402,0.0013479097358839488,0.011304333465451184
027d9aa677359e5749a18762bcefb8eddca3ae6a6c68ad5a70275b42cfef4334,2023,4693337,Marques,Sigle,DB,North Dakota State,Kansas State,defensive_tot,2023,1,1,0.9385482300295229,0.8936781609195402,0.003776320032504428,0.011304333465451184
7f363357e0aaabb900eef000192258f5223b1d7ad5e621eea0c77248f3609d9f,2023,4701944,Anthony,Brown,DB,Arkansas,Purdue,defensive_tot,2023,1,1,0.8577874391807349,0.8936781609195402,0.02022441245477319,0.011304333465451184
adfc069df9c49834654a221a80f10f5337be62ad30b536d40d1f0ef9ac389d75,2023,4429127,Xavion,Alford,DB,USC,Arizona State,defensive_tot,2023,0,0,0.8678732395297307,0.8936781609195402,0.7532039598918293,0.7986606553045317
0d67b68ebe705f8e2c309eb9b9abf5f384f4798385b6a40d5ed9c455c9f5eabd,2023,4572371,Josh,Wallace,DB,Massachusetts,Michigan,defensive_tot,2023,1,1,0.9838294541676732,0.8936781609195402,0.0002614865525153816,0.011304333465451184
836e9fe9b703341ad8f83ebcb4379e06cf110f6056df8ded3c3f8979501a5be7,2023,4427260,Salim,Turner-Muhammad,DB,Stanford,Purdue,defensive_tot,2023,0,0,0.9370212335162086,0.8936781609195402,0.8780087920602371,0.7986606553045317
cec039dbe7b79fc4398ff77b1c0eb0d4b0a4d1f1dc3ed1e607c532f5f728ab14,2023,4592879,Tyrin,Taylor,DB,Colorado,Memphis,defensive_tot,2023,1,1,0.9516359882057034,0.8936781609195402,0.0023390776368388618,0.011304333465451184
877eafbe8598f545b35ce2486db086359bcb0533e16f8553733d113a0c947980,2023,4430060,Tre'Vez,Johnson,DB,Florida,Missouri,defensive_tot,2023,1,1,0.9460452543893401,0.8936781609195402,0.002911114573911028,0.011304333465451184
d978d8413ccbc84f47fcbb281bbafb38e93557abc80b9de209fd7ed1735a9baf,2023,5160648,Nyzier,Fourqurean,DB,Grand Valley State,Wisconsin,defensive_tot,2023,1,1,0.8577874391807349,0.8936781609195402,0.02022441245477319,0.011304333465451184
68df6f4ba283ea80cfdf20e9b748589e291caa51a037af76e1e910d3f2005d37,2023,4611310,Khari,Johnson,DB,Arkansas,Boston College,defensive_tot,2023,1,1,0.9394685811220956,0.8936781609195402,0.003664052671372317,0.011304333465451184
44c3d03d4d5d44b1130630b8f026bb3083444a787737de154fa4e1d313e091d5,2023,4362500,Al,Blades Jr.,DB,Miami,Duke,defensive_tot,2023,1,1,0.9407489973936448,0.8936781609195402,0.003510681309858309,0.011304333465451184
800f07cfa92cb84f6eff0ce8beac6d75783ba8941c39c9a353eed972aa58193f,2023,4686092,Fred,Davis II,DB,Clemson,UCF,defensive_tot,2023,0,0,0.9460388269542297,0.8936781609195402,0.8949894621049349,0.7986606553045317
88664abfb0e31e877f00b243ac7848a541849c3a2fe28d6368b6f95b45c5aa41,2023,4432751,Steven,Ortiz,DB,Minnesota,Massachusetts,defensive_tot,2023,0,0,0.8525079521833745,0.8936781609195402,0.7267698085358907,0.7986606553045317
dad5726eb7002471409a85a4423829c708eecaba7469515e9cc4aca204fbee7c,2023,4578946,Kamden,Garrett,DB,Weber State,BYU,defensive_tot,2023,1,1,0.9165477773643154,0.8936781609195402,0.0069642734628358755,0.011304333465451184
3f1e2b5055107a5ed340b566599aa195bd8ed3f99cc87dc84f52c658a8a39337,2023,4683409,Damarius,McGhee,DB,LSU,Kansas,defensive_tot,2023,1,1,0.8629083363863361,0.8936781609195402,0.018794124232361972,0.011304333465451184
67d3716b80dcd8839746867b046ce7fd73c62fac68cffdb1cde9ba16bfae34a4,2023,4712889,Marcus,Scott II,DB,Missouri,California,defensive_tot,2023,0,0,0.8629083363863361,0.8936781609195402,0.7446107970050342,0.7986606553045317
4c4ff84a65117493d42da4aa9a3c97a4a3bebd61df977062f8e2a61c84abe902,2023,4360162,Jireh,Wilson,DB,East Carolina,UCF,defensive_tot,2023,1,1,0.9448671068120266,0.8936781609195402,0.003039635911276487,0.011304333465451184
927a62a7841e21549c986eb24b65292b3320c2a230030c1c0c5edff8ea9d934f,2023,4250510,Andre,Sam,DB,Tulane,LSU,defensive_tot,2023,1,1,0.8629083363863361,0.8936781609195402,0.018794124232361972,0.011304333465451184
5b68a00d3078676f52d7d594d3c13a04b6f697573cb367d52c140dcf9452070b,2023,4360213,Jason,Maitre,DB,Boston College,Wisconsin,defensive_tot,2023,1,1,0.975953038935709,0.8936781609195402,0.0005782563364275298,0.011304333465451184
40c9443ebbd93901a1a8297783eabf318eb9807b4abcd6bf9b103346efdc74a8,2023,4427986,Chris,Megginson,DB,Liberty,SMU,defensive_tot,2023,1,1,0.9777432148689191,0.8936781609195402,0.0004953644843711025,0.011304333465451184
0209ecaf00ad178fbd18ef32737ed5c2515362866ba4c093c676c70c1c3956c9,2023,4690350,Robert,Kennedy,DB,East Carolina,NC State,defensive_tot,2023,1,1,0.8577874391807349,0.8936781609195402,0.02022441245477319,0.011304333465451184
87656f09a85c1df08a67be8596981d5699c548386389b6f08fa0102e1aafd8f6,2023,479316,Jonathan,Jones,DB,Campbell,East Carolina,defensive_tot,2023,1,1,0.9287391357271413,0.8936781609195402,0.0050781107769147914,0.011304333465451184
c65b621c60bd688f5d9feee495bb6ccc2cf8d02b2561735af689abd860257e42,2023,4691362,Isaiah,Dunson,DB,Miami,Baylor,defensive_tot,2023,1,1,0.9191869172548529,0.8936781609195402,0.00653075434277399,0.011304333465451184
28198121aa93ce72d7a79fc2c17a46295f6c3cdc58be6d124d9142b503274358,2023,4710706,Jadon,Canady,DB,Tulane,Ole Miss,defensive_tot,2023,1,1,0.9576789337544765,0.8936781609195402,0.0017910726481579846,0.011304333465451184
a2a120b9879134dc22506517f05fa09bcedee7789e89df84b179ad796936f5e8,2023,4431202,Christopher,Keys,DB,Indiana,Mississippi State,defensive_tot,2023,1,1,0.9392582963391238,0.8936781609195402,0.003689554563625697,0.011304333465451184
fb050df0e6acff39e112bba4d3162e309277485b72280f18be1121a02eec9615,2023,4432742,Dontavius,Nash,DB,North Carolina,East Carolina,defensive_tot,2023,1,1,0.9206249133055601,0.8936781609195402,0.0063004043877498556,0.011304333465451184
68a952bee663d6fab5b65d6f8f8d8e640589e04eb4b512f08ea6eccf9a7b2868,2023,4367631,Demetrius,Harris,DB,Cornell,Buffalo,defensive_tot,2023,1,1,0.8524802503236202,0.8936781609195402,0.021762076544581763,0.011304333465451184
8d8484ad5829d50c149422fd83c008a735fb66a43f565d412e37b0fbe9f34b7f,2023,4363052,Beanie,Bishop,DB,Minnesota,West Virginia,defensive_tot,2023,1,1,0.9456786485646672,0.8936781609195402,0.0029508092217609317,0.011304333465451184
089684070bb80058c677b5865ec008373b6cdecef24b42e20eb414fb312cdf97,2023,4427763,Antavious,Lane,DB,Georgia State,North Carolina,defensive_tot,2023,1,1,0.9543790270738088,0.8936781609195402,0.002081273170732267,0.011304333465451184
23bbb4f33638554fb6f7ab0960d7ae59998cb78fa72245bbda6e2d03c1084aae,2023,4790202,Keyshon,Mills,DB,Colorado,SMU,defensive_tot,2023,0,0,0.8525079521833745,0.8936781609195402,0.7267698085358907,0.7986606553045317
e166b3dcbe447d018301dd168ebb5e0d3a3cb179342820e0501d70b640c6a860,2023,5082248,D'Andre,Greeley,DB,Colorado State,Buffalo,defensive_tot,2023,0,0,0.8470674134153643,0.8936781609195402,0.7175232028701957,0.7986606553045317
dd18f001fa9a32a210a649cf1c4c10056b37d23da1d602ab1177f349d88ee2fa,2023,4916238,Jaelyn,Davis-Robinson,DB,LSU,SMU,defensive_tot,2023,1,1,0.9168752128618353,0.8936781609195402,0.006909730236765197,0.011304333465451184
a4cd77169fad4ee88cb81941f04f2cae792759b4d1597ce4fb9d0d0080913a4a,2023,4361746,Tayvonn,Kyle,DB,Iowa State,Virginia,defensive_tot,2023,1,1,0.959916831364545,0.8936781609195402,0.0016066604078583254,0.011304333465451184
58036661bfb7de71d6a8f1a9f244280a42367ffd7d0b1d4aa82916105c960e98,2023,4427240,DeShawn,Gaddie,DB,North Texas,Ole Miss,defensive_tot,2023,1,1,0.9916951639685188,0.8936781609195402,6.897030150978914e-05,0.011304333465451184
9b2dd4bc06c21df4c60ffe2091c39dd7dd2ab0ae5d5912c8522d3786746626ab,2023,4240903,Myles,Jones,DB,Texas A&M,Duke,defensive_tot,2023,1,1,0.9374974185810667,0.8936781609195402,0.003906572684030383,0.011304333465451184
f0511d0c59aa87b58e8bbaf789e30a49d50f32fb99430dec6c7fd33ce109dc5d,2023,4426429,Travis,Jay,DB,Florida State,Colorado,defensive_tot,2023,1,1,0.8577874391807349,0.8936781609195402,0.02022441245477319,0.011304333465451184
85c15b87501af7dfc5ac14549f729e59c4ca989a25cab0918a92caa9dd9eb456,2023,4686428,Craig,McDonald,DB,Auburn,Minnesota,defensive_tot,2023,1,1,0.8577874391807349,0.8936781609195402,0.02022441245477319,0.011304333465451184
eac2b9ee70bad699e77d8acc9d6ee423189f35e69ac782e185e2cb07c8c96c1d,2023,4427991,Semar,Melvin,DB,Wisconsin,Michigan State,defensive_tot,2023,0,0,0.9473084250995869,0.8936781609195402,0.8973932522646596,0.7986606553045317
c1313176063e89f3a92c63d9997fcedf16945edc468189ffa2dd26aaa47c453e,2023,4692671,Brian,George,DB,Texas A&M,Houston,defensive_tot,2023,1,1,0.9349232805235432,0.8936781609195402,0.004234979417817448,0.011304333465451184
a2500a6f1e8fa692f7015644fd292eb424dbcbe15d0db5b44b4685c49d6ee8de,2023,4431510,Tymir,Brown,DB,North Carolina,East Carolina,defensive_tot,2023,1,1,0.8525079521833745,0.8936781609195402,0.021753904169141743,0.011304333465451184
019d8db9e761fcbc9affc8aff84b1bae0028ec604b5b8c2c2546c3ec57b8e490,2023,4362498,Gilbert,Frierson,DB,Miami,Louisville,defensive_tot,2023,1,1,0.9274603823660016,0.8936781609195402,0.005261996126486693,0.011304333465451184
54985ed59f25e70b7fe470f057e693ca0e4a16c6e9bb763ef0c53bc45c9267b8,2023,4361261,A.J.,Hampton,DB,Northwestern,Tulane,defensive_tot,2023,1,1,0.9297649768974758,0.8936781609195402,0.004932958470212103,0.011304333465451184
37d0a8225d178cc8a5ce1eec768008ac59882a689ded46cd8525a3ae43c015b1,2023,4595351,Rance,Conner,DB,Louisville,East Carolina,defensive_tot,2023,0,0,0.9038416780667917,0.8936781609195402,0.8169297790105939,0.7986606553045317
20579733677c3c772373cd11f4f0043d28f730754c6b6f765c65f48f35395037,2023,4426508,Shilo,Sanders,DB,Jackson State,Colorado,defensive_tot,2023,1,1,0.8261014655989315,0.8936781609195402,0.030240700266839605,0.011304333465451184
d0a5cd075d1c5190505e7101c53febc3a8ec51904471f7c170b5eb5cc5a07151,2023,4426453,Briton,Allen,DB,USC,Utah,defensive_tot,2023,1,1,0.8414635098848048,0.8936781609195402,0.02513381869804539,0.011304333465451184
9880c087d622bd95e73c08138a3fd425a5c12db2a764f5956d72cbcf97f746ab,2023,4880104,Syrus,Dumas,DB,New Mexico State,UTSA,defensive_tot,2023,1,1,0.9429465412815289,0.8936781609195402,0.003255097151740288,0.011304333465451184
86ea09dffa6465391a538adad8bb1e1c24b5f731c78b01cdc416332f44642326,2023,4600405,CJ,Baskerville,DB,San Diego State,Texas Tech,defensive_tot,2023,1,1,0.9640559699602939,0.8936781609195402,0.0012919732954952976,0.011304333465451184
87f5278721c04b8b099b823940645bcc9ebec836403354168024795cb416eec4,2023,4799988,Jerrod,Cameron,DB,Coastal Carolina,Massachusetts,defensive_tot,2023,1,1,0.8173740917732871,0.8936781609195402,0.033352222355631754,0.011304333465451184
6396a3ac9bf6a4e38d116116869005c4f889298461b30aaafd7ac5d6f524a02f,2023,4428586,Keeyon,Stewart,DB,TCU,Arkansas,defensive_tot,2023,1,1,0.9580211130218294,0.8936781609195402,0.0017622269519260252,0.011304333465451184
d8364ccbce668bed86a8c0e72c5eb75b6f90df93bfe8ec54aea3b812777f4d00,2023,4432719,Jamier,Johnson,DB,Texas,Indiana,defensive_tot,2023,1,1,0.9370909323528662,0.8936781609195402,0.003957550792231653,0.011304333465451184
acb7807ea30646032e794015d41a3a37abf5458aed7f5d171ae21cc3a47c6e92,2023,4685531,Khamauri,Rogers,DB,Miami,Mississippi State,defensive_tot,2023,0,0,0.9279045353618643,0.8936781609195402,0.8610068267451174,0.7986606553045317
33d7f5f849b0b4d13aa5094b63e3d48e78fbaf9188aca3201ba483457e4eed10,2023,4602921,Dylan,Flowers,DB,Southern Utah,BYU,defensive_tot,2023,1,1,0.8470674134153643,0.8936781609195402,0.0233883760394671,0.011304333465451184
900df9a17aed995a2659b90d230549fafe92b9f6ea0ff6300744f55b15f8daaf,2023,4685371,Marquis,Groves-Killebrew,DB,Texas A&M,Louisville,defensive_tot,2023,0,0,0.9473461839020827,0.8936781609195402,0.8974647921538387,0.7986606553045317
1836f359b363dffcf1c847d80aa2cf7e2fbffe52dba6def7bdabc440f3658431,2023,4833595,Kyron,Chambers,DB,TCU,SMU,defensive_tot,2023,0,0,0.8525079521833745,0.8936781609195402,0.7267698085358907,0.7986606553045317
f37d6b15297dde54225dc1dbeed6f0b69cb829a6a6c9f5d4e06e939f10e03962,2023,4880276,Ashton,Whitner,DB,Georgia Southern,Old Dominion,defensive_tot,2023,1,1,0.806213452431806,0.8936781609195402,0.03755322601839992,0.011304333465451184
7bf7f45db43a39266b4090d3483ddbade4f17564f4bd980ec4d063d5d34ccd3b,2023,4808718,Wesley,Miller,DB,Mississippi State,South Alabama,defensive_tot,2023,1,1,0.806213452431806,0.8936781609195402,0.03755322601839992,0.011304333465451184
fb1d0499d821bf2248e92d4b7178542b0d22aa1a633c2b4d67f96544606c0d1c,2023,4686105,DJ,Taylor,DB,Arizona State,Cincinnati,defensive_tot,2023,1,1,0.9305376601321977,0.8936781609195402,0.004825016659910071,0.011304333465451184
f16741a7faf5c304fce1942dea8957b3fc6549e0920fcc5d8cbd09f25a07a1da,2023,4433902,Jamar,Rucks,DL,App State,Kennesaw State,defensive_tot,2023,1,1,0.8740873851391873,0.8726114649681529,0.01585398658108736,0.01622783885756014
9c965a30a7f0c8e0f6dfedfed8fd01b468c881cd01b0248bdba429fe01abd39a,2023,4870792,Derrick,LeBlanc,DL,Oklahoma,UCF,defensive_tot,2023,1,1,0.8980622531555357,0.8726114649681529,0.010391304231726097,0.01622783885756014
3d11176d0c35594df78354dc703fc5beff09da1ca4cb10dee6ea0eefac2a5e1b,2023,4429882,Henry,Ikahihifo,DL,California,Nevada,defensive_tot,2023,0,0,0.7730318493004052,0.8726114649681529,0.5975782400328045,0.761450768793866
1e428b7557158e59711912279ad30111ec2bfe701dbfb59c02f0be3a36fed2cd,2023,4432729,Tywone,Malone,DL,Ole Miss,Ohio State,defensive_tot,2023,1,1,0.9273116989403354,0.8726114649681529,0.00528358911094044,0.01622783885756014
1c4538fc4c9a8c78ab09dc211fb0ee2727d7cf12079916369d3553c322d315ec,2023,4428637,Da'Jon,Terry,DL,Tennessee,Oklahoma,defensive_tot,2023,1,1,0.95397736244913,0.8726114649681529,0.002118083167138749,0.01622783885756014
fc18f3a72ee169f93cb57099c64ca7263f6188182e5d04db9edc0ed6fe1aee4b,2023,4570970,Isaiah,Iton,DL,Ole Miss,Rutgers,defensive_tot,2023,1,1,0.9092215881181734,0.8726114649681529,0.008240720063786549,0.01622783885756014
d0b816308c8c72a2bc63049412ca0f211aa9dd813f1df0bd98b13f9645f23e25,2023,4571146,Billy,Lutui,DL,Sacramento State,Portland State,defensive_tot,2023,0,0,0.7426505551372462,0.8726114649681529,0.55152984704566,0.761450768793866
8e66787480c3157e7523ec3132d6b3c3d4270049ea1e010561a0b778de98bd20,2023,4360547,Darren,Brown,DL,SMU,Incarnate Word,defensive_tot,2023,1,1,0.8804948663943588,0.8726114649681529,0.014281476958102151,0.01622783885756014
be80eb740b117b8a83746aa48f9cec44a6d7d28f2f5bb22f071ed09be0c89de9,2023,5091777,Eddie,Kelly,DL,South Florida,Georgia Tech,defensive_tot,2023,1,1,0.9343412928272031,0.8726114649681529,0.004311065827603087,0.01622783885756014
ef17eed5fa9f1444ae8405937e746ed788883d937a16ae7e1c7c94b7434914a9,2023,4692805,Mosiah,Nasili-Kite,DL,Maryland,Auburn,defensive_tot,2023,1,1,0.9813507820427351,0.8726114649681529,0.0003477933304175727,0.01622783885756014
19c2da10eebdc890541600621572cfec25c2928b7018e715bd31b2b74f81878d,2023,4869659,Corey,Warren,DL,Coastal Carolina,Georgia State,defensive_tot,2023,1,1,0.5703999357317522,0.8726114649681529,0.18455621521928264,0.01622783885756014
a2f1681d02d2c5f200f63eaf9b2dccb2f3b6fcfc6438500f299a2d1605ba9abd,2023,4362229,Andre,Carter,DL,Western Michigan,Indiana,defensive_tot,2023,1,1,0.9990719413634055,0.8726114649681529,8.612928329576584e-07,0.01622783885756014
24c1b541666358e506ec108b98b4461cc9d3fc31f4a00443eb575929909e2f45,2023,4878232,Tomiwa,Durojaiye,DL,Kentucky,West Virginia,defensive_tot,2023,1,1,0.7483254355098237,0.8726114649681529,0.06334008641131993,0.01622783885756014
fb32c66b7cb9dc2e28874d9f4d8ea614dde0183095937072f53cf9b2023cadc8,2023,4429431,Shane,Cokes,DL,Dartmouth,Colorado,defensive_tot,2023,1,1,0.7856251788681808,0.8726114649681529,0.04595656393529946,0.01622783885756014
f17aaa2b834dbe8a5fcc2a5016613ad08d2552227baa37a7b3838ee50f427b87,2023,5081056,Jeffrey,M'ba,DL,Auburn,Purdue,defensive_tot,2023,1,1,0.912159898565155,0.8726114649681529,0.007715883420083858,0.01622783885756014
5f99e52f6a491b5fa2b7d202350615310401d26944a9403176a8fc955d07405d,2023,4685780,Raashaan,Wilkins,DL,Illinois,UConn,defensive_tot,2023,1,1,0.7483254355098237,0.8726114649681529,0.06334008641131993,0.01622783885756014
63f50ce2eaa43ff5ec89b87c92574b8de6bcd92d79c79c03018103894f2133bc,2023,4875078,Jamond,Gordon,DL,Ole Miss,Ole Miss,defensive_tot,2023,1,1,0.912757476393249,0.8726114649681529,0.007611257925274505,0.01622783885756014
9ace2f5c243081112bc09850262cebd20f5d38826aba4678d00011331991604e,2023,4697617,Sheldon,Newton,DL,Northern Arizona,Boise State,defensive_tot,2023,1,1,0.7646078767391011,0.8726114649681529,0.05540945169327421,0.01622783885756014
9d62feb27a5bfd53f5ba6b0c81478e9b10451559e26e8eb67dbb1d00089234cd,2023,4361917,Akeem,Smith,DL,Georgia State,Sam Houston,defensive_tot,2023,1,1,0.8952478917329629,0.8726114649681529,0.010973004186389057,0.01622783885756014
c227d13db93f6bd9ad039132ff6827daa38241f535380999974eaeba5a829aae,2023,4697543,Marcus,Brown,DL,Howard,Incarnate Word,defensive_tot,2023,1,1,0.5626806577999915,0.8726114649681529,0.1912482070622481,0.01622783885756014
afc684d9a04984bd544fa4c3eccc909169e27321ad4ee5bd701b37a30f6bd0af,2023,5085726,Kaleb,Peleki,DL,Missouri State,San José State,defensive_tot,2023,0,0,0.5626806577999915,0.8726114649681529,0.3166095226622312,0.761450768793866
4512b50ff98c30be90e719a4879d5dded212b2a806c2e55585738e3172705d60,2023,4430427,Christian,Rorie,DL,Duke,Texas State,defensive_tot,2023,1,1,0.7483254355098237,0.8726114649681529,0.06334008641131993,0.01622783885756014
9ff4082b2deed788195de71772c75e424321a23e68040692963026860d13ffa4,2023,4259368,JB,Brown,DL,Arizona,Massachusetts,defensive_tot,2023,1,1,0.7483254355098237,0.8726114649681529,0.06334008641131993,0.01622783885756014
4304a69568ffa80ca4c58ad7e7482b0b90d5ef80f3259ee94e379f6ad717a566,2023,4429936,Adarious,Jones,DL,Texas A&M,Memphis,defensive_tot,2023,1,1,0.8716563622054574,0.8726114649681529,0.016472089362336746,0.01622783885756014
aebf6c9997dad8400be1b647b14c0726b61bc9e1c8675a8ea037e00401f769b8,2023,4837188,Jordan,Phillips,DL,Tennessee,Maryland,defensive_tot,2023,1,1,0.8934267078468239,0.8726114649681529,0.011357866600366232,0.01622783885756014
b6301cb03901b6b713e90f4d67db42d6aa4e728ef53dc7c2c48ee0faf498061e,2023,4569135,Kyon,Barrs,DL,Arizona,USC,defensive_tot,2023,1,1,0.967428170891709,0.8726114649681529,0.0010609240514597154,0.01622783885756014
1027a00b9f3da0299f000db900457e8da7e7deb02bc35ca31690f485d111d688,2023,4686563,Ryan,Williams,DL,Colorado,Western Kentucky,defensive_tot,2023,1,1,0.8939884203089984,0.8726114649681529,0.011238455028581585,0.01622783885756014
a831f71cc1246d032d45b9dadff4a3285a36a6e70823d6a53cb601cf823293a1,2023,4429279,Marquis,Black,DL,Nebraska,Western Kentucky,defensive_tot,2023,0,0,0.7483254355098237,0.8726114649681529,0.5599909574309673,0.761450768793866
7f4f00a4707d289f023cddea24ffee3c360c2ecbbf5bf66d3a560e0b80c89ccf,2023,4361864,Samuela,Tuihalamaka,DL,Oklahoma State,San Diego State,defensive_tot,2023,1,1,0.9301984373600184,0.8726114649681529,0.004872258146983276,0.01622783885756014
9b1e1c1455349432138ff1b5346ead727f5bb5e6e08275b718e5ffced2eec0e8,2023,4879695,Davon,Sears,DL,Texas State,Oklahoma,defensive_tot,2023,1,1,0.9807451590690136,0.8726114649681529,0.000370748899277589,0.01622783885756014
266a09b723c7f15e89462f4a988c65a16e9a63fc9ee9d3e9ef7306fa54326e3b,2023,4372470,Matthew,Thomas,DL,Rhode Island,Colorado State,defensive_tot,2023,1,1,0.8766025782398057,0.8726114649681529,0.015226923697063275,0.01622783885756014
a58e28e0125bdf4e6349c06a726938cee27e1f9464c37e66eb0c86f550758eb1,2023,4431022,Dyshier,Clary,DL,Temple,Stony Brook,defensive_tot,2023,1,1,0.7483254355098237,0.8726114649681529,0.06334008641131993,0.01622783885756014
cd7b69320c8230dce3ea2bed44948e4f44ac637ad2e2a970fecdde7fc0bca1fc,2023,4602019,Caleb,Banks,DL,Louisville,Florida,defensive_tot,2023,1,1,0.9570341574583974,0.8726114649681529,0.0018460636253097903,0.01622783885756014
673f675567f325df77c72fce379507f4af9f4d718987e9a54fb32e79743a8df2,2023,4683097,Allan,Haye,DL,Miami,Temple,defensive_tot,2023,1,1,0.8716563622054574,0.8726114649681529,0.016472089362336746,0.01622783885756014
a3a53ffc3dd51ebe2a3a521ec4b351dafee9162d65284fb291bea49d12c3fbf3,2023,4432655,Tunmise,Adeleye,DL,Texas A&M,Michigan State,defensive_tot,2023,1,1,0.9714274340352292,0.8726114649681529,0.0008163915258111763,0.01622783885756014
d7228b296333698cb218935d2390ab89e9feb197f5584baab424525810fc6b01,2023,4565197,Gage,Keys,DL,Minnesota,Kansas,defensive_tot,2023,1,1,0.9075260838275377,0.8726114649681529,0.008551425172271577,0.01622783885756014
a19cbdc53b0b0d848f96d2272c3ad23d1524972def184fe1a1f073cf697c0012,2023,4429381,Trill,Carter,DL,Minnesota,Texas,defensive_tot,2023,1,1,0.9516575420437422,0.8726114649681529,0.002336993241252553,0.01622783885756014
6f12ba7425e5750a207b0f30f6bc818c06b4d87cf625fb014355bb059fe1ef30,2023,4360240,Malik,Langham,DL,Vanderbilt,Purdue,defensive_tot,2023,1,1,0.9577448903412664,0.8726114649681529,0.0017854942922716,0.01622783885756014
725ee8f61396b981b475e7c0c015fb4f3472bd624e27cd84ce8381b67e57ddce,2023,4429285,Philip,Blidi,DL,Texas Tech,Indiana,defensive_tot,2023,1,1,0.9518063805290605,0.8726114649681529,0.0023226249577097163,0.01622783885756014
6c7576e1f04b55f6037207e5a398b377ea406a4e7bba4fe01b46d3a6454dda6e,2023,4428330,Etinosa,Reuben,DL,Clemson,Georgia Tech,defensive_tot,2023,1,1,0.8915329550650107,0.8726114649681529,0.01176509983692898,0.01622783885756014
144ab3a74afc157086f9227c8bbe3ec4aad117019df11fcbc54aa745dd8d6e2e,2023,4566191,Shawn,Collins,DL,Rutgers,App State,defensive_tot,2023,1,1,0.9092046193113946,0.8726114649681529,0.008243801154388775,0.01622783885756014
59bb15e855f3c2a3f97f5d63b05459a0b383a09492e33812bf1b3f3a6caac3b3,2023,4683346,Jaden,Phillips,DL,New Mexico,Sam Houston,defensive_tot,2023,1,1,0.941456729336727,0.8726114649681529,0.0034273145399532443,0.01622783885756014
d4b2c9131f993852bc5d1d72b89272afa4fbdb71ae900a19c3fd3bca250f8b05,2023,4429114,Zykeivous,Walker,DL,Auburn,Auburn,defensive_tot,2023,1,1,0.8729562214483313,0.8726114649681529,0.016140121668685437,0.01622783885756014
88fbe70af6c8d52a623b5bb91dd223fcb6e4e0e7cacf2a0e4ef588b053b8a187,2023,4372098,Julius,Welschof,DL,Michigan,Charlotte,defensive_tot,2023,1,1,0.8840306138289801,0.8726114649681529,0.013448898528883148,0.01622783885756014
78d02d56bb80740821107956e2d34e7923825f28bd34488495a81470bee97d21,2023,5093021,Carl,Biddings,DL,Louisville,Indiana,defensive_tot,2023,0,0,0.7426505551372462,0.8726114649681529,0.55152984704566,0.761450768793866
6339b02f6e0051cd1934cd9f01f246e91d2da63b5539e2ea5c01947190f72195,2023,4426401,Bill,Norton,DL,Georgia,Arizona,defensive_tot,2023,1,1,0.9039161829026421,0.8726114649681529,0.00923209990799853,0.01622783885756014
9ea9443e001c63005e3cabb9e81f1d58ad5ee6493509a7f3f8691934d1ed8752,2023,4569496,Anthony,Booker,DL,Maryland,Arkansas,defensive_tot,2023,1,1,0.9824173604874306,0.8726114649681529,0.0003091492122289682,0.01622783885756014
508f27ee30f2217423f4c9a71e4af1e672f296babbf0444b93fe01b38d0a1340,2023,4697761,Dion,Wilson,DL,Arizona,New Mexico State,defensive_tot,2023,1,1,0.9250504970448163,0.8726114649681529,0.0056174279932290835,0.01622783885756014
fd68c677dc514aebe9d7758ed29cb83efab16ff627d8717e2ccc62cd91471cb7,2023,4427310,Thomas,Gore,DL,Georgia State,Miami,defensive_tot,2023,1,1,0.9850415056425651,0.8726114649681529,0.00022375655344141187,0.01622783885756014
b0dbe58d9900234ba3d925bfcca710dcd3a8841e3b41efdda67fcf91dbaccbaa,2023,4689085,Dre,Butler,DL,Liberty,Michigan State,defensive_tot,2023,1,1,0.9498792583228893,0.8726114649681529,0.0025120887462636585,0.01622783885756014
a104e33f4964d0d70f18ea18c3046f9d4df70470ef7951d864bfeb173af6d3f4,2023,4683921,Jalen,Satchell,DL,Temple,Old Dominion,defensive_tot,2023,1,1,0.9217103396883313,0.8726114649681529,0.0061292709117164775,0.01622783885756014
65f1abcf0951d7ff46113c2063f2d34aa8990d9a03f90c99d0d9c5fbd98e243c,2023,4429244,Jevon,Banks,DL,Mississippi State,Kansas State,defensive_tot,2023,1,1,0.9332560473645038,0.8726114649681529,0.004454755213409354,0.01622783885756014
9c369f1fb5d77554d5cafdffd6dc528567d2357803efa6dd358743b18bd028af,2023,4917177,Jalil,Rivera-Harvey,DL,Arizona State,Marshall,defensive_tot,2023,1,1,0.8734135832623705,0.8726114649681529,0.016024120902472804,0.01622783885756014
1368d895a9a474a0bbb8e8138fe2fb43fc3bbc76c4dfddd58fae5ded8e2e49d4,2023,4565774,Chazz,Wallace,DL,Old Dominion,Colorado,defensive_tot,2023,1,1,0.9413076265912242,0.8726114649681529,0.0034447946963551673,0.01622783885756014
5e68a2851d8a6375914fd1468ad0252d0244a4f5a3ca9e3901c23f24fd7a70f1,2023,4568317,Joshua,Harris,DL,NC State,Ole Miss,defensive_tot,2023,1,1,0.9283599434350374,0.8726114649681529,0.005132297704631046,0.01622783885756014
c26ba0ef1d6af6e86ee69513be0503f016919fcf9044f8cddf800120d211c3b1,2023,5121889,Samuel,Benjamin,DL,Idaho State,Arizona State,defensive_tot,2023,1,1,0.7754852845224132,0.8726114649681529,0.050406857465981766,0.01622783885756014
467199f92f4f87fa7db30d6e2730a9d495d871dfd80c6f908694be5c23289a88,2023,4362245,Braden,Fiske,DL,Western Michigan,Florida State,defensive_tot,2023,1,1,0.9978560561618265,0.8726114649681529,4.59649518124217e-06,0.01622783885756014
47f28564afd93c435836dd5b5afc4b9629d8f4c35f3b1fb27abd97a8f234dc04,2023,4692185,Justin,Rogers,DL,Kentucky,Auburn,defensive_tot,2023,1,1,0.9761944743902711,0.8726114649681529,0.0005667030495554599,0.01622783885756014
9713b2acb50154561cf72bda92892f148bb5c1b23cb664db7217aecd4f2094f8,2023,4427207,Trace,Ford,DL,Oklahoma State,Oklahoma,defensive_tot,2023,1,1,0.9918137363976121,0.8726114649681529,6.701491176778164e-05,0.01622783885756014
4acabef3929cb30e2d41b54074dbd22617952555aee74ae886267bf93746c5a8,2023,4612836,Darrell,Jackson,DL,Miami,Florida State,defensive_tot,2023,1,1,0.9824230089982068,0.8726114649681529,0.00030895061267711976,0.01622783885756014
8d148d4249596fc2aa0ed90ee128caf7d4c64c241a330331ae08d99ef217828a,2023,4430348,Justen,Ramsey,DL,Ball State,Indiana State,defensive_tot,2023,1,1,0.8821887601826991,0.8726114649681529,0.013879488227289587,0.01622783885756014
068028e6943a5b947385a121f3bbfd22901ba9d0f17faef96dfcd0607c981ca9,2023,4373464,Ahmir,Crowder,DL,Washington State,Tarleton State,defensive_tot,2023,1,1,0.7483254355098237,0.8726114649681529,0.06334008641131993,0.01622783885756014
14ad7d0d8aaa96bf303c82c6ce8b3816882bd7a485ddd03d7403d4438e94317a,2023,4608792,Emmanuel,Balogun,DL,Marshall,Charlotte,defensive_tot,2023,0,0,0.9077745450403188,0.8726114649681529,0.8240546246231579,0.761450768793866
2839acd689cfc702ea8842cf8e81a569ad845e84a2a8fe7d1f5de6cd28568add,2023,4432764,Keeshawn,Silver,DL,North Carolina,Kentucky,defensive_tot,2023,1,1,0.9540630522795108,0.8726114649681529,0.0021102031658749554,0.01622783885756014
340f9e29d9d85a3c60e22a201975de692c0823d6ca8fc4b76dff08082dc0382d,2023,4685455,K.J.,Miles,DL,Georgia Tech,Temple,defensive_tot,2023,0,0,0.7483254355098237,0.8726114649681529,0.5599909574309673,0.761450768793866
dcbbda0bd79083dab098e71bbe137e2aa4aaff9fb95f73023cdfc56be8e18587,2023,5088939,Mackavelli,Malotumau,DL,Utah Tech,Nevada,defensive_tot,2023,1,1,0.8805366912221491,0.8726114649681529,0.014271482144152157,0.01622783885756014
be172ef3683add7a3b511e41375d1f1ac857c83d15dfb3f368d6050b1e659c7f,2023,4686483,Josh,Ellison,DL,Oklahoma,Memphis,defensive_tot,2023,1,1,0.9168470336633497,0.8726114649681529,0.006914415810584091,0.01622783885756014
d88cc5a1af2f0d88ab3d02ad735e6fb6a17a6364bb452420ed91467ab8b614ca,2023,4362003,Rondell,Bothroyd,DL,Wake Forest,Oklahoma,defensive_tot,2023,1,1,0.9933045745195261,0.8726114649681529,4.482872236457862e-05,0.01622783885756014
4ee8b3486f14273cfab7f035e5512bdab28e15d5ee56cf47d088d1bb6449ac0d,2023,4372508,Jack,Sullivan,DL,Purdue,USC,defensive_tot,2023,1,1,0.9896778484247909,0.8726114649681529,0.00010654681314159179,0.01622783885756014
41eb53982770d82244ae40e266a74bb5cde173cf6733e7408cc29ef1b7b3dd09,2023,4686773,Devin,Grant,DL,Colorado,Incarnate Word,defensive_tot,2023,1,1,0.9228342570816063,0.8726114649681529,0.0059545518801476325,0.01622783885756014
ac490ae31545b23601abcefa3a4dd40197a7e35a65b2223a9906254f0230d00d,2023,4571871,Mikhari,Sibblis,DL,Lehigh,Ball State,defensive_tot,2023,1,1,0.7430643247694386,0.8726114649681529,0.06601594120618451,0.01622783885756014
194369225df39d1b59f8d8130e6b2710be8cf1799fe8f3d3047f4e015dd34133,2023,4372499,Branson,Deen,DL,Purdue,Miami,defensive_tot,2023,1,1,0.982948122043424,0.8726114649681529,0.00029076654184596363,0.01622783885756014
87c00e012b7c645a4174755f53478f550f191d7a84187308e920b51fb943ccaa,2023,4569448,Jordan,Jefferson,DL,West Virginia,LSU,defensive_tot,2023,1,1,0.9927283109184345,0.8726114649681529,5.287746209895894e-05,0.01622783885756014
eb4b56833b71c0453036eaf448c8d5393340a2868404e4e867e3f8f02b28cef1,2023,4431518,Marcus,Burris Jr.,DL,Texas A&M,Indiana,defensive_tot,2023,1,1,0.9569219482145136,0.8726114649681529,0.0018557185456330484,0.01622783885756014
eb865d8fcbf5e2f8d242a90380bb1716a8007a2849d5f34fe429ed22570d354e,2023,4382481,Dashaun,Mallory,DL,Michigan State,Arizona State,defensive_tot,2023,1,1,0.9406257599908731,0.8726114649681529,0.0035253003766614107,0.01622783885756014
f571e7ecff45531ac3ebddebf26f739c4b7940ebfeefe402db599ab4b0a1a6d1,2023,4887255,Anthony,Campbell,DL,UL Monroe,Miami,defensive_tot,2023,0,0,0.9518097436512046,0.8726114649681529,0.9059417881093719,0.761450768793866
1a2ba511561e25d9c29877fcf06c14047094abe1facf3957b1bc343da75bb7ec,2023,4685244,Bear,Alexander,DL,Georgia,USC,defensive_tot,2023,1,1,0.9747445572568728,0.8726114649681529,0.0006378373881513758,0.01622783885756014
629d2b6fef75d4c5e4746beeb53f4fc9e3206bc45b283aac9b28683cf6ecb0aa,2023,4432717,Elijah,Jeudy,DL,Texas A&M,Nebraska,defensive_tot,2023,1,1,0.7856251788681808,0.8726114649681529,0.04595656393529946,0.01622783885756014
611eac4ac5241aa32e368882ce1799a5f68130f8dead7ef330005adc15b5afc5,2023,4427295,Jason,Gold,DL,Northwestern,Texas State,defensive_tot,2023,0,0,0.8751501913161752,0.8726114649681529,0.7658878573607381,0.761450768793866
8ad84f851c6b9e7230a1134e6b51fbeeb65d5d99f9177e6c7da800e231a163c5,2023,4373275,Jahlil,Taylor,DL,North Carolina,Old Dominion,defensive_tot,2023,1,1,0.7483254355098237,0.8726114649681529,0.06334008641131993,0.01622783885756014
694606bbac38b995119e00fac975a5ac1f752a2c3e0103946b0f7728aab6e1a2,2023,4591008,Omarr,Norman-Lott,DL,Arizona State,Tennessee,defensive_tot,2023,1,1,0.9610630757436781,0.8726114649681529,0.0015160840705425482,0.01622783885756014
9e293cbf7e566c64f772d5701ccb9c3a74930f0fe6625d5b020b40f3a7ef9d25,2023,5088941,Justin,Kirkland,DL,Utah Tech,Oklahoma State,defensive_tot,2023,1,1,0.900918767530987,0.8726114649681529,0.009817090627578599,0.01622783885756014
8abc8eab6ebb354b8df4a79002eeca26573dbe6d0f3ad13e795f5a296957c534,2023,4570065,Jacob,Lacey,DL,Notre Dame,Oklahoma,defensive_tot,2023,1,1,0.966788539698927,0.8726114649681529,0.0011030010953297497,0.01622783885756014
ac689ab28ffc220b498ba999ffedac0a6a494d4c44b08b68e8330db809c193f1,2023,4429768,Alonzo,Ford,DL,Old Dominion,Penn State,defensive_tot,2023,0,0,0.9583579884492294,0.8726114649681529,0.9184500340244532,0.761450768793866
f6d0cfd1e4e9cacd932fbced7b6d191d3e9981f2463147f91f928fb4d1356a31,2023,4702571,Austin,Firestone,DL,Northwestern,Missouri,defensive_tot,2023,1,1,0.9005669313593022,0.8726114649681529,0.009886935139305717,0.01622783885756014
d3ddcbace0eb8a65d309024b1bc463c0a706174c4f8d1c8a6dcb0ad76079e873,2023,4362576,Tico,Brown,DL,Missouri State,TCU,defensive_tot,2023,1,1,0.8941793613543207,0.8726114649681529,0.011198007563379426,0.01622783885756014
39407a3fc12f3f472d05ad1c08b504b776bcd7da2ee38610b4957c018364b910,2023,4360801,Jarrett,Jackson,DL,Florida State,Michigan State,defensive_tot,2023,1,1,0.9163989755885079,0.8726114649681529,0.006989131282650896,0.01622783885756014
26bc5c8b023d44c60fa7daeac9e366fd749887ebbb6d993d986f236a7622b53f,2023,4606184,Quincy,Ledet,DL,UL Monroe,Texas Tech,defensive_tot,2023,1,1,0.9670384042245723,0.8726114649681529,0.0010864667960626916,0.01622783885756014
d16293bd28df50e01df968c9eb154d5079b602188b47345b6f0aebd73103a69d,2023,4430222,Jalen,Lee,DL,Florida,LSU,defensive_tot,2023,1,1,0.9004266843277583,0.8726114649681529,0.009914845193963896,0.01622783885756014
e32bd95a052d2345a68b017899644fd8f00495c3eed7cf73e12493f4cfea31c5,2023,4373909,Leonard,Payne,DL,Fresno State,Colorado,defensive_tot,2023,1,1,0.9434540020605223,0.8726114649681529,0.0031974498829714136,0.01622783885756014
d3c2333843305daf6a3f2c11489ea981e15c5006bb79f703bc4ced99031c9538,2023,4567464,Rick,D'Abreu,DL,East Carolina,TCU,defensive_tot,2023,1,1,0.9259298398062551,0.8726114649681529,0.005486388631127033,0.01622783885756014
90f6443726c7dbfdd8694e049c9f59cbff2bbc810144d63195cf2081a5e8c278,2023,4708859,Amari,McNeill,DL,Tennessee,Colorado,defensive_tot,2023,1,1,0.9036567919772001,0.8726114649681529,0.009282013732124504,0.01622783885756014
ea71cd83cbb95d653159251f1749318112b2cd7f45ef2919d3d8bd109050dc7c,2023,4782662,Tristan,Monday,DL,Wisconsin,Arizona State,defensive_tot,2023,1,1,0.7789026745747173,0.8726114649681529,0.048884027310213365,0.01622783885756014
b1608b95b81173e703f9c0b0dbfdc1f351802bbdaae75e704d3f1382d4bbad9d,2023,4682853,Howard,Brown,DL,Iowa State,Boise State,defensive_tot,2023,0,0,0.8892226525217449,0.8726114649681529,0.7907169257578079,0.761450768793866
b0b64f50a59b7e45813908d27a1c09587e00e4419d8ce74fcf8fe90ef16f8bab,2023,4243195,Jalen,Sami,DL,Colorado,Michigan State,defensive_tot,2023,1,1,0.967127218853524,0.8726114649681529,0.0010806197403041052,0.01622783885756014
da35b41c69d4a608f9dd5238c2982911788e6ac9b1424bcb204effeef8da4003,2023,4430421,Na'im,Rodman,DL,Colorado,Washington State,defensive_tot,2023,1,1,0.93120772115805,0.8726114649681529,0.004732377628268608,0.01622783885756014
7994db2fef32cf23cb76d875b6ef644311a73efe99ab1cd20f39b213b18ed913,2023,4362524,Jordan,Miller,DL,Miami,SMU,defensive_tot,2023,1,1,0.9338860383598477,0.8726114649681529,0.004371055923755525,0.01622783885756014
32597c0fd15ef0f9495c8046f3de441a2a9e74ba6790095561d5d52cfec73f39,2023,4565309,Fatorma,Mulbah,DL,Penn State,West Virginia,defensive_tot,2023,1,1,0.7822826514771287,0.8726114649681529,0.0474008438478294,0.01622783885756014
2814c90371f7b1d73508294a8cf61a584902da0dcf873ab0c48f91c60fea6244,2023,4428390,Keivie,Rose,DL,Louisiana Tech,Arkansas,defensive_tot,2023,1,1,0.9664058548641707,0.8726114649681529,0.0011285665874071606,0.01622783885756014
cf8621cd3737813a342fe85854d48f8875d3769e5b3a25a5785fda168a82a867,2023,4372506,Lawrence,Johnson,DL,Purdue,Auburn,defensive_tot,2023,1,1,0.9634672951212712,0.8726114649681529,0.0013346385257562978,0.01622783885756014
50129c34f6414a3392b626f0c2b4c8a7a13cdcec5ce663dc432c01cb5a7545ee,2023,4360167,Isaiah,Nichols,DL,Arkansas,Purdue,defensive_tot,2023,1,1,0.9473513187278639,0.8726114649681529,0.0027718836396949708,0.01622783885756014
37585b62966f50e52d77e29c4f952dd0fd4f37b1dd5ee4f4e654ddf48d243262,2023,4361312,Devin,Phillips,DL,Colorado State,Kansas,defensive_tot,2023,1,1,0.9257916101658071,0.8726114649681529,0.005506885121783539,0.01622783885756014
5fcf2730601fa2fa457556ca0d146d381a239e409f9edb8b99c7e58e40a63e1c,2023,4428357,Kori,Roberson,DL,Oklahoma,SMU,defensive_tot,2023,1,1,0.7789026745747173,0.8726114649681529,0.048884027310213365,0.01622783885756014
1426bd35d3609848d0951facae28a4d9ac1949f599a6d25317dee135457865de,2023,4360127,Stephon,Wynn,DL,Nebraska,Ole Miss,defensive_tot,2023,1,1,0.9418970746926698,0.8726114649681529,0.0033759499292691907,0.01622783885756014
1b0ddcfaa9218919ad54862a3b57c0e927d90c21de19ecd5561f6c8abe42fcae,2023,4878785,Bryce,Ganious,DL,Villanova,Wake Forest,defensive_tot,2023,1,1,0.9021337470897488,0.8726114649681529,0.009577803458693251,0.01622783885756014
485fff6a9e409227d2adfa08d08782de92afcbcb052aaaefec29ce44518f2ba1,2023,5093760,Wyatt,Dawe,DL,Southern Utah,BYU,defensive_tot,2023,0,0,0.7720305332226789,0.8726114649681529,0.5960311442280939,0.761450768793866
3bfeededd0276d1db0dbae74b5dcd9afe9ad554a21d570cb11d72195322dc876,2023,4894437,Robby,Harrison,DL,Arizona State,Indiana,defensive_tot,2023,1,1,0.7754852845224132,0.8726114649681529,0.050406857465981766,0.01622783885756014
a2d57168b74dee1532f67fb4c60168b2a2d57b22b509bbabefd3d31a346d6032,2023,4362608,Davoan,Hawkins,DL,Tennessee State,West Virginia,defensive_tot,2023,1,1,0.9050702318631615,0.8726114649681529,0.00901166087851392,0.01622783885756014
cae21b096d7ffc30fe9e7a7fbe7b7f0e4b6e00ce5ed1034e6e4a45fd8015e1f8,2023,4431531,George,Rooks,DL,Michigan,Boston College,defensive_tot,2023,1,1,0.8913883273433885,0.8726114649681529,0.011796495437266939,0.01622783885756014
4bc0f9d1d0a4c4166375079fb197fc58a1470512da1cb42749e075ce7896d20a,2023,4361002,Jackson,Cravens,DL,Boise State,BYU,defensive_tot,2023,1,1,0.9286611847522015,0.8726114649681529,0.0050892265609595285,0.01622783885756014
7e6083ea1a05356bc05044744a2d0b6f97575b0e35ee598e6f1b7511a5ef43f5,2023,4577735,Denzel,Daxon,DL,Ohio,Illinois,defensive_tot,2023,1,1,0.8942688265993081,0.8726114649681529,0.011179081028687187,0.01622783885756014
c08a26c8966aa69ca1cd381062ce548faba4ee882049f9dac47b671cd4df4b23,2023,4589439,Chris,Thomas,DL,Florida,Marshall,defensive_tot,2023,1,1,0.8876566589853885,0.8726114649681529,0.012621026270325296,0.01622783885756014
f9e42767f86876360ab9d0db71a9feac291819f1bef25714add42f4e3f379fb1,2023,4432575,Akelo,Stone,DL,Georgia Tech,Ole Miss,defensive_tot,2023,1,1,0.9405170604702298,0.8726114649681529,0.003538220095102303,0.01622783885756014
2aa79a6c96563311a421b7978f581136b27a6e53ca67cdfc57d3df2d8fef514b,2023,4367195,Tyler,Manoa,DL,UCLA,Arizona,defensive_tot,2023,1,1,0.7754852845224132,0.8726114649681529,0.050406857465981766,0.01622783885756014
1cf6db16f0f7c6e7f2077d207c5814851a5199c2c5517514fda8644536f9e333,2023,4428131,Sio,Nofoagatoto'a,DL,Indiana,Arizona,defensive_tot,2023,1,1,0.928496807145136,0.8726114649681529,0.005112706588439867,0.01622783885756014
b968c43a54a0f4a4189f4e95685c96a5cd97145da1e2d8950575b182a79d0ffe,2023,4612402,Ian,Shewell,DL,New Mexico,Arizona State,defensive_tot,2023,0,0,0.9173186772591176,0.8726114649681529,0.8414735556484172,0.761450768793866
f694a1a3ca94528f3aec9864295a3e874f24d73642a302b3738d12625c43c96c,2023,4429325,Henry,Bryant,DL,Louisville,Georgia State,defensive_tot,2023,1,1,0.881459512192853,0.8726114649681529,0.014051847249556364,0.01622783885756014
4da0f04a022fa6b6efb2e0a474b673857385c68f341b8ed58f20b18703192c1a,2023,4567126,Braylen,Ingraham,DL,Alabama,Syracuse,defensive_tot,2023,1,1,0.7720305332226789,0.8726114649681529,0.05197007778273611,0.01622783885756014
c6c651a5b3d74496e5312a2c21a0df22b02f850ce271591ba8d23fe22b002597,2023,4573069,Michael,Mason,DL,Wofford,Coastal Carolina,defensive_tot,2023,1,1,0.8758797545566264,0.8726114649681529,0.015405835328923314,0.01622783885756014
806eef20af5139ce9e4f6728f5b96ac059c5476177f638bce6e1372ef33af3a7,2023,5082626,Tavian,Coleman,DL,Utah State,Texas State,defensive_tot,2023,1,1,0.8674812473631761,0.8726114649681529,0.01756121980041972,0.01622783885756014
e8f32fcf06347e3c8afe77e6cd1c7465b14dc1f3fa1b493f6dd847e725a3a5bb,2023,4431612,Keanu,Williams,DL,Oregon,UCLA,defensive_tot,2023,1,1,0.9071647933808074,0.8726114649681529,0.00861837558802819,0.01622783885756014
5d7c1fed12e7e4ecec53f0330f023d6fc726b8639cf52e9bfbf8701bd599fcb6,2023,4742092,Bishop,Thomas,DL,Florida State,Colorado,defensive_tot,2023,1,1,0.8876566589853885,0.8726114649681529,0.012621026270325296,0.01622783885756014
9438fd6519803c1e1703fd8aadc8ff55e890348e7a5d1ca186f77d650b96b099,2023,4427775,Tarian,Lee Jr.,LB,Texas A&M,Georgia Southern,defensive_tot,2023,1,1,0.9658207557338356,0.8932584269662921,0.0011682207386061296,0.011393763413710399
c34f72c3ced186e68cc697c91a80290f5c243d913546910baf0ed8378aad43a2,2023,4427017,Levani,Damuni,LB,Stanford,Utah,defensive_tot,2023,1,1,0.9295144538680342,0.8932584269662921,0.004968212213521476,0.011393763413710399
d7dda69db44c0654d4c8e775b8601d401353cdca66ec24c5a6d02f8eab5c5414,2023,4366757,Noah,Plack,LB,Delaware,UConn,defensive_tot,2023,1,1,0.9832243297766752,0.8932584269662921,0.00028142311144174715,0.011393763413710399
d08ca56c91f4030486e1ea845a9224f21cfe9a5a1736362c90333dc4d43e928d,2023,4431566,Julien,Simon,LB,USC,Tulsa,defensive_tot,2023,1,1,0.7499208839586309,0.8932584269662921,0.06253956428003256,0.011393763413710399
b4bcb8e6a87673376b76ad9876e3d9ec574af10c631776b9ceaa7597c13a5d23,2023,4384550,B.J.,Davis,LB,South Carolina State,East Carolina,defensive_tot,2023,1,1,0.011479282061820242,0.8932584269662921,0.9771732097930144,0.011393763413710399
c04d40f799dae15f203b75ec73316be875045b8f6b3467c5bb84fa76385de8aa,2023,4366349,Joe,Andreessen,LB,Bryant,Buffalo,defensive_tot,2023,1,1,0.2983032451639988,0.8932584269662921,0.4923783357473751,0.011393763413710399
e28c3327678a96ca417098b7d424f0b7f98d8d6fc8b6e815231722a40372e03d,2023,4362237,Ryan,Selig,LB,Western Michigan,Minnesota,defensive_tot,2023,1,1,0.9931529456141315,0.8932584269662921,4.688215376304138e-05,0.011393763413710399
00b7b2375ccc75eeaf121cf0f4a981236017935467e70796b3b2535957638955,2023,4695086,Chandler,Martin,LB,East Tennessee State,Memphis,defensive_tot,2023,1,1,0.8547553003680459,0.8932584269662921,0.021096022771176563,0.011393763413710399
43f6a73afbad0d9c98020cb271b08a6afb1d49ea721fd96a1549316e9d3a62a4,2023,4426801,KeSean,Brown,LB,App State,Marshall,defensive_tot,2023,1,1,0.9421367490880537,0.8932584269662921,0.0033481558060988576,0.011393763413710399
0461fb7c37251ffb4a871cfd0423de84bab0159e5e4a5e4bdc06bba5e0627dbe,2023,4685439,Dasan,McCullough,LB,Indiana,Oklahoma,defensive_tot,2023,1,1,0.9913975046240647,0.8932584269662921,7.400292669298771e-05,0.011393763413710399
64d1f69fb68e8fb060bddf86ee7a6f76e5fe2cc9a709ff6b6fca23de80593adf,2023,4426387,Rian,Davis,LB,Georgia,UCF,defensive_tot,2023,1,1,0.985541532958584,0.8932584269662921,0.00020904726918771147,0.011393763413710399
9de94837fc7f166ed5e60909a7d094503b608aac4bcc2185f8db627d1ee9d5cc,2023,4361663,Calvin,Hart,LB,Illinois,Oregon State,defensive_tot,2023,1,1,0.9804442000655923,0.8932584269662921,0.0003824293110745803,0.011393763413710399
00caa1d7b3cd5daf9d8ea6102e66a70b66a83031741b3a2016c28bfa54da885b,2023,4684007,Gavin,Barthiel,LB,Washington State,Utah State,defensive_tot,2023,1,1,0.8077246642744831,0.8932584269662921,0.03696980472836024,0.011393763413710399
b7ca66cb935800f976ebd5b65a012d03afae5e0c72b7c12f3488bddb3e51b57f,2023,4360922,Larry,Nixon III,LB,North Texas,Auburn,defensive_tot,2023,1,1,0.9895011759010013,0.8932584269662921,0.0001102253074617162,0.011393763413710399
aa6039f1067cd3c1f65e22801a10a867c8e8c95908ac7a2acbd86208a7a60bc0,2023,5081906,Gavin,Forsha,LB,Kansas State,South Alabama,defensive_tot,2023,1,1,0.9803515289753364,0.8932584269662921,0.00038606241360704526,0.011393763413710399
8ec7189f28f10b547d04678ed6d43011f9dbdbabf18fb2d8b13bef32070b3108,2023,4683232,Kolbe,Cage,LB,Arizona,Southern Miss,defensive_tot,2023,1,1,0.9837687847581159,0.8932584269662921,0.00026345234822837036,0.011393763413710399
d4f7936f91bc773b136f2959ac01a0aba59518a36ad65a49afbe9350979fc45a,2023,4426415,Shammond,Cooper,LB,Illinois,Akron,defensive_tot,2023,1,1,0.938558725949525,0.8932584269662921,0.0037750301569455663,0.011393763413710399
f59628ec89416ded1018ef33e2700b84788d171bb799968f573cbf35a3e06534,2023,4372458,Chike,Nwankwo,LB,Abilene Christian,Liberty,defensive_tot,2023,1,1,0.9737383210236007,0.8932584269662921,0.0006896757826594533,0.011393763413710399
1abdc3d4caf1608e9a78114dc61a675d7a26a926b337dcb7f7781c09150f1334,2023,4569482,Devin,Nicholson,LB,Missouri,Kent State,defensive_tot,2023,1,1,0.9426036522646007,0.8932584269662921,0.003294340733362871,0.011393763413710399
ecbd22331171362f0bdc092028f81ee266b3a64c9109904379fc47440571a63a,2023,4698986,Daron,Allman,LB,Angelo State,UTSA,defensive_tot,2023,1,1,0.8547553003680459,0.8932584269662921,0.021096022771176563,0.011393763413710399
592b76530d807f313babbff29e12e727a3f1fb21e49bd8118068834f35326ef3,2023,4430285,Deuce,Palmer,LB,SMU,USC,defensive_tot,2023,1,1,0.9728389266061062,0.8932584269662921,0.000737723907908488,0.011393763413710399
f309ec2aaab03bd475f6123549c54299bf053c6077368355f7da05e6907c1895,2023,4691888,K.J.,Cloyd,LB,Louisville,Miami,defensive_tot,2023,1,1,0.9335731807586825,0.8932584269662921,0.004412522314518675,0.011393763413710399
a0bbe50424f014f08c236e789ad3c4ca64cac151019cb97cb3afdc77ef32e22c,2023,4432339,Jackson,LaDuke,LB,Oregon,Nevada,defensive_tot,2023,1,1,0.9717383946834277,0.8932584269662921,0.0007987183350697072,0.011393763413710399
69858258655a3112f717c243c99d92edd13408168a4c442ae83ebdd5abc9e648,2023,4686783,Mister,Williams,LB,Colorado,Incarnate Word,defensive_tot,2023,1,1,0.985165958234042,0.8932584269662921,0.0002200487951141875,0.011393763413710399
680fe541a3ba8d7a3085562f5c85881d8a6e9883634ca5a8f4468374cca7340f,2023,4361017,Andrew,Mataafa,LB,Utah,South Florida,defensive_tot,2023,1,1,0.9595099163385948,0.8932584269662921,0.0016394468749075892,0.011393763413710399
885f7d7be94d7a46e682486c0b5235150d1c402515cf85d175d6b5dee2d49804,2023,4430533,Sayyid,Stevens,LB,Duke,Old Dominion,defensive_tot,2023,1,1,0.9502121453381188,0.8932584269662921,0.002478830471832604,0.011393763413710399
00532a52e4f1aa6fe76d0382302ea58e41a1acd0dbfb884548f76cb0b857f23f,2023,4880360,Josiah,Robinson,LB,Coastal Carolina,Georgia State,defensive_tot,2023,1,1,0.9625700777221287,0.8932584269662921,0.0014009990817274894,0.011393763413710399
a115d834652910deace3ce030d04bf768383b28d55f2a4673f6a8c113fd65366,2023,4426564,Darren,Anders,LB,Bowling Green,Bowling Green,defensive_tot,2023,1,1,0.9982975689455654,0.8932584269662921,2.898271495103209e-06,0.011393763413710399
a9a2fff2be25de23b75bb40230e0a7366fd6cf74566f22de6141a254de201693,2023,4362398,Eriq,Gilyard,LB,Kansas,UConn,defensive_tot,2023,1,1,0.9024414068489136,0.8932584269662921,0.0095176790976192,0.011393763413710399
ce365efa602b6d68f57cc83cec22773eeecaa8b6801c8b56bc3f65d4a9e1a3c5,2023,4430866,Desmond,Tisdol,LB,Auburn,Florida Atlantic,defensive_tot,2023,1,1,0.9611585059657243,0.8932584269662921,0.0015086616588146768,0.011393763413710399
268e0d9d07f474deb8cde03f4877e5bfd9a8036d6e053f355d8699c91083157d,2023,4832813,Malcolm,McClure,LB,California,Nevada,defensive_tot,2023,0,0,0.713575346420873,0.8932584269662921,0.5091897750196689,0.7979106173462945
56a9c7feefa64d5471eddef54893b5cfbbdf849700c6e6858076cc1a96fe339a,2023,4683556,Brandon,Buckner,LB,Oregon,Middle Tennessee,defensive_tot,2023,1,1,0.8077246642744831,0.8932584269662921,0.03696980472836024,0.011393763413710399
39e9f73b9ac40a3e2cf2480e4c38ff34f867d820e6421ede25d255c38d969e20,2023,4569537,Donald,Willis,LB,Minnesota,Western Michigan,defensive_tot,2023,1,1,0.9794594040929363,0.8932584269662921,0.0004219160802172819,0.011393763413710399
0abd1ff898feccdd0ecdcdda2f178f6e48df5a2b44f7c0e614a9362f118b5d08,2023,4432223,Tyler,Grubbs,LB,Louisiana Tech,Tulane,defensive_tot,2023,1,1,0.9921042833918672,0.8932584269662921,6.234234075594442e-05,0.011393763413710399
878793d3d46046bc34932e062e3edac074dc1b8b4823fdae0d880b7fe3f57ce8,2023,4570972,Elijah,Anderson-Taylor,LB,Northern Colorado,Florida International,defensive_tot,2023,1,1,0.9672789238928864,0.8932584269662921,0.0010706688216075213,0.011393763413710399
159a7acc856b3d784c855d862604b91f1e54f74cce68550b7caa109aeacc467d,2023,4611385,Kolbe,Fields,LB,LSU,Louisiana Tech,defensive_tot,2023,0,0,0.9587166757858575,0.8932584269662921,0.919137664429885,0.7979106173462945
25f311b15aeeeae7997155e75772f065face0ea8949f2bdb578669021821e8ae,2023,4428132,Tuasivi,Nomura,LB,USC,Fresno State,defensive_tot,2023,1,1,0.9726737105820003,0.8932584269662921,0.0007467260933562851,0.011393763413710399
212c3fc919d2b99d7a7c8f67c26c8286511909f1663b57b33d28bdb785bae9a4,2023,4429004,Phillip,Webb,LB,LSU,Jackson State,defensive_tot,2023,1,1,0.7499208839586309,0.8932584269662921,0.06253956428003256,0.011393763413710399
7e7177102bad8c889e2bb5b07b989813c18f3dee1d039b0a0a00c9824ca4219b,2023,4372043,Ahmad,McCullough,LB,Maryland,Washington State,defensive_tot,2023,1,1,0.9922684394004002,0.8932584269662921,5.9777029305283786e-05,0.011393763413710399
a33302e2f14cb7fda4f646f319dd87c499ee8c6fffeaae3fe84e147c0eb318cf,2023,4568423,Reid,Dedman,LB,Georgia Southern,Georgia Southern,defensive_tot,2023,1,1,0.9784802767839708,0.8932584269662921,0.00046309848729450786,0.011393763413710399
328c67f506b45407fbc39fa3fd0bd7010367b5ef2d601b8a11375de68d80d18f,2023,4567249,Ashanti,Cistrunk,LB,Ole Miss,Ole Miss,defensive_tot,2023,1,1,0.9928232232986123,0.8932584269662921,5.150612382158163e-05,0.011393763413710399
7beec9b865fc76af51b6d24cc5e188e4a120197b45dbf387e7df09324d69947e,2023,4574755,Avery,Huff,LB,Miami,Florida International,defensive_tot,2023,1,1,0.7499208839586309,0.8932584269662921,0.06253956428003256,0.011393763413710399
3eab17985e7a659813a144dccf3e95bc85b6db0d756561e885cc1b488b4b9644,2023,4429045,Demouy,Kennedy,LB,Alabama,Colorado,defensive_tot,2023,1,1,0.9681265242982908,0.8932584269662921,0.0010159184533074452,0.011393763413710399
a4fac9ae7d9513cedeb615b24762b3b74bab1789f9081407e09f0ee3372fb066,2023,4382471,Jeslord,Boateng,LB,Akron,Louisiana Tech,defensive_tot,2023,1,1,0.9803999321368926,0.8932584269662921,0.0003841626602384162,0.011393763413710399
04e7b7fbe1af8c0c9d815f4cd370bd6aa5a229399e5625ff76b6d85efdab622a,2023,4361977,Keshon,Artis,LB,Virginia Tech,Northern Illinois,defensive_tot,2023,0,0,0.9558509417885004,0.8932584269662921,0.9136510229179632,0.7979106173462945
7dc29129aff7aab69b0ffeb6ec2cdccecfdaa2660da23538a9a5ab6656914bed,2023,4430901,Jaheim,Thomas,LB,Cincinnati,Arkansas,defensive_tot,2023,1,1,0.9823036185922698,0.8932584269662921,0.0003131619149278599,0.011393763413710399
6bb25737d66d6efe55a4ec15233b624015b3784faed94789d2f5ca2ad3c15ca6,2023,4875806,Jurriente,Davis,LB,Jackson State,Texas A&M,defensive_tot,2023,1,1,0.8497717858753169,0.8932584269662921,0.022568516319091642,0.011393763413710399
f6e725b855bb004ad9c9b46d41a4e78135c48890f45a56a8a2298ef532b13501,2023,4432266,Nikhai,Hill-Green,LB,Michigan,Charlotte,defensive_tot,2023,1,1,0.8077246642744831,0.8932584269662921,0.03696980472836024,0.011393763413710399
cf3075146358c3a93c09f9d54cb143ae50a7723ec0c73cfa52f54c395a7baa72,2023,4430883,Stephen,Dix Jr.,LB,Florida State,Marshall,defensive_tot,2023,1,1,0.7499208839586309,0.8932584269662921,0.06253956428003256,0.011393763413710399
deb4f22c11828a4887e1456e1c75ac288adfb4676eb5da5b71f013e2f425c779,2023,4427435,Daniel,Heimuli,LB,Washington,Arizona,defensive_tot,2023,1,1,0.9668624673580208,0.8932584269662921,0.0010980960695982345,0.011393763413710399
5464c1734290e94805a0fbf7dc0bbd73ce4470a9e26464161a686582588f2e38,2023,4428262,Gavin,Potter,LB,Kansas,Arkansas State,defensive_tot,2023,1,1,0.9696451074670492,0.8932584269662921,0.0009214195006869898,0.011393763413710399
f369bd56c702474f9461635e043c4e2e3c3873cab47fe35df8ddcb24f9738049,2023,4429628,Dan,Foster,LB,Marshall,Texas State,defensive_tot,2023,1,1,0.9615330005930499,0.8932584269662921,0.0014797100433742983,0.011393763413710399
7dcc802c8459c490cdf5e4e979c8165f0b7eed24e3803be0c122089567f696a0,2023,4612242,Davon,Hicks,LB,South Florida,Washington State,defensive_tot,2023,0,0,0.9773191656860456,0.8932584269662921,0.9551527516172682,0.7979106173462945
eb6fa71475435fcaecf7136884facff345d4c00e2b5fa3382bcb6cb9ab896fb8,2023,4568288,Dorian,Jones,LB,Louisville,Cincinnati,defensive_tot,2023,1,1,0.9814882128010258,0.8932584269662921,0.000342686265300104,0.011393763413710399
6bcd382cb5389b24fcb55073c2da5826dfda43b299332795ab8c64af2cf67384,2023,4600388,Chief,Borders,LB,Florida,Nebraska,defensive_tot,2023,1,1,0.9519437898981605,0.8932584269662921,0.0023093993293521378,0.011393763413710399
eed7cee8825ec49e84dd3523518f0696d9d2f0f6eb8c455c3bda750beb0f12a8,2023,4700136,Francisco,Mauigoa,LB,Washington State,Miami,defensive_tot,2023,1,1,0.962203444958308,0.8932584269662921,0.0014285795730196525,0.011393763413710399
ee060851b7924833361b217fd0c25962bb106e8ab31599b22ef98e85a57b7513,2023,4429888,Jestin,Jacobs,LB,Iowa,Oregon,defensive_tot,2023,1,1,0.9732448135766174,0.8932584269662921,0.0007158400005499563,0.011393763413710399
de2386f6cef75082d65c2d1e89f317985f82084ad50894b1428806720c0675fb,2023,4372371,Justin,Wright,LB,Tulsa,Oklahoma State,defensive_tot,2023,1,1,0.744051320443927,0.8932584269662921,0.06550972656649735,0.011393763413710399
b011bd228bca39d9a0ca40e7b99a0d0e844ced9189684d5391caed84bf1aa5cf,2023,4578871,Brevin,Randle,LB,Stephen F. Austin,Louisiana Tech,defensive_tot,2023,1,1,0.9708792230910214,0.8932584269662921,0.000848019647782503,0.011393763413710399
57fa1d6acaa4e2ad65c20fd95a23e08081ac8236111f06705db9179b3add66a4,2023,4428550,Omar,Speights,LB,Oregon State,LSU,defensive_tot,2023,1,1,0.9787558083638587,0.8932584269662921,0.00045131567827309723,0.011393763413710399
0d0e3b4611a15dc6fbb5796ebbc8aed1d00a92579cbac5b52c065f9447efd570,2023,4897443,Harrison,Taggart,LB,Oregon,BYU,defensive_tot,2023,1,1,0.8549423625767115,0.8932584269662921,0.02104171817482622,0.011393763413710399
590c5326e74f0f13244160f536c13f0baf1dea03501e9ecf7fe1b95570a79671,2023,4882098,Tyquan,King,LB,North Carolina A&T,East Carolina,defensive_tot,2023,1,1,0.6825079838068495,0.8932584269662921,0.10080118034639172,0.011393763413710399
99183c71e09ca9cdd4374bfd1a5abf398ce085622a0c52f27568e2c2a4bb89d8,2023,4243914,Monty,Montgomery,LB,Louisville,Ole Miss,defensive_tot,2023,1,1,0.1217117824116052,0.8932584269662921,0.7713901931545996,0.011393763413710399
b451f3792400f6dbaba6d4036ea4ad875c49d2119d0589847eef35a815cd173d,2023,5098536,Oluwafemi,Oladejo,LB,California,UCLA,defensive_tot,2023,1,1,0.995615862749194,0.8932584269662921,1.922065943390477e-05,0.011393763413710399
5229b628b650ebe52f7f4cb80e4fb4cfa9fe2d791dd8b7a21d51d9f0d3389e7f,2023,4427588,Jeremiah,Jean-Baptiste,LB,UCF,Ole Miss,defensive_tot,2023,1,1,0.9991553551734603,0.8932584269662921,7.134248830002386e-07,0.011393763413710399
b8ebf5286878b05723a68694518e2961f3f05839d8f67f70d5df0b173d7b02b5,2023,4428022,Darryl,Minor,LB,UTEP,Indiana,defensive_tot,2023,0,0,0.7948837779924708,0.8932584269662921,0.6318402205155835,0.7979106173462945
194cf1d7112796b27bbfb82de8bfb336016cc48828fe266b2205e678d89ad4ea,2023,5151109,Davon,Gilmore,LB,Wingate,Georgia Southern,defensive_tot,2023,1,1,0.8547553003680459,0.8932584269662921,0.021096022771176563,0.011393763413710399
f970361516430b196c54de5736c9f659ff833ee4e653042014e0e9840c33dded,2023,4432675,Zavier,Carter,LB,LSU,UNLV,defensive_tot,2023,1,1,0.9493412620521234,0.8932584269662921,0.0025663077304716292,0.011393763413710399
28a520d547bd0be7e4b8e3c52b1e11df4d9dd7d4ec4bf9fe1ae11b226dae4e50,2023,4046654,Keenan,Pili,LB,BYU,Tennessee,defensive_tot,2023,1,1,0.9967897087933376,0.8932584269662921,1.0305969631573837e-05,0.011393763413710399
882e15b3ae2510d0bdee33a241895e0fbf8edab5cd1adef21074442940587f58,2023,4685637,Jackson,Woodard,LB,Arkansas,UNLV,defensive_tot,2023,1,1,0.9733172111477865,0.8932584269662921,0.0007119712209318109,0.011393763413710399
c5f23073bd693574caf8eca0ae71b47af32ba830591e8ebf6a1fbbc2377124c8,2023,4568492,Nick,Jackson,LB,Virginia,Iowa,defensive_tot,2023,1,1,0.9917705543929127,0.8932584269662921,6.772377500000799e-05,0.011393763413710399
6555ccd1d48b2c7c61a13a169493708ae8eab7c2fc18a874f55fea98bb46555e,2023,4360864,Antonio,Grier,LB,South Florida,Arkansas,defensive_tot,2023,1,1,0.988974551012434,0.8932584269662921,0.0001215605253774194,0.011393763413710399
5334be8c125fa726f5429d0fa633ce6f21daffba561117b4159aaac35dbdc179,2023,4612847,RaRa,Dillworth,LB,North Carolina,East Carolina,defensive_tot,2023,1,1,0.9320918143362305,0.8932584269662921,0.004611521680144996,0.011393763413710399
b8aca110bd4b52d06d16cbde2af0221e11669dbd060056111bc34f577bb9157f,2023,4433964,Ethan,Calvert,LB,Utah,Cal Poly,defensive_tot,2023,1,1,0.930569545969076,0.8932584269662921,0.004820587946940245,0.011393763413710399
abe0a8c49f395c4f8219b93127fa26489d0c1f779c8de7ebf49a95cd0aaa53b4,2023,4751681,Ernest,Hausmann,LB,Nebraska,Michigan,defensive_tot,2023,1,1,0.9993981287684238,0.8932584269662921,3.6224897939902616e-07,0.011393763413710399
bf203e3eda7c840242eb1b99660438343aff7b9ddec0d9775b77b1ef98faf9a3,2023,4428762,AJ,Vongphachanh,LB,Utah State,BYU,defensive_tot,2023,1,1,0.9960001470898738,0.8932584269662921,1.5998823302644767e-05,0.011393763413710399
5d370ddc063374806044c23635a3eb059abc3d7375df3f551563431f6540fecd,2023,4605483,Mason,Cobb,LB,Oklahoma State,USC,defensive_tot,2023,1,1,0.21509252516351235,0.8932584269662921,0.6160797440541916,0.011393763413710399
ad752e41d26e570371f47e12e24bd7548ad244673d797a238ac027a3902c9623,2023,4426677,Trezmen,Marshall,LB,Georgia,Alabama,defensive_tot,2023,1,1,0.6440777780815766,0.8932584269662921,0.1266806280553474,0.011393763413710399
41cf2980424dce2f3981c1cbcd3b10aa68c936defe62f245d77322b436a85fe3,2023,4684373,Jeremiah,Brown,LB,Jackson State,Colorado,defensive_tot,2023,1,1,0.8792068904260137,0.8932584269662921,0.01459097532055305,0.011393763413710399
907ca16914a25ac29dd727a03a19f3f3b449a66a4101ad1f5c8ce3210ad21574,2023,4695679,JB,Brown,LB,Bowling Green,Kansas,defensive_tot,2023,1,1,0.9958286585571919,0.8932584269662921,1.7400089432488053e-05,0.011393763413710399
6f1a3e1aff86149c32e33534a8790c1df96f6214e22be88bce3cabaa2859bab2,2023,5081724,Mike,Smith,LB,Liberty,Baylor,defensive_tot,2023,1,1,0.9579651909388921,0.8932584269662921,0.001766925172803799,0.011393763413710399
8cb1b684f8043ab87783d6d2ee1057cff80f6e505e3c239aa9db81d649e518c1,2023,4427294,Ralen,Goforth,LB,USC,Washington,defensive_tot,2023,1,1,0.9832999209380515,0.8932584269662921,0.00027889264067533005,0.011393763413710399
09e5ef2358ce0e28fdcbf407d377fff9e21f5bebbef5303ce3b5f1f550439019,2023,4684965,Ahmad,Walker,LB,Liberty,SMU,defensive_tot,2023,1,1,0.9079372539453142,0.8932584269662921,0.008475549211129562,0.011393763413710399
7d9b36bc17c997eea14c697aff5b990f6c22067eada60e7afe452b11c6d2e3c5,2023,4816111,Deuce,Spurlock,LB,Michigan,Florida,defensive_tot,2023,0,0,0.9615238430427856,0.8932584269662921,0.9245281007397674,0.7979106173462945
8e807f03daa41f36cd06de4de6808f8fdb009c28d2110d9cf123cdf609bc45c6,2023,4360940,Braelen,Oliver,LB,Minnesota,Georgia Tech,defensive_tot,2023,1,1,0.989094107278504,0.8932584269662921,0.00011893849605277948,0.011393763413710399
8b6b9e3f478611b285ec3e05e0cd911d95d2937abac061087c5eb988aad4037e,2023,4428829,Andre,White Jr.,LB,Texas A&M,Georgia Tech,defensive_tot,2023,1,1,0.8329593844533518,0.8932584269662921,0.02790256724220312,0.011393763413710399
f2789e4e05648c4d7352c1531b91ca2d10233e0a7436d1fbcc9ce12b9ccde230,2023,4685559,Aubrey,Smith,LB,Colorado,Houston,defensive_tot,2023,0,0,0.9777233956589639,0.8932584269662921,0.9559430384188949,0.7979106173462945
754623b91fcbeb6b34c35cdad514e1111f6dd7aa7d3a635ac8b340fae01fc641,2023,4426505,Vonta,Bentley,LB,Clemson,Colorado,defensive_tot,2023,1,1,0.9808518298746748,0.8932584269662921,0.00036665241914839706,0.011393763413710399
45e4d39ab2b6a8868679d0462b650b8e47d913cfe063911a08bfd686da035f88,2023,4602650,Gaethan,Bernadel,LB,Florida International,Stanford,defensive_tot,2023,1,1,0.9978415898254225,0.8932584269662921,4.658734481719754e-06,0.011393763413710399
450efb556e8241894968839b9ab14a6f227e9b63d3429fc2c8606dbf4a5c788b,2023,4362095,Byron,Vaughns,LB,Utah State,Baylor,defensive_tot,2023,1,1,0.6302551046702307,0.8932584269662921,0.13671128762242205,0.011393763413710399
7e5e5a2f2865097fb3d141ab4e75ceda63e843862c2e18998b6b84db2118598a,2023,4430670,Daveren,Rayner,LB,Northern Illinois,Kentucky,defensive_tot,2023,1,1,0.947940882664008,0.8932584269662921,0.0027101516978025827,0.011393763413710399
ef87576c6970557bbf6c6cb8217780dc913b8da35ddb9290bbae33a7d31ddbc0,2023,4575369,Jacob,Roberts,LB,North Carolina A&T,Wake Forest,defensive_tot,2023,1,1,0.2974522632727722,0.8932584269662921,0.4935733223805502,0.011393763413710399
661c23e95de6fab35ac7538dc37d3845d56347782b1655176841a1ba572c0bf0,2023,4690066,Krew,Jackson,LB,Kansas State,Arizona State,defensive_tot,2023,0,0,0.656118134408647,0.8932584269662921,0.43049100629988335,0.7979106173462945
7650063c4e23989a0b69c3cbd59ea0d233c809314eb40b86fab506dfce5aff12,2023,4686099,Sergio,Allen,LB,Clemson,California,defensive_tot,2023,1,1,0.9572525106303227,0.8932584269662921,0.001827347847410675,0.011393763413710399
1bc7d5dbfcf609f74f07df05d008127c77250691783eff2ec4eb95f9f935b357,2023,4361339,Teradja,Mitchell,LB,Ohio State,Florida,defensive_tot,2023,1,1,0.8497717858753169,0.8932584269662921,0.022568516319091642,0.011393763413710399
58249a2b14bf2d81e2a49da48c438bed300fc71f6ffc3fa9b12547b983a6f207,2023,4575836,Kobe,Wilson,LB,Temple,SMU,defensive_tot,2023,1,1,0.998093665817625,0.8932584269662921,3.6341100148911995e-06,0.011393763413710399
1a1d589db310ab10d9fdc201d4df405a49db8653001bbcb88ed1a696cd6012dd,2023,4360469,Amari,Gainer,LB,Florida State,North Carolina,defensive_tot,2023,1,1,0.9723629441697111,0.8932584269662921,0.0007638068549665034,0.011393763413710399
517033f742cccc28d801b189999408f3f681d5a6374c8927b37a339821dfe71b,2023,4429185,Austin,Keys,LB,Ole Miss,Auburn,defensive_tot,2023,1,1,0.8421708903838777,0.8932584269662921,0.024910027842217946,0.011393763413710399
56420756c255084dc44a2e0aec896e9d5e2514686b44876d7b6cee6ebabfe031,2023,4911485,Konnor,Near,LB,Ferris State,Oklahoma,defensive_tot,2023,1,1,0.8497717858753169,0.8932584269662921,0.022568516319091642,0.011393763413710399
d34a63c59a0e59c441a8c7354194416b3b9e1b6a29ea5e657dd8cc3eb254f7ac,2023,4432779,Mason,Tufaga,LB,Utah,Oregon State,defensive_tot,2023,0,0,0.8497717858753169,0.8932584269662921,0.7221120880697254,0.7979106173462945
77d9f9460463c506a08bf51a20e9820ab6cad429eaca922d4d415dbc87ded90d,2023,4682989,Prince,Kollie,LB,Notre Dame,Vanderbilt,defensive_tot,2023,0,0,0.9837095326839401,0.8932584269662921,0.9676844446932559,0.7979106173462945
4bb3d0a85aca3e6db0c50fa60e88b5a7d6e89e501797e598af9b34e051451c0f,2023,4702827,Trevell,Johnson,LB,Texas,UL Monroe,defensive_tot,2023,1,1,0.8329593844533518,0.8932584269662921,0.02790256724220312,0.011393763413710399
baf27f96e727bdd695f92f16a0aa0d141200eca3f8905084a06b0dd7b9ab769f,2023,4361480,Devin,Richardson,LB,Texas,Washington State,defensive_tot,2023,1,1,0.9658139833721597,0.8932584269662921,0.001168683732878971,0.011393763413710399
4159614ad3ebcdcf6ee77a7ec6733d3e4a024042652157d5a751c7aec591013d,2023,4371186,Isaiah,Paul,LB,Washington State,UCF,defensive_tot,2023,0,0,0.8146758009784798,0.8932584269662921,0.6636966606999276,0.7979106173462945
20784aa54b130758bbbe27e7913b3910e6043a17f3860fedb6c25365d2f2de66,2023,4879286,Joshua,Rudolph,LB,Austin Peay,Indiana,defensive_tot,2023,1,1,0.9797043614048259,0.8932584269662921,0.00041191294598592204,0.011393763413710399
c77207d5345ca18c3beaa8f8f588c09465aa13329a046435427478262170a789,2023,4428543,Connor,Soelle,LB,Arizona State,Oregon,defensive_tot,2023,1,1,0.9885448640153613,0.8932584269662921,0.00013122014042656337,0.011393763413710399
793a0113ec237346203da6e76859431ca5b5e7db6e9917b2cfb56bc82d610e57,2023,4570742,Zachary,Lovett,LB,Missouri,Iowa State,defensive_tot,2023,1,1,0.7948837779924708,0.8932584269662921,0.04207266453064201,0.011393763413710399
94fcb68ddf72d8b406368fd80fe9484ed3091c6b0796c5de93ef1ddb243fec54,2023,4590562,Austin,Dean,LB,Rutgers,Georgia Tech,defensive_tot,2023,0,0,0.9682026202120979,0.8932584269662921,0.9374163137855719,0.7979106173462945
093f5c6e7889983d29a73e9d80a3462908afa3e3d409b52b3df8d12df16b3623,2023,4426796,Travion,Brown,LB,Washington State,Arizona State,defensive_tot,2023,1,1,0.9892146084019591,0.8932584269662921,0.00011632467192309184,0.011393763413710399
32c2ac785e6fcacf443c6dabb62c2e0e38f14cab8dcb4f0e143f87d3d53ff58b,2023,4685453,Tyler,Martin,LB,Arizona,Massachusetts,defensive_tot,2023,1,1,0.7948837779924708,0.8932584269662921,0.04207266453064201,0.011393763413710399
75ca8fd0b3e92955341f4087b047ae1438c8ed2d1101c0e112da8538c4ac9c56,2023,4244039,Jerry,Roberts,LB,Arizona,Massachusetts,defensive_tot,2023,1,1,0.9856056710982145,0.8932584269662921,0.0002071967045327771,0.011393763413710399
4b632e86c6be038f0ae7f5d2e389f481138ea2f6900e125f0c4630ab801035bd,2023,4428986,Justin,Flowe,LB,Oregon,Arizona,defensive_tot,2023,1,1,0.9563191599361109,0.8932584269662921,0.0019080157886870557,0.011393763413710399
af507908fe0bac05b8d38eb1df377261585d9f658a5907a206602e9acad71070,2023,4431200,Keith,Brown,LB,Oregon,Louisville,defensive_tot,2023,1,1,0.982667986845156,0.8932584269662921,0.0003003986799996857,0.011393763413710399
65b6ab09dbe3234cd49c558710273ec7f23098b446cde3d91ba565a415cf3828,2023,5092199,Tate,Romney,LB,BYU,Arizona State,defensive_tot,2023,1,1,0.8146758009784798,0.8932584269662921,0.034345058742968025,0.011393763413710399
00784e1f5f7fbb5fa70a6f38e2b5bb5f9f3f0992a23520d1f77f586039d5a225,2023,4869240,Aaron,Alexander,LB,Massachusetts,Michigan State,defensive_tot,2023,1,1,0.8146758009784798,0.8932584269662921,0.034345058742968025,0.011393763413710399
fbbebf519b60a19b95e756ff2fd6b1443f361a30b9051e6b0581002d445a32f4,2023,4426808,Tavian,Brown,LB,Colorado State,Georgia State,defensive_tot,2023,1,1,0.9507010268715338,0.8932584269662921,0.002430388751521233,0.011393763413710399
d836d8076f8b7e44dbc9158ee9d3e805004ddfef026175028acca7990aece73c,2023,4427797,Jaren,Lewis,QB,Kansas State,Kent State,passing_yds,2023,0,0,0.5862517758512424,0.8125,0.3436911446887354,0.66015625
72008e4b2f1bddc8848b083ce261d62e5a490d17e183a14edbe8fa9df7102729,2023,4428287,Ben,Ballard,QB,Texas,Florida Atlantic,passing_yds,2023,0,0,0.3476685249129486,0.8125,0.12087340321514554,0.66015625
5619fe9ab90e05839d75b1585c5e90853b8f818f0e17cd58ef07a38f3705a8eb,2023,4597499,Mikey,Keene,QB,UCF,Fresno State,passing_yds,2023,1,1,0.9735807399378887,0.8125,0.0006979773022294671,0.03515625
a89a3a9a541fc4d1186d295f57dc168597f5ed5be3efc90553136c8afeacbd10,2023,4362073,Casey,Thompson,QB,Nebraska,Florida Atlantic,passing_yds,2023,1,1,0.9582305561848379,0.8125,0.0017446864366279851,0.03515625
1ee029bad2768369455e9905fe9c85361748803634f459dea9b5f858e172600f,2023,4426335,Graham,Mertz,QB,Wisconsin,Florida,passing_yds,2023,1,1,0.9711741476322481,0.8125,0.0008309297647274293,0.03515625
2ec37b8fcf3fff931c98f737b1e2d97985865bc60fb8aa0e1480997cd148652c,2023,4684003,Tahj,Bullock,QB,Virginia Tech,Akron,passing_yds,2023,1,1,0.5862517758512424,0.8125,0.17118759298625053,0.03515625
43046fb8377312d7245b5e20f00646943a35efd4fa3c6ea273bfe1edbc67eda5,2023,4248558,Jason,Brown,QB,Virginia Tech,Jackson State,passing_yds,2023,1,1,0.5889761502506498,0.8125,0.16894060506277644,0.03515625
8a86170bfa05910de3d2188268338f91094c5b033c31f86ddc23b468d498d2d4,2023,4360890,Jordan,McCloud,QB,Arizona,James Madison,passing_yds,2023,1,1,0.5862517758512424,0.8125,0.17118759298625053,0.03515625
a02c516393d7111a5ad8db41be3219ff65368c9fe6f02b05ab08760e581a2608,2023,4430775,Hayden,Wolff,QB,Old Dominion,Western Michigan,passing_yds,2023,1,1,0.9343177304627163,0.8125,0.004314160531568391,0.03515625
b72f8cbdf51ef49e2956a0ca95a4f463ad70f6fc5a703727672e7c03cc2307ab,2023,4685345,JC,French,QB,Memphis,Georgia Southern,passing_yds,2023,1,1,0.5862517758512424,0.8125,0.17118759298625053,0.03515625
5e1e70115b8f902818b4b0159784577a059d020682b0a990946e91449ad18c2b,2023,4806463,Bryce,Archie,QB,Coastal Carolina,South Florida,passing_yds,2023,1,1,0.49497803474308183,0.8125,0.2550471853919598,0.03515625
432b61d18cba27b7da2ae24d19b96c5a4061afee919493bbe22e1935498a6f18,2023,4360056,Ben,Bryant,QB,Cincinnati,Northwestern,passing_yds,2023,1,1,0.9316687608901318,0.8125,0.004669158238289976,0.03515625
784aa63340ac0cd7572d4f98ca320874c18a5f2530648a5ad117f982de498d07,2023,4715345,Devin,Farrell,QB,Virginia Tech,Rhode Island,passing_yds,2023,1,1,0.5862517758512424,0.8125,0.17118759298625053,0.03515625
b19124e5cc4cc3c71d18a59573558429fa6a75650e57908169a4ec9b030d27a6,2023,4607891,Ryan,Stubblefield,QB,East Carolina,Incarnate Word,passing_yds,2023,1,1,0.5862517758512424,0.8125,0.17118759298625053,0.03515625
80b2f1ee5a7ab946034486793e850c741f6bbd6f3bb2b1330c599e4b0f3cf38d,2023,4684502,Justin,Lamson,QB,Syracuse,Stanford,passing_yds,2023,1,1,0.5862517758512424,0.8125,0.17118759298625053,0.03515625
5144fd4ad218a2adc51649763221d41a8d361b3e64974fc44403f93989c168c1,2023,4572038,Ren,Hefley,QB,Presbyterian,Middle Tennessee,passing_yds,2023,0,0,0.2995195819632651,0.8125,0.08971197997944909,0.66015625
e5b6a5dc031e34b5c246a9ae4083194e6b2293c33c9a841e1d17c5949902d03c,2023,4869553,Bishop,Davenport,QB,Utah State,South Alabama,passing_yds,2023,0,0,0.888748217260694,0.8125,0.7898733936840617,0.66015625
3d46df2a88098ae9e3c0ca44ea5e87184fd7ddd375ec4721e7892db29b604b8f,2023,4370775,Brennan,Armstrong,QB,Virginia,NC State,passing_yds,2023,1,1,0.9934534341171047,0.8125,4.285752485908821e-05,0.03515625
9c04cc6f5ddda4e3944414e0d225a09b9ec280cc0b3b2a61c216d905d631c87a,2023,4368343,Austin,Reed,QB,Western Kentucky,Western Kentucky,passing_yds,2023,1,1,0.9990785734500083,0.8125,8.49026887029647e-07,0.03515625
3e9e8899a5501c25601e5ab55e4b7366993dec673dc120865ca4d1f0261ddfac,2023,4567748,Sam,Huard,QB,Washington,Cal Poly,passing_yds,2023,1,1,0.9896147329723484,0.8125,0.00010785377123562822,0.03515625
17079c14ae0dcf1f9072d61d6a63cba6f9ce761403dffbe5797585e38cd3f2cd,2023,4691966,Maddox,Kopp,QB,Colorado,Miami (OH),passing_yds,2023,1,1,0.8175709022263333,0.8125,0.03328037571451403,0.03515625
ba7e6e44fb42fef6e3926bdb0e0ace5e9890e139394cd5cc9f509942d2e4d77d,2023,4587721,Daniel,Greek,QB,Mississippi State,Tarleton State,passing_yds,2023,1,1,0.5862517758512424,0.8125,0.17118759298625053,0.03515625
7d04388d4f572f54c996ab7024ac42c0b6c43e6777550126e31c4575456e2fef,2023,4697131,Bronson,Barron,QB,Weber State,Western Kentucky,passing_yds,2023,1,1,0.8440188202262576,0.8125,0.02433012844360854,0.03515625
75832fb298db60b600d16cb78c68829cb67e9f612693f0b392cb5b8c98bcaa68,2023,4832918,Ethan,Vasko,QB,Kansas,Coastal Carolina,passing_yds,2023,1,1,0.8835896338493765,0.8125,0.01355137334732223,0.03515625
0ffecb878636fcd0596b656185314d2ad5edd46de94310aedcbd1e626f6941f7,2023,4736246,Jacob,Knuth,QB,Minnesota,Kansas State,passing_yds,2023,0,0,0.5862517758512424,0.8125,0.3436911446887354,0.66015625
d1cf17880fa0f8b6f9da93061994ed899c8bb40e430121e78d697f9ff9b642a6,2023,4430865,Jay,Butterfield,QB,Oregon,San José State,passing_yds,2023,1,1,0.9943885065866523,0.8125,3.148885832804414e-05,0.03515625
f721d06777d1354b3be1a7259564881fcd4582dcc74069e3662acde43e445e09,2023,4711410,Brett,Griffis,QB,Wake Forest,James Madison,passing_yds,2023,1,1,0.5862517758512424,0.8125,0.17118759298625053,0.03515625
b8e2e67bb535630c4acfebd4871771e27077dcc4f26a1c5e6472b5a8933a041f,2023,4567241,Kinkead,Dent,QB,Ole Miss,UT Martin,passing_yds,2023,1,1,0.8496058340055,0.8125,0.022618405165181207,0.03515625
95eeba8983ea1163682f4391af94d5450163d8df1d09d3d8089971ee0bb1e780,2023,4682642,DC,Tabscott,QB,App State,New Mexico,passing_yds,2023,1,1,0.5862517758512424,0.8125,0.17118759298625053,0.03515625
0f16c6a28e9c6142746fb0cbee5f22379fcec571594f654657c0e770b614a9cb,2023,4374303,JT,Daniels,QB,West Virginia,Rice,passing_yds,2023,1,1,0.9644257699519894,0.8125,0.0012655258435087828,0.03515625
15fb1346d0cbf120da5dc4d9b5a7d7e559834b8745b44ccd390d5e54b11c0f8a,2023,4362365,Davis,Brin,QB,Tulsa,Georgia Southern,passing_yds,2023,1,1,0.7810607699655546,0.8125,0.04793438644807579,0.03515625
3c917f71c0962d70ae1b9b0c252f8451a3652fc721b52dce1fcd61d017ef1793,2023,4643625,Kai,Millner,QB,California,Northern Arizona,passing_yds,2023,1,1,0.9251005359558498,0.8125,0.005609929714100942,0.03515625
7ea41bab5c12fb9a59ea887b59564756ff2a1e25550ef326f472149913c46408,2023,4872956,Holman,Edwards,QB,Houston,Southern Miss,passing_yds,2023,1,1,0.2995195819632651,0.8125,0.49067281605291885,0.03515625
2a68b1d7c347ff67045b2edcd14b34ddd5e685ce0c9c1fa570b286a74771775c,2023,4731981,Carlos,Davis,QB,Western Carolina,Massachusetts,passing_yds,2023,1,1,0.6877979075042263,0.8125,0.09747014655873963,0.03515625
cd557e027d368c7c68925773265c2e0f9b3cae397595e012fcb1a2af12e6a065,2023,4683218,Zy,McDonald,QB,Louisiana,Jackson State,passing_yds,2023,1,1,0.6720079416367414,0.8125,0.10757879034936725,0.03515625
a44e9fa2423b5c6d08c15f6c7d780f790eee0ca9b7a447ce76612a6c5fa6ef23,2023,4570554,Chandler,Rogers,QB,UL Monroe,North Texas,passing_yds,2023,1,1,0.845253434997044,0.8125,0.023946499380214096,0.03515625
494a1e12c5266528d4483eff0244d324d36223f9121582d2f536d4b484ed8070,2023,4683311,Sam,Vidlak,QB,Boise State,Montana,passing_yds,2023,1,1,0.8627099479627179,0.8125,0.018848558388399616,0.03515625
b74d8f46ec98d4f2ca1da64bdcd8b7cc2b0efdb9275ff35810fa918de9401fad,2023,4362211,Trey,Lowe III,QB,Southern Miss,Liberty,passing_yds,2023,1,1,0.7232245345089039,0.8125,0.07660465829781293,0.03515625
14f9bdd31bfa0a36b0206cf6f70ebc31262c571bb9adb2287c18ba1d65c2a3d6,2023,4369839,J.T.,Shrout,QB,Colorado,Arkansas State,passing_yds,2023,1,1,0.5404698405363374,0.8125,0.2111679674566992,0.03515625
e430e09d1d3fce7e1ea13e41e371b0d894042479b59a7ad99dc272d13eda1ce1,2023,4570259,Daniel,Richardson,QB,Central Michigan,Florida Atlantic,passing_yds,2023,1,1,0.7948168653698383,0.8125,0.04210011873665906,0.03515625
29beb8a21745fef132cb97efd60a7e3857f51b06c5cb0efbde8b99739edb03c5,2023,4361994,Sam,Hartman,QB,Wake Forest,Notre Dame,passing_yds,2023,1,1,0.9943638538472249,0.8125,3.176614345544132e-05,0.03515625
069da3ec96e812aa31df4494b3fc6cbce1e1b4c8443755f118664517c4313656,2023,4775136,Owen,McCown,QB,Colorado,UTSA,passing_yds,2023,1,1,0.8593205928104357,0.8125,0.019790695607207233,0.03515625
5eb73f0a67eb6a948a8d3c4ec327714a78ff84523605d2f11014a6d8161637bc,2023,4683867,Xavier,Ward,QB,Washington State,Sam Houston,passing_yds,2023,0,0,0.5862517758512424,0.8125,0.3436911446887354,0.66015625
bd895163e1214b02e3c67650fb3dfc109bb50bc0bd13b16edd8b9f27df13838d,2023,5081856,Nate,Glantz,QB,Iowa State,McNeese,passing_yds,2023,1,1,0.3476685249129486,0.8125,0.42553635338924845,0.03515625
d00697389bcbe5ccc373e003b605bd717811a7a1276994ec7e1f68db11735423,2023,4429020,DJ,Uiagalelei,QB,Clemson,Oregon State,passing_yds,2023,1,1,0.9994283449448368,0.8125,3.267895020936545e-07,0.03515625
3b7394e0afd656ce6b465f7c14c9100beb671087a2e76ee19002939d385e7fba,2023,4433969,Timmy,McClain,QB,South Florida,UCF,passing_yds,2023,1,1,0.8010658148990937,0.8125,0.03957481000176166,0.03515625
04ee430106d744896fc953b741a9019209c588ce7d3ea21b3bfcf0d635c6150d,2023,4426499,Hank,Bachmeier,QB,Boise State,Louisiana Tech,passing_yds,2023,1,1,0.9107492632441556,0.8125,0.007965694011461032,0.03515625
4dbd975182f905848aa39cfadcc017e771c53f098196d5f333b5da0f40142c82,2023,4755664,Nick,Evers,QB,Oklahoma,Wisconsin,passing_yds,2023,0,0,0.3786876084597593,0.8125,0.14340430480097197,0.66015625
77d9c86a9b5fafa7758aef19ebaf226120963998cd851b96b402907ad68b51da,2023,4428439,Collin,Schlee,QB,Kent State,UCLA,passing_yds,2023,1,1,0.9982750887030654,0.8125,2.975318982292739e-06,0.03515625
967e9ba97b291f0885b392a5f582f2719059746732587c41bbb9895008e96f76,2023,4432703,Jake,Garcia,QB,Miami,Missouri,passing_yds,2023,0,0,0.9668162386498262,0.8125,0.9347336393169978,0.66015625
02d1c51a48fe69e3344ba5b8b32aa6cff9677088a8cf3a421274d7f0e37ea0ad,2023,4429463,Jacolby,Criswell,QB,North Carolina,Arkansas,passing_yds,2023,1,1,0.8638023046286155,0.8125,0.018549812224476447,0.03515625
554699725a75354da1533a9e1564af2059bf03c484054bf202a23c21746e71e9,2023,4433932,Mike,Wright,QB,Vanderbilt,Mississippi State,passing_yds,2023,1,1,0.9949878931161148,0.8125,2.5121215415489444e-05,0.03515625
6092ab3dd312da9829e71e5493009a41b26d19a9a3f462bc314e6e4b133979bb,2023,4876244,RJ,Martinez,QB,Northern Arizona,Baylor,passing_yds,2023,1,1,0.9900375040514469,0.8125,9.925132552493774e-05,0.03515625
7068ac48c161ce5d49b6adbcb65013adeff777c225ebf25907dc0cd0605f8c4c,2023,4431091,Ben,Finley,QB,NC State,California,passing_yds,2023,1,1,0.8962333086862473,0.8125,0.010767526226203642,0.03515625
f4b17fe02ad33dbb6597f755fc3d6e5e2ce4d68d49ff44809c37ab71ec88c80a,2023,4429088,Drew,Pyne,QB,Notre Dame,Arizona State,passing_yds,2023,1,1,0.9819821889715322,0.8125,0.0003246415142575751,0.03515625
a77617b14b509cbd783464cc0fb3f68d9bb61c400697ea46bca44904778c7bed,2023,4432612,Christian,Veilleux,QB,Penn State,Pittsburgh,passing_yds,2023,1,1,0.9825368127018526,0.8125,0.0003049629106101782,0.03515625
6266186f59c51c12b8bea6461c855abf5b4dc7a2e002e367b7dfcf37d8625ce4,2023,4429209,Beau,Allen,QB,Tarleton State,Georgia Southern,passing_yds,2023,0,0,0.8292310606257007,0.8125,0.6876241519064246,0.66015625
45ed1766fc7b54df80ae3ed4eb96c0134f2ba135ca681da5d236f582e662f5c2,2023,4682927,Billy,Wiles,QB,Clemson,Southern Miss,passing_yds,2023,1,1,0.5862517758512424,0.8125,0.17118759298625053,0.03515625
f72626e0f1a68f542166944a43978dfc80cc222c1972756266806bc14e5eeaba,2023,4361222,Layne,Hatcher,QB,Texas State,Ball State,passing_yds,2023,1,1,0.7752705925042116,0.8125,0.05050330659340812,0.03515625
e64aea8bb1ea86d0c84a42f437eda769265995b4e747fa93304e7e726cfee472,2023,4361825,Spencer,Sanders,QB,Oklahoma State,Ole Miss,passing_yds,2023,1,1,0.9945351625748282,0.8125,2.9864448083558204e-05,0.03515625
5f0d7c215b10f37a4b4dc747dbbc9020b4bbf66181721f2434c4e8e9e1d513b5,2023,4702829,Braedyn,Locke,QB,Mississippi State,Wisconsin,passing_yds,2023,1,1,0.8254121270501951,0.8125,0.03048092538113723,0.03515625
0c47acac2f26700fac786088b6ec731b7cadfed9fdc8e7c2a319e09f670d2237,2023,4429032,Hudson,Card,QB,Texas,Purdue,passing_yds,2023,1,1,0.9919077177989154,0.8125,6.548503122199061e-05,0.03515625
8464bf02cb7c1d7851038e75d85e32f1f6142d78759d883c20fcad6451f61753,2023,4597679,Luke,Altmyer,QB,Ole Miss,Illinois,passing_yds,2023,1,1,0.9571221121236373,0.8125,0.001838513268737932,0.03515625
78d2ed3b8352872da0dec01740345b972477002599ed69a32a46b0a59ea6f227,2023,4360271,Tanner,Mordecai,QB,SMU,Wisconsin,passing_yds,2023,1,1,0.9950696149662794,0.8125,2.430869658073572e-05,0.03515625
2cc121f26f4b3338143499b4e4dd50e40ed620c0da042d307579e73eb18e1b62,2023,4432759,Sawyer,Robertson,QB,Mississippi State,Baylor,passing_yds,2023,1,1,0.9460363373889822,0.8125,0.002912076882395762,0.03515625
91ea1e6485957d37067e95dbf3dedf43aa52913b1f53ef9e8042bd644cfbf3b6,2023,4685391,Walker,Howard,QB,LSU,Ole Miss,passing_yds,2023,1,1,0.9821191982864874,0.8125,0.00031972306991795457,0.03515625
d387d9f73d48cce229ffcc801dd21bb60f518df721efd69a3b9d07ae5896334c,2023,4426847,Zach,Calzada,QB,Auburn,Incarnate Word,passing_yds,2023,1,1,0.5862517758512424,0.8125,0.17118759298625053,0.03515625
f5613ddbf0fbff9333f8dcbd29b00bec1fe1b11f4f1ba488b71e1c6d39942bce,2023,4428512,Kedon,Slovis,QB,Pittsburgh,BYU,passing_yds,2023,1,1,0.8817512947042864,0.8125,0.013982756304112533,0.03515625
3835a8d39d13e74471a6a53699bd16bb6bdcb87bcff9ce9850c025046d878261,2023,4565552,Deacon,Hill,QB,Wisconsin,Iowa,passing_yds,2023,1,1,0.8529529337934687,0.8125,0.021622839679948,0.03515625
2fe7cf4a5b66b074b179053528d2e25e6eef015f6b61c494acd902ccfc02479a,2023,4363410,Dylan,Hopkins,QB,UAB,New Mexico,passing_yds,2023,1,1,0.920994737053405,0.8125,0.006241831573260624,0.03515625
268de4fae847b43701344ea6e96bf4a97a3f753451f7ce883910141f292fae5d,2023,4432762,Shedeur,Sanders,QB,Jackson State,Colorado,passing_yds,2023,1,1,0.9990270570616684,0.8125,9.466179612493496e-07,0.03515625
1c85cc517d2fce240f7db9c215ae8f81ddcd5e69b6bc7e99e0d765ed09f4794b,2023,4426444,Connor,Bazelak,QB,Indiana,Bowling Green,passing_yds,2023,1,1,0.8152085371549138,0.8125,0.03414788474042687,0.03515625
5336568ebda9b0b0f32afb9dda25d7c4ca54088d752f815c0df4ef423cb13651,2023,4362140,Steven,Krajewski,QB,Georgia State,Wagner,passing_yds,2023,1,1,0.5862517758512424,0.8125,0.17118759298625053,0.03515625
c0b6e05e911b82d85753a85ff5b784c752a12dd8192a468c862e1c6d53b583c5,2023,4361653,Devin,Leary,QB,NC State,Kentucky,passing_yds,2023,1,1,0.9909275004369354,0.8125,8.231024832180647e-05,0.03515625
1e5a920a5558ccafe96ae9ae28dcd91e749a0814673e74535baff0ff174e39d2,2023,4775264,Tony,Muskett,QB,Monmouth,Virginia,passing_yds,2023,1,1,0.975437662132852,0.8125,0.0006033084414999331,0.03515625
ecdd0b192ced5b98b4121db37847532db6bdbaf634d56d47e366aa6e67c2b3fe,2023,4690977,Donovan,Smith,QB,Texas Tech,Houston,passing_yds,2023,1,1,0.9862950354994513,0.8125,0.00018782605196130008,0.03515625
b09082a70230dcff21e55a4f5ba4f2686f35ce44a9eabaa5189b77570560ca4f,2023,4361636,John,Paddock,QB,Ball State,Illinois,passing_yds,2023,1,1,0.8640141074075517,0.8125,0.018492162984164888,0.03515625
5ad251ff65a3a0345cf3c3ebe31fc6c863c144af4c72ed6793f8aea3165ad9cd,2023,4429149,Brendon,Lewis,QB,Colorado,Nevada,passing_yds,2023,1,1,0.9662358888231602,0.8125,0.001140015203561995,0.03515625
d47782707fd80657d3e40413f87bca2969c5979394ac35fd2d48af1e85dad79c,2023,4372768,Phil,Jurkovec,QB,Boston College,Pittsburgh,passing_yds,2023,1,1,0.9144512497614351,0.8125,0.007318588667380358,0.03515625
101f1879ba7168da090c01c7c2a8311d541cd09bf6de30adb619c46a4d5afec1,2023,4685309,Braden,Davis,QB,South Carolina,Syracuse,passing_yds,2023,1,1,0.81756842659612,0.8125,0.033281278974615275,0.03515625
7861b20b4a349a423147ff0e0dc4e6c18e94283334f3bc4d1886e8171b90534c,2023,4430590,Payton,Thorne,QB,Michigan State,Auburn,passing_yds,2023,1,1,0.9500335117523845,0.8125,0.0024966499477990993,0.03515625
96faba876f248fcbef1adfdeddfbb563870c5b324214f67c9714a2fac26eb491,2023,4427455,Cade,McNamara,QB,Michigan,Iowa,passing_yds,2023,1,1,0.9078371118956837,0.8125,0.008493997943728723,0.03515625
8e8da102825d1edc4757113b09d6d676d2d456f2bbb235464a6fcc4761150091,2023,4899880,Bennett,Meredith,QB,Arizona State,Purdue,passing_yds,2023,1,1,0.8094536826277743,0.8125,0.036307899064116966,0.03515625
ea17833fec65973f782247d24d7c9638f126276a525b57fe94575386feea40bf,2023,4429145,Harrison,Bailey,QB,UNLV,Louisville,passing_yds,2023,1,1,0.913522821561484,0.8125,0.007478302390686935,0.03515625
3efa7c93b2a278321e43253fa222c77553c1965783730b2b27bdb348551f7d54,2023,4240796,Tristan,Gebbia,QB,Oregon State,Ohio State,passing_yds,2023,0,0,0.9877745342467722,0.8125,0.9756985305064277,0.66015625
3727bf27b6dac58b5374c7002ead77a72b90dfb3f81892f7d16370d2323695ae,2023,4361493,Jack,Plummer,QB,California,Louisville,passing_yds,2023,1,1,0.9363277682556208,0.8125,0.00405415309530993,0.03515625
fc6098c5341e1e9e16cfec69a4314578946643eecbf39fa209b271b1e0c0c67c,2023,4428993,Haynes,King,QB,Texas A&M,Georgia Tech,passing_yds,2023,1,1,0.9268715610435562,0.8125,0.005347768584206332,0.03515625
0c3a516ca74c6ed79947c6e59d8a042997508628b6ee08158837a65b992979ed,2023,4428186,Alex,Padilla,QB,Iowa,SMU,passing_yds,2023,1,1,0.8687515350961427,0.8125,0.01722615953961907,0.03515625
95f30952f561891d3cd364bb51d37a44d9da5961105075d21ff3b6160ea28981,2023,4361025,Jack,Tuttle,QB,Indiana,Michigan,passing_yds,2023,1,1,0.9713714670141868,0.8125,0.0008195929009197973,0.03515625
9c2afded6972437878795940e15fd55ec92d9730bd6c21a11e1825c3e97e9f94,2023,4678010,Kyron,Drones,QB,Baylor,Virginia Tech,passing_yds,2023,1,1,0.9497906370915347,0.8125,0.002520980123673975,0.03515625
8187b722aabbdb00df2f7e3ef74850d1caa6d4f334f8e9ecffbb9d625887467b,2023,4877296,CJ,Ogbonna,QB,Southeast Missouri State,Buffalo,passing_yds,2023,1,1,0.7502048273185278,0.8125,0.06239762829496653,0.03515625
84861e3bb14c45ba7171a3c5e2501c25ed9253346ca6abb33217d5e4f6fdaf4f,2023,4429066,Jeff,Sims,QB,Georgia Tech,Nebraska,passing_yds,2023,1,1,0.9937770520572322,0.8125,3.872508109839783e-05,0.03515625
d57da298f02982a3763a42677e790604e73cb1fbaa8101fd9c5520fc38972a5a,2023,4567102,Paul,Tyson,QB,Arizona State,Clemson,passing_yds,2023,1,1,0.7834657641129901,0.8125,0.046887075311171256,0.03515625
1f4abe41e15fa802fd476f301b2be79f03a46b94c7cf4c74599365da75e5b506,2023,4360230,Emory,Jones,QB,Arizona State,Cincinnati,passing_yds,2023,1,1,0.9667196111846241,0.8125,0.0011075842797025955,0.03515625
16fe6367403681191816a0f669ac80351005157119abd56a01b457333bfa9e0c,2023,4812381,Gunnar,Smith,QB,South Florida,UCF,passing_yds,2023,0,0,0.7924034082223854,0.8125,0.6279031613624524,0.66015625
9ac4ec0b4ae4bcae0d2fe5320fee58a339ded5f2e1ff82f89d7606229064d1d8,2023,4362159,Alan,Bowman,QB,Michigan,Oklahoma State,passing_yds,2023,1,1,0.9702467454813947,0.8125,0.0008852561544489086,0.03515625
7a8ee35289886783793f9984ca76175cb895dfd4a6a2773614ac43693eba45ea,2023,4426430,Taisun,Phommachanh,QB,Georgia Tech,Massachusetts,passing_yds,2023,1,1,0.7160479968314892,0.8125,0.08062874010340995,0.03515625
6cbb2440179db98a87e6e221380e9af2e64033b012a4ac93822dd967e3a6c28a,2023,4801307,Tayven,Jackson,QB,Tennessee,Indiana,passing_yds,2023,1,1,0.9906262743960204,0.8125,8.786673169870353e-05,0.03515625
a4a4c5fd8b5090e170d824b80d5df941a8860d957fefefafee09162f96b158bf,2023,4431948,T.J.,Finley,QB,Auburn,Texas State,passing_yds,2023,1,1,0.8090383402846769,0.8125,0.036466355481230846,0.03515625
eb5c12e5f78a23d61324316b06e1ccfead5bbbca59cb18de330008d3b72a6f5c,2023,4710001,CJ,Montes,QB,New Mexico,Fordham,passing_yds,2023,1,1,0.8210402109482415,0.8125,0.03202660609744989,0.03515625
1e643ffeec9ffdeeda9f1d3615109a66aa19328bed794eb3470ac3aa460d13fb,2023,4685691,Brady,Allen,QB,Purdue,Louisville,passing_yds,2023,1,1,0.9054026208063143,0.8125,0.008948664150313963,0.03515625
c5208b18e8f0d9b3816f44d8d8150396dd474a5624db70796f71818001597be7,2023,4602923,Jaylen,Henderson,QB,Fresno State,Texas A&M,passing_yds,2023,1,1,0.869369296224675,0.8125,0.01706438076883672,0.03515625
dc21360807a5456021ff233b766a0a2a77713a2d4dac8bb6fb6a04e84ec3e606,2023,4243826,Tre,Siggers,RB,SMU,Incarnate Word,rushing_yds,2023,1,1,0.9805756247427717,0.9305555555555556,0.00037730635413362254,0.004822530864197527
714b00853fe1d00e44cd7221ba60672b90860eeecc297a41f888e690942d112d,2023,4430123,TJ,McDaniel,RB,SMU,Northern Arizona,rushing_yds,2023,1,1,0.9829615576631442,0.9305555555555556,0.0002903085172663604,0.004822530864197527
3750d30398a5407dd18e15985ef845ccd152422cef4e969eea289a8234f8ba5f,2023,5081363,Justin,Williams-Thomas,RB,Tennessee,California,rushing_yds,2023,1,1,0.9143703371067953,0.9305555555555556,0.007332439167203882,0.004822530864197527
d1f2c8908e74ee6707ce3320daddc0c5158dd31cbf0775c8d749674e79b13149,2023,4431423,Jay'Veon,Sunday,RB,Washington,Abilene Christian,rushing_yds,2023,1,1,0.8764546598171409,0.9305555555555556,0.015263451080898384,0.004822530864197527
a9129ffb533bc776fbc6e3e7d9947f7c1c65bc1c3c664d9452ed5967251292ba,2023,4837462,Jaiden,Credle,RB,Northern Illinois,Middle Tennessee,rushing_yds,2023,1,1,0.9329190670881734,0.9305555555555556,0.004499851560320981,0.004822530864197527
65b3d5b2ec1be69b99ff216f2b5d1ccfec06938785fa8bcb721ab8f620087fb3,2023,4426696,Micah,Bernard,RB,Utah,Utah,rushing_yds,2023,1,1,0.9989349749495579,0.9305555555555556,1.1342783580692993e-06,0.004822530864197527
4c96c3e3b8711b1472c5755f6fb11291ec58a2da280d8593b2f82402f3b63658,2023,4565770,Damien,Moore,RB,California,Fresno State,rushing_yds,2023,0,0,0.9493937897271648,0.9305555555555556,0.9013485679725081,0.8659336419753086
f4a02c9aa804bb89615183ed5273aeb1645942b52594080ad6b76b2a1bcc3aa5,2023,4838520,Micah,Bell,RB,Charlotte,Mercer,rushing_yds,2023,1,1,0.9544709673242443,0.9305555555555556,0.00207289281639003,0.004822530864197527
a13f2834b3c7c3853dc372475b82051d286747f7b0dd79cdd6aa2137af2dc890,2023,4882697,Nemo,Squire,RB,East Carolina,Gardner-Webb,rushing_yds,2023,1,1,0.868612861015281,0.9305555555555556,0.017262580290589864,0.004822530864197527
03961265c5b934c1bbb452cdf480e0d72eeb021aae6b61aa3c4358c373af0180,2023,4693615,Charlie,Spegal,RB,Indiana,Ball State,rushing_yds,2023,1,1,0.8695226297486853,0.9305555555555556,0.017024344147698656,0.004822530864197527
c36463a9089c494e62c04828ff502df85a01368c81cdf20c8910cf8e3bac6218,2023,4590302,Deon,Silas,RB,Iowa State,Rhode Island,rushing_yds,2023,1,1,0.9753303663155308,0.9305555555555556,0.000608590826125896,0.004822530864197527
250d1c5a6ad569fc151a04367e7d728210c0c555d082c81158f71378af231c52,2023,5082194,Preston,Landis,RB,North Texas,Texas A&M,rushing_yds,2023,0,0,0.9558980687897123,0.9305555555555556,0.9137411179159015,0.8659336419753086
2642dbeca35af2cee4e02fc0b9a65eeb32027f6865636de2149be7b6963cebf0,2023,4433821,John,Gentry,RB,Utah State,Sam Houston,rushing_yds,2023,1,1,0.868612861015281,0.9305555555555556,0.017262580290589864,0.004822530864197527
07d9bd99d1de115548cc81b63cecdc3a3403e5a5fed5fe105b67b23b32fc4496,2023,4882093,Bhayshul,Tuten,RB,North Carolina A&T,Virginia Tech,rushing_yds,2023,1,1,0.9999784552060379,0.9305555555555556,4.641781468694586e-10,0.004822530864197527
893cf420d0bcc1d4b051423024ce331e8166b1860e7d948c2eaab675c30ccbb2,2023,4430689,Dominic,Richardson,RB,Oklahoma State,Baylor,rushing_yds,2023,1,1,0.9945087792817745,0.9305555555555556,3.0153504976268955e-05,0.004822530864197527
0c2f4cd761a3508659476637047a84d40954bf7bdbe2b1fff775fdf5f2cb7a4f,2023,4431445,Ky,Thomas,RB,Kansas,Kent State,rushing_yds,2023,0,0,0.9892387570896144,0.9305555555555556,0.9785933185282051,0.8659336419753086
1a08c43a23f6cfbdf0070573810e5b651e581a4733a997a084134469198b4db7,2023,4429439,Quinton,Cooley,RB,Wake Forest,Liberty,rushing_yds,2023,1,1,0.972338306222155,0.9305555555555556,0.0007651693026592686,0.004822530864197527
cd52ae42637f2ae1818afaca858cd1822556638a505940d9f7c17228e7627df8,2023,4429501,Ray,Davis,RB,Vanderbilt,Kentucky,rushing_yds,2023,1,1,0.9883963924267654,0.9305555555555556,0.00013464370871362833,0.004822530864197527
43f2ad8d9f732cd6e651a405574ed8aa7b2e5404582b3f3eea1dc5cbc69bbec5,2023,4695787,Shomari,Lawrence,RB,South Dakota,Florida International,rushing_yds,2023,1,1,0.9914465894002406,0.9305555555555556,7.316083288807727e-05,0.004822530864197527
732f3b9849fda551989aeac5c9f9cbffe2e0e687ca40df35a1cb81ea3cad6e8a,2023,4430894,Caziah,Holmes,RB,Penn State,Florida State,rushing_yds,2023,1,1,0.8676977140039481,0.9305555555555556,0.017503894879781105,0.004822530864197527
d14e03df3e8a46184e02ca7998687e89c429a4d6fa96e200c3c751898c22b006,2023,4576294,Harrison,Waylee,RB,Northern Illinois,Wyoming,rushing_yds,2023,1,1,0.9751200616874425,0.9305555555555556,0.0006190113304366679,0.004822530864197527
111206fb2034dc60f4d3d4205e9c01d03ffcb6240de046fa71bdd7bcb43447c2,2023,5084798,Ismail,Mahdi,RB,Houston Christian,Texas State,rushing_yds,2023,1,1,0.9987532177910914,0.9305555555555556,1.554465876451044e-06,0.004822530864197527
0da9d51f6d6d4d9fb14a259e0a15708c5309b352ed1d98b4a749722c11ba230b,2023,4433951,Jaquez,Yant,RB,Nebraska,Florida A&M,rushing_yds,2023,1,1,0.9750177271786205,0.9305555555555556,0.0006241139553218392,0.004822530864197527
43bd6dc64eef76dea19f6541d7f9472cd6df9529b7c5ae8683cdd1736a2126d5,2023,5154339,Mario,Anderson Jr.,RB,Newberry,South Carolina,rushing_yds,2023,1,1,0.7906225488929258,0.9305555555555556,0.043838917032095234,0.004822530864197527
1cffc6ed050a52f10163868b4143a53d366337f340553c78a1bf9e647b81d6b6,2023,4687515,EJ,Wilson,RB,Florida International,Temple,rushing_yds,2023,1,1,0.9754510494193936,0.9305555555555556,0.0006026509746090531,0.004822530864197527
1f0bb5e730e844aec2ee62df89c655d57a03cebb4589b78602c5884603bb0330,2023,4430100,Larry,McCammon,RB,Florida Atlantic,Florida Atlantic,rushing_yds,2023,1,1,0.9948681501078029,0.9305555555555556,2.6335883316042978e-05,0.004822530864197527
7b3c1baeac17b475713e837effe767f9bfbbcf7561b5deb16339a8f6f0c93534,2023,4682762,Ke'Travion,Hargrove,RB,Mississippi State,Memphis,rushing_yds,2023,1,1,0.8676977140039481,0.9305555555555556,0.017503894879781105,0.004822530864197527
9160d101b66a233ee728c7932394f76a9d3874d0700650699d6d2594732ee5f5,2023,4365311,Malik,Jackson,RB,UL Monroe,Jacksonville State,rushing_yds,2023,1,1,0.9853287770876209,0.9305555555555556,0.0002152447817447175,0.004822530864197527
b3f01587ab4be6749eab11479deea73d1268263f5df956ae1b1a17c26b94de84,2023,4880684,Maquel,Haywood,RB,Navy,App State,rushing_yds,2023,1,1,0.993003906176125,0.9305555555555556,4.8945328792461986e-05,0.004822530864197527
41fc4208c647ca4baab9f3ce4928b07a66bab86ef0a0f472f624b8dcaf091abb,2023,4887225,Andrew,Henry,RB,UL Monroe,New Mexico,rushing_yds,2023,1,1,0.9952920144066634,0.9305555555555556,2.2165128347065237e-05,0.004822530864197527
2c0ee61c5eb3d41a72dcb72df4d1c67f880c20a8ab5ee62104d68f072d47c164,2023,4686095,Kobe,Pace,RB,Clemson,Virginia,rushing_yds,2023,1,1,0.9731954117415085,0.9305555555555556,0.0007184859517072617,0.004822530864197527
186a9d7cb59b4aae88d3df1c6571d8544a2d55f663e6396890b259e7f5abba0a,2023,4568660,Vincent,Davis,RB,Pittsburgh,UNLV,rushing_yds,2023,1,1,0.9723654953597186,0.9305555555555556,0.0007636658467137336,0.004822530864197527
07c989c4ffbd363c822ff81616cc3b8f2a1c7799f7230047796b3b59f7e578af,2023,4567400,Nay'Quan,Wright,RB,Florida,South Florida,rushing_yds,2023,1,1,0.962178444353839,0.9305555555555556,0.0014304700714956504,0.004822530864197527
df80b308351504005934d681c97e04631b334fa516ae5bf2300c832501849c8c,2023,4428030,Jalen,Mitchell,RB,Louisville,UConn,rushing_yds,2023,1,1,0.9490092725460288,0.9305555555555556,0.0026000542862851675,0.004822530864197527
9c1a472a9241c4889050689763ba7413e01628eafeb7e9b39168f8c52aa8d6ae,2023,4694583,Quali,Conley,RB,Utah Tech,San José State,rushing_yds,2023,1,1,0.9823804045986082,0.9305555555555556,0.00031045014210874695,0.004822530864197527
755c3bda3603731782cae6322ec9d511f972c4fb1dc2dceab2c936464fc8f53a,2023,5081241,Johnny,Martin,RB,Charlotte,Stony Brook,rushing_yds,2023,1,1,0.9594512998460764,0.9305555555555556,0.0016441970841728074,0.004822530864197527
9d407227d0f8cf7e15f1488954d4cde1f3ffadaa6e0efb6ca16d19f994803f4b,2023,4362569,Kobe,Lewis,RB,Purdue,Florida Atlantic,rushing_yds,2023,1,1,0.9566495014006572,0.9305555555555556,0.0018792657288116232,0.004822530864197527
7e7612ff6f7bbe69b3e197240bf288a818f8bb866886078bac65be3187d1cfbe,2023,4869120,Ashton,Hayes,RB,California,Nevada,rushing_yds,2023,1,1,0.9118927962247786,0.9305555555555556,0.0077628793570883895,0.004822530864197527
3f37c709cafc29427c46a89a5d947dd24db3b81b6e599dea12bf5c1509fa2ce7,2023,4567507,Rodrigues,Clark,RB,Memphis,Southern Miss,rushing_yds,2023,1,1,0.868612861015281,0.9305555555555556,0.017262580290589864,0.004822530864197527
8c93dab94641729ec19e60ef9bb8308c8c8871f5c8cc0e30a72ec21d7e87c3c4,2023,4693322,Dominic,Gonnella,RB,North Dakota State,South Florida,rushing_yds,2023,1,1,0.938632147051502,0.9305555555555556,0.003766013375508475,0.004822530864197527
267ba9cbe8671ad4f9966327ddae244cf3e511b3eecab0fbfcc84937a84c632b,2023,4569422,Christian,Grubb,RB,UCLA,Portland State,rushing_yds,2023,1,1,0.9569117234227109,0.9305555555555556,0.0018565995784009593,0.004822530864197527
feb71ec23e24ea56b9c111b9e346851970b80d083a7a014831478d4d523145ed,2023,4429527,King,Doerue,RB,Purdue,California,rushing_yds,2023,0,0,0.9859654960562512,0.9305555555555556,0.9721279594134494,0.8659336419753086
4bcc6e42e691351f3b8b9fb2fb7944cbf3be3e2715093eda9109986bfb4ae000,2023,4431527,Derrick,Davis Jr.,RB,LSU,Pittsburgh,rushing_yds,2023,1,1,0.9280488575176402,0.9305555555555556,0.005176966904516839,0.004822530864197527
0edf0407db1b5087be46022db06efa3e329c5fa1f1f94513cb800f1986540fac,2023,4603192,Logan,Diggs,RB,Notre Dame,LSU,rushing_yds,2023,1,1,0.9939798054754125,0.9305555555555556,3.624274211387287e-05,0.004822530864197527
917b68a5c2050e2d4a5f9a39945fec3b1153faec23ea8ab957ef869ba56e4f10,2023,4429212,Rashad,Amos,RB,South Carolina,Miami (OH),rushing_yds,2023,1,1,0.9576757916921258,0.9305555555555556,0.0017913386088883275,0.004822530864197527
b48f49dd013eb9b24a0f9f6a80b9ea41e55594734c539aeda3ccd0523ed816ce,2023,4428783,Treshaun,Ward,RB,Florida State,Kansas State,rushing_yds,2023,1,1,0.962537171761167,0.9305555555555556,0.0014034634996523,0.004822530864197527
cbcf59c8203be2a559cec5abee104114125843c6ab7b4a9d027a3a575b0566c6,2023,4430468,Marquez,Cooper,RB,Kent State,Ball State,rushing_yds,2023,1,1,0.991659849819945,0.9305555555555556,6.955810502587081e-05,0.004822530864197527
797308926a95b058673d99cf57e03efb5bfee42a9a73297edcb8d73347f8d988,2023,4430067,Jaren,Mangham,RB,South Florida,Michigan State,rushing_yds,2023,1,1,0.9701042609921189,0.9305555555555556,0.0008937552108273446,0.004822530864197527
456294dbfe512a6fde4900a997d0177bdbee743b304a06b8a294e0625d20455c,2023,4680018,Alton,McCaskill,RB,Houston,Colorado,rushing_yds,2023,1,1,0.7346213159767526,0.9305555555555556,0.07042584593391057,0.004822530864197527
57bf06fe879c3203f160947895ad80619f66dc757a9587cde67c8211d8f1a018,2023,4431483,Sy'Veon,Wilkerson,RB,Jackson State,Colorado,rushing_yds,2023,1,1,0.992124998257707,0.9305555555555556,6.201565244111862e-05,0.004822530864197527
8a5f2d3dd2bfd16b8a082f9b94b67ed59411b514d9af3bf00d1a0c683327b85a,2023,4427332,Gerald,Green,RB,Georgia Southern,East Carolina,rushing_yds,2023,1,1,0.9702834470382085,0.9305555555555556,0.0008830735199309617,0.004822530864197527
a9fc80e6c5a0329853f1f4cd8bbc66b8f138aa2c9880c111ff27e5b0f39001dd,2023,4429023,MarShawn,Lloyd,RB,South Carolina,USC,rushing_yds,2023,1,1,0.9992424921625211,0.9305555555555556,5.738181238418908e-07,0.004822530864197527
4c26f8e26ee080556dd40271d1edded6bb455a073fd68e05079c2095cc7358d3,2023,4428732,Sean,Tyler,RB,Western Michigan,Minnesota,rushing_yds,2023,1,1,0.983777286289058,0.9305555555555556,0.00026317644014718465,0.004822530864197527
c3b86b79a16f3bcef977497f0dea250c800d2f3f4e7e0de399acfc6d4d0f471c,2023,4431035,Gavin,Williams,RB,Iowa,Northern Illinois,rushing_yds,2023,1,1,0.954646336614066,0.9305555555555556,0.0020569547825246147,0.004822530864197527
b671e4a6e2c188b646e96c68615027188ffa56134584893d6edace36157591ef,2023,4714365,Carson,Steele,RB,Ball State,UCLA,rushing_yds,2023,1,1,0.9965089923077164,0.9305555555555556,1.2187134707583335e-05,0.004822530864197527
e1deee027ec23d9c9a4986d2f0aaa5918a865a9091e1776e05153d7bab8d0b53,2023,4427658,Anthony,Adkins,RB,Army,UCLA,rushing_yds,2023,1,1,0.7734424453552342,0.9305555555555556,0.05132832556661604,0.004822530864197527
9704ae77c80af35efb92fd662dbea775121938b6d90fbe55b8e68fe8945ea31a,2023,4685701,James,Jointer,RB,Arkansas,Liberty,rushing_yds,2023,1,1,0.9587806310160818,0.9305555555555556,0.001699036379432398,0.004822530864197527
194464a5cf3318b868df0db741d3062eee207612c81b2ee10152842d9fc05661,2023,4432718,LJ,Johnson,RB,Texas A&M,SMU,rushing_yds,2023,1,1,0.9430391678346437,0.9305555555555556,0.003244536400969889,0.004822530864197527
4151d90b4fcd34dd40ea953512baf8e16fafb59b954837a62a358cce3aeab7d7,2023,4606195,Demie,Sumo-Karngbaye,RB,NC State,Kentucky,rushing_yds,2023,1,1,0.9910736038125108,0.9305555555555556,7.968054889602261e-05,0.004822530864197527
be77fb5cb89fcd28d926ac300819ee7cbf4092af6ba53bc47e815f99bea80c04,2023,4429043,Jaylan,Knighton,RB,Miami,SMU,rushing_yds,2023,1,1,0.9116322118520487,0.9305555555555556,0.007808865982161206,0.004822530864197527
c7fd80c292a911a8b91c2f0aba78143755b5e5c42243b4589f077d59a6d50352,2023,4427709,Keshawn,King,RB,Virginia Tech,Western Michigan,rushing_yds,2023,1,1,0.9943762692441448,0.9305555555555556,3.162634761435176e-05,0.004822530864197527
a319e47426843c24394092d59d826faaaa5aa784cd6f38bbbbcd0c0dd0f13a09,2023,4433968,Byron,Cardwell,RB,Oregon,California,rushing_yds,2023,0,0,0.9732828996847772,0.9305555555555556,0.9472796028188081,0.8659336419753086
21dcb3e4251fd1b44d49a5c397981b98aa5e2ef8533dfba29b8eecfe0c2fd549,2023,4880638,Kye,Robichaux,RB,Western Kentucky,Boston College,rushing_yds,2023,1,1,0.9521505386157889,0.9305555555555556,0.002289570954759108,0.004822530864197527
55251bdabf5abf9e0740239feece5a8b03a9fd447ee2e3a886e73330c8f08c2a,2023,4433827,Rocko,Griffin,RB,Vanderbilt,UTSA,rushing_yds,2023,1,1,0.9469561905109573,0.9305555555555556,0.0028136457251098615,0.004822530864197527
9afd90aaf34676baf67d0ea8cfd08b93b8b9a73d5dcccb79220bf2f5ab2d705a,2023,4427916,Tony,Mathis,RB,West Virginia,Houston,rushing_yds,2023,1,1,0.9425896893788196,0.9305555555555556,0.0032959437656204195,0.004822530864197527
255784b12be5162be2d2cdadc4793a2148b3f858355b34d58ac95fb7c32ef415,2023,4430404,Aidan,Robbins,RB,UNLV,BYU,rushing_yds,2023,1,1,0.9915652311441298,0.9305555555555556,7.114532565195864e-05,0.004822530864197527
aae0818763a5cf6cc1bbc20f342969b01d2a06aca5b6d15c43d69b4287016ef7,2023,4689338,Dillon,Johnson,RB,Mississippi State,Washington,rushing_yds,2023,1,1,0.9906287545404254,0.9305555555555556,8.782024146359705e-05,0.004822530864197527
307a6ea5d57521166acb8cf663b0ce244c606a89360d63cbc0a20f9300e2b1b8,2023,4429077,Keyvone,Lee,RB,Penn State,Mississippi State,rushing_yds,2023,1,1,0.9630541944771239,0.9305555555555556,0.0013649925457341803,0.004822530864197527
e5c0a06a10ea41dcd94dd1f6452bedf2809b47414c2bcf689d9ae3f40fb2e735,2023,4429165,Len'Neth,Whitehead,RB,Tennessee,Georgia,rushing_yds,2023,0,0,0.8676977140039481,0.9305555555555556,0.7528993228876774,0.8659336419753086
53bbd89dbb2605ea901b0d272c3dd166e5c39c568ddccab5c77a8aa6aeb5ae3d,2023,4683164,Shakhi,Carson,RB,Kent State,Stony Brook,rushing_yds,2023,1,1,0.946943081055574,0.9305555555555556,0.0028150366478753895,0.004822530864197527
6ea596142187d40311945a1a300ccc3e2b71b50e2f67cf2d4e0b64f39c36a0db,2023,4430926,Brian,Battie,RB,South Florida,Auburn,rushing_yds,2023,1,1,0.9582633902520062,0.9305555555555556,0.0017419445932563276,0.004822530864197527
fcdd69939d63f4f59532c6297e7d6644c44f6adb03f40c38c8e3849c3bf43075,2023,107494,Trey,Sanders,RB,Alabama,TCU,rushing_yds,2023,1,1,0.9228654787249249,0.9305555555555556,0.0059497343723350195,0.004822530864197527
776b842436dff8952fe5a5a5fa0f78a16ae230c8be2c484e31fd8c3f4e0ac7e6,2023,4428263,Trey,Potts,RB,Minnesota,Penn State,rushing_yds,2023,1,1,0.9088168926611092,0.9305555555555556,0.00831435906397568,0.004822530864197527
3f3394265c5bf4ba2a6b96d2cf15b92570c4f17ae104fb74cba8b2076df4d963,2023,4365621,Isaiah,Ifanse,RB,San José State,California,rushing_yds,2023,1,1,0.7906225488929258,0.9305555555555556,0.043838917032095234,0.004822530864197527
5ce8b6ba1f8adf4d6885092a2cb36b7ed3554833e410d6a49828689bd4a1a2f7,2023,4382470,Elijah,Collins,RB,Michigan State,Oklahoma State,rushing_yds,2023,1,1,0.9901303345125164,0.9305555555555556,9.74102968348245e-05,0.004822530864197527
592df4a68252303e84a8de490c3ab9129a6033a8d26436afe7b18023f78dba5e,2023,4362620,Kavosiey,Smoke,RB,Kentucky,Colorado,rushing_yds,2023,1,1,0.914956291895234,0.9305555555555556,0.007232432288208647,0.004822530864197527
3352e3d42f18b780272b506a7d3288a70481b8d5f7e46071b1a0fcb360ffea65,2023,4361333,Asa,Martin,RB,Memphis,Troy,rushing_yds,2023,1,1,0.9994240471271346,0.9305555555555556,3.317217117618866e-07,0.004822530864197527
b59c906a2b22dcd4630b2d43253c5c73603ec02caa924e0a6009bea63b72f1d6,2023,4426428,Sean,Dollars,RB,Oregon,Nevada,rushing_yds,2023,1,1,0.9718503372269998,0.9305555555555556,0.0007924035142336355,0.004822530864197527
b2ea061cefbdc5b40b125b9df22d69531caf75d5e809cfb1f10c0d2232c085ab,2023,4373454,Dylan,McDuffie,RB,Georgia Tech,Kansas,rushing_yds,2023,1,1,0.9576885680662148,0.9305555555555556,0.0017902572722873354,0.004822530864197527
bea50a98d6b5eee2a7a7cbaa13045bafc17c368dd2fbdbedc97ebf0b7c35dc84,2023,4876907,ShunDerrick,Powell,RB,North Alabama,Central Arkansas,rushing_yds,2023,1,1,0.999444092554349,0.9305555555555556,3.09033088130262e-07,0.004822530864197527
f6c8334f2976e527c137b1b309812675611edc2cf966229702ff3bfc11590f15,2023,4426420,Devyn,Ford,RB,Penn State,Notre Dame,rushing_yds,2023,1,1,0.9338225055927686,0.9305555555555556,0.004379460766019146,0.004822530864197527
7771dc8a780854c488173a959621da44c6b8e288c4d71949b58d3a8630d49ffc,2023,4605841,Nathan,Carter,RB,UConn,Michigan State,rushing_yds,2023,1,1,0.9012023049043322,0.9305555555555556,0.009760984556216547,0.004822530864197527
6a779dec3351c21c886ea3f2f8af04d5ed2a0fe40586407775b4d07ec8ceddd9,2023,4372561,Isaac,Guerendo,RB,Wisconsin,Louisville,rushing_yds,2023,1,1,0.9952157833332771,0.9305555555555556,2.2888729114149242e-05,0.004822530864197527
01fda76e7fe2447b4d6b28f582487db58fb236d0351411e12c7408d09b00b841,2023,4360652,Deion,Smith,RB,Colorado,BYU,rushing_yds,2023,1,1,0.9550685841508849,0.9305555555555556,0.0020188321302061106,0.004822530864197527
b629a321be0940ee0a72e0bc2dc8a7d24ff52115d502ef54f7b2fc0cdf9d1b0f,2023,4360205,David,Bailey,RB,Colorado State,Texas A&M,rushing_yds,2023,1,1,0.9099558596644195,0.9305555555555556,0.008107947208773716,0.004822530864197527
d567d109b979c520af7c7c3c39ba66b0b55bbdd3eaa80c60fd420c6325d90097,2023,4372073,Christian,Turner,RB,Wake Forest,Indiana,rushing_yds,2023,1,1,0.9909403004470341,0.9305555555555556,8.207815599001102e-05,0.004822530864197527
636478da1c0f002a52b881b5d0a4adf60c0adeb7977b0e434bbf26634edc018d,2023,4430810,Daniyel,Ngata,RB,Arizona State,Washington,rushing_yds,2023,1,1,0.9283965336256456,0.9305555555555556,0.005127056396823307,0.004822530864197527
249cab0dfaa6c32b81ad4e991d687db02c5b4eb5874210f87aff7247740da8c9,2023,5081693,Arlen,Harris Jr.,RB,Stanford,Iowa State,rushing_yds,2023,1,1,0.9420300278231707,0.9305555555555556,0.0033605176741823644,0.004822530864197527
513e447abccc1074d5c37694681e6ffbe450ab1e03a55df11f7e1caf38e8a467,2023,4429316,DeCarlos,Brooks,RB,California,Arizona State,rushing_yds,2023,1,1,0.9322492248999232,0.9305555555555556,0.004590167526661182,0.004822530864197527
fb7d561bffcd460125ee5b81a19cbd6847e6ff4c77b88e959d3180c29bc70934,2023,4362496,Lorenzo,Lingard,RB,Florida,Akron,rushing_yds,2023,1,1,0.9401730833544353,0.9305555555555556,0.003579259955315349,0.004822530864197527
2ae048777d61a8a01cf10949cd4dd7889ee591937337b1b242455743d2419bf0,2023,4430992,Kentrel,Bullock,RB,Ole Miss,South Alabama,rushing_yds,2023,1,1,0.8363300625134965,0.9305555555555556,0.02678784843683596,0.004822530864197527
6aa9e768eb43f46a8c77c1a9c3af7dcc6680ea4d7d99538596235bdc2dff9896,2023,4697741,Jalen,John,RB,Arizona,Massachusetts,rushing_yds,2023,1,1,0.8843710957423337,0.9305555555555556,0.01337004349982855,0.004822530864197527
edb83af47d55fd8bc337f7e66133e8920eb5dd85e1d85b98a36f06dab6502095,2023,4875065,Matt,Jones,RB,Ole Miss,Ole Miss,rushing_yds,2023,1,1,0.9746315676494904,0.9305555555555556,0.0006435573599223801,0.004822530864197527
f435400248c59d98e62bc0bf131dcefd393611f97587ea449311c01980e7dba2,2023,4869699,Jackson,Paradis,RB,Buffalo,Massachusetts,rushing_yds,2023,0,0,0.8942890558702958,0.9305555555555556,0.7997529154493851,0.8659336419753086
6abd886379d0a7f3f970c12c4d0cd8d91e527c2b5372d111690d4663e86bdc0f,2023,4696071,Freddie,Brock,RB,Maine,Georgia State,rushing_yds,2023,1,1,0.9933208651251246,0.9305555555555556,4.461084267677642e-05,0.004822530864197527
335864dba32e6dad092f69de3f5473257a905c4b6046d8720fd7db44004bca9e,2023,4689529,Kenji,Christian,RB,Virginia Tech,North Carolina A&T,rushing_yds,2023,1,1,0.868612861015281,0.9305555555555556,0.017262580290589864,0.004822530864197527
d1b052f1d89bf7491bfeb1f63a4c8376afafbabaec8d384c92e1932048fe1859,2023,4878394,Ajay,Allen,RB,Nebraska,Miami,rushing_yds,2023,1,1,0.9258915394052095,0.9305555555555556,0.005492063931729614,0.004822530864197527
ae967717fb38ab5559270416eabf0c07b92ec1c404454df707b4ab219a262ff6,2023,4366910,Shawn,Bowman,TE,Maine,Rutgers,receiving_yds,2023,1,1,0.9532017861330195,0.7936507936507936,0.0021900728211396428,0.04257999496094736
43d08362d320fd9f0fda42c1777b8c6b4dd023b463769e9e65032e63a91349d5,2023,4602192,Landen,King,TE,Auburn,Utah,receiving_yds,2023,1,1,0.9663361312131641,0.7936507936507936,0.0011332560616973055,0.04257999496094736
ea0301df42e0c022c2b9ed9beeb42d686ff58a69afad3a3a5ec5de1a4ee7f7b8,2023,4432666,Kahlil,Brantley,TE,Miami,Florida Atlantic,receiving_yds,2023,1,1,0.905635487198076,0.7936507936507936,0.008904661276344485,0.04257999496094736
b892f4772fab93d376ac1b7311bcd85773bb806eef2bd47f7f9d7163cb5d6b5b,2023,4373634,Dallin,Holker,TE,BYU,Colorado State,receiving_yds,2023,1,1,0.9158276527404724,0.7936507936507936,0.007084984043178504,0.04257999496094736
afc158aca7f939a902d639184cda53e27ec6c541846983a48eebfd5943de0b4c,2023,4576186,Trevor,Borland,TE,Buffalo,Western Kentucky,receiving_yds,2023,1,1,0.5842094230416167,0.7936507936507936,0.17288180388738525,0.04257999496094736
806b3139785bed0c20a401672b0a1e566686ea5c0cee47fd2438d0494b785301,2023,4429675,Simon,Gonzalez,TE,SMU,Texas State,receiving_yds,2023,0,0,0.5630093074727734,0.7936507936507936,0.31697948030097195,0.6298815822625345
a769878e1af6b6eea4be3fae8ee635724313f52c1723825ac6d8dcc617c82d48,2023,4708099,Gus,McGee,TE,San Diego State,Charlotte,receiving_yds,2023,1,1,0.5630093074727734,0.7936507936507936,0.19096086535542506,0.04257999496094736
9e43a9de6e21445db1c8d4c8f062adef53794271f6574008733472feed5d2540,2023,4362217,Mike,O'Laughlin,TE,West Virginia,Houston,receiving_yds,2023,1,1,0.9851281630273366,0.7936507936507936,0.00022117153494147706,0.04257999496094736
b0b16782ec74fcb6e76568b59ead74d3aa24cb3cc1ed918d274620601ca88db8,2023,4362623,Keaton,Upshaw,TE,Kentucky,Georgia Southern,receiving_yds,2023,1,1,0.9351107807148717,0.7936507936507936,0.0042106107794334605,0.04257999496094736
e62c35b874133c5ecd7d78942100f2c2cdcc833c120f54ac9a0f634150d7ce81,2023,4880181,Cade,Conley,TE,Central Michigan,Marshall,receiving_yds,2023,1,1,0.8347335473279408,0.7936507936507936,0.02731300037880598,0.04257999496094736
6cccef8a604ece5b0bb86302e325a826bd26e753eaa75d64f3748f9a9ef684da,2023,4364487,Ryan,Rivera,TE,Cal Poly,Louisiana Tech,receiving_yds,2023,1,1,0.8570393923358163,0.7936507936507936,0.020437735343712668,0.04257999496094736
222e90c199ae97cbc8cc897aac8fc5222536ec13fb1f3bcb1503687fed213862,2023,4683265,Weston,Wolff,TE,Maryland,South Florida,receiving_yds,2023,1,1,0.5630093074727734,0.7936507936507936,0.19096086535542506,0.04257999496094736
acdbb8332af310594d21665e9e8491bce44837574a8aff8ca7297e02f41ec282,2023,4612589,Gavin,McKay,TE,Missouri,Mercer,receiving_yds,2023,1,1,0.5630093074727734,0.7936507936507936,0.19096086535542506,0.04257999496094736
53ee5c601862746dea18b283901a5e2fed20c90ae4617b28465b9deed25cba60,2023,4688552,Keleki,Latu,TE,California,Nevada,receiving_yds,2023,1,1,0.8683084516743751,0.7936507936507936,0.0173426639004004,0.04257999496094736
d0e252617c7025195d91ef4505cea1ec79dab3ab05bb11bc4df1f533d5d39ca5,2023,4432327,Kendall,Karr,TE,North Carolina,Coastal Carolina,receiving_yds,2023,1,1,0.5630093074727734,0.7936507936507936,0.19096086535542506,0.04257999496094736
4a02ede62540d44e253f47eadd5eaf39dc2f6665a51c896d01ddbe0c2bf1a561,2023,4367207,Matt,Alaimo,TE,Rutgers,Coastal Carolina,receiving_yds,2023,1,1,0.8800024699255493,0.7936507936507936,0.014399407223968697,0.04257999496094736
ebd4fa8de43e5ee4c4b2c257c303c4cd46162c03bb8e87a9a7aba3a4b72a8941,2023,4429632,Konner,Fox,TE,Kansas State,Texas State,receiving_yds,2023,1,1,0.5630093074727734,0.7936507936507936,0.19096086535542506,0.04257999496094736
9f18add49e9de00319fd33ddba53ed26eb2acdb4ec401474626cb7621c63326e,2023,4876132,Josh,Cuevas,TE,Cal Poly,Washington,receiving_yds,2023,1,1,0.7601629321656713,0.7936507936507936,0.05752181910736837,0.04257999496094736
1c69f472b918f442c9319cd9c454a2c250119e598d9374cbfa78c3ad083522d1,2023,4686692,Carlton,Brown,TE,Nevada,Cal Poly,receiving_yds,2023,1,1,0.9667020220428227,0.7936507936507936,0.0011087553360366628,0.04257999496094736
4c5b927e1cda32b2121bacbc728dd64627d84722637a7cf2f6f123ed33770ce4,2023,4428940,Kyi,Wright,TE,Pittsburgh,James Madison,receiving_yds,2023,1,1,0.8478309652110343,0.7936507936507936,0.023155415148605456,0.04257999496094736
d6b5f0f7623b0901c7dc7b6ab302d4414a81dd4fe58b2b90ed4e20691259d964,2023,4869525,Teigan,Martin,TE,Liberty,South Florida,receiving_yds,2023,0,0,0.5630093074727734,0.7936507936507936,0.31697948030097195,0.6298815822625345
96ef6e08647e8fcc7186d67f66a1055f70a1ea5f5de1fbcefa38b258e3054b7d,2023,4429262,Jaheim,Bell,TE,South Carolina,Florida State,receiving_yds,2023,1,1,0.888582368972573,0.7936507936507936,0.012413888503763857,0.04257999496094736
f79d38295c0e499ba7afb93d2fadb0222da8e926ed5c06f22d357e8fe5b61a4c,2023,4683417,Miles,Campbell,TE,Tennessee,North Carolina Central,receiving_yds,2023,1,1,0.5630093074727734,0.7936507936507936,0.19096086535542506,0.04257999496094736
6e7eb5611ec16fce063509ed4436a9a908c6c98a6a782994e08747c73219c275,2023,4683306,Landon,Morris,TE,Utah,Temple,receiving_yds,2023,0,0,0.5630093074727734,0.7936507936507936,0.31697948030097195,0.6298815822625345
a5612009d2de7efd3efbc8b1f3c972ffb511275f9b7050e63c93cc1877be5626,2023,4427064,Tyler,Devera,TE,Stony Brook,New Mexico State,receiving_yds,2023,0,0,0.9768796641783035,0.7936507936507936,0.954293878285115,0.6298815822625345
c144299eb7ee3e13fba844af15889347d2b4f85921ff13d526b9592327ce413e,2023,4879044,Ademola,Faleye,TE,Norfolk State,Michigan State,receiving_yds,2023,0,0,0.972913553487717,0.7936507936507936,0.9465607825600968,0.6298815822625345
4716c4e69b07fc6f3475d538db285088511617bd9ff398110042ed21838604d0,2023,4686030,Christian,Pedersen,TE,Louisville,Florida International,receiving_yds,2023,0,0,0.5630093074727734,0.7936507936507936,0.31697948030097195,0.6298815822625345
0dd3702202c2f985be71513e748337627b3da39465245c59a5e0de5804cf7998,2023,4427694,Casey,Kelly,TE,Ole Miss,Oregon,receiving_yds,2023,1,1,0.9507473099325596,0.7936507936507936,0.0024258274788793396,0.04257999496094736
c2d98d3468993de3067cfb1a67ebec425ffeed3b44a23b965d55f5a904b6122d,2023,4432531,Jake,Roberts,TE,North Texas,Baylor,receiving_yds,2023,1,1,0.9789225547823751,0.7936507936507936,0.00044425869690197835,0.04257999496094736
fc8a66ef9f8100773ff5773a37bfca4430297e9405376bbf5c8a548c32683aa5,2023,4426421,Ryland,Goede,TE,Georgia,Mississippi State,receiving_yds,2023,1,1,0.6426084358578614,0.7936507936507936,0.12772873011996436,0.04257999496094736
8e2dc2dd24dd563b47242dcdd1df2900d655974b93d2d418ef4e8fcecd6e6932,2023,4685157,Blake,Smith,TE,Texas A&M,Oklahoma,receiving_yds,2023,1,1,0.8598467375197244,0.7936507936507936,0.019642936983865027,0.04257999496094736
dbef1827b7a31d62266b3d7736b16aa2537dbf00879f313e5ff11b2a96a1409e,2023,4576297,AJ,Barner,TE,Indiana,Michigan,receiving_yds,2023,1,1,0.9544602411296212,0.7936507936507936,0.0020738696379722405,0.04257999496094736
21be18c266a68de53a34d084308137a8eb644d2dd4fa66624e71a07ee244aa68,2023,4596545,CJ,Dippre,TE,Maryland,Alabama,receiving_yds,2023,1,1,0.8244637404352001,0.7936507936507936,0.030812978422000804,0.04257999496094736
147925d5e3720899af81e14da3f4f41eef00187cdd28ad19e36236d49612ff4d,2023,4605858,Rivaldo,Fairweather,TE,Florida International,Auburn,receiving_yds,2023,1,1,0.9878660111925056,0.7936507936507936,0.00014723368438039912,0.04257999496094736
b04e3098021f139051609683c801b231e47d312d1f2f1198afe24aa1715d1b34,2023,4038961,Cam,McCormick,TE,Oregon,Miami,receiving_yds,2023,1,1,0.950613798113163,0.7936507936507936,0.0024389969368074182,0.04257999496094736
ee3065b09f215cedf0a62aed71b51c3ba951700596e6913e50ea9184e6092b26,2023,4875284,Austin,Smith,TE,Colorado,Memphis,receiving_yds,2023,0,1,0.9601756804754957,0.7936507936507936,0.9219373373765812,0.6298815822625345
575094d3295715b7286f64d973feea763820664e23d8fb475ad6a460c7ba4e46,2023,4583089,Var'Keyes,Gumms,TE,North Texas,Arkansas,receiving_yds,2023,1,1,0.9813855743441462,0.7936507936507936,0.00034649684249730837,0.04257999496094736
b01e2f26964403e8c61dcf333daeedf9d7346cf0b79bccd63be433e1c7a94ffe,2023,4372741,McCallan,Castles,TE,UC Davis,Tennessee,receiving_yds,2023,1,1,0.8297503732854244,0.7936507936507936,0.02898493539645232,0.04257999496094736
2b20cacae1784adc81b7f23971ac4cbe72e912e0114e83541e5d0e037b90b05f,2023,4575528,Francis,Sherman,TE,Louisville,Arkansas,receiving_yds,2023,1,1,0.9603560791603886,0.7936507936507936,0.0015716404595373778,0.04257999496094736
4e2c5505776345f6afec1209de187de9bb89d64d33bf0885b300366e179c54c3,2023,4731586,Kyle,Morlock,TE,Shorter,Florida State,receiving_yds,2023,1,1,0.5968324119356344,0.7936507936507936,0.162544104065638,0.04257999496094736
05ad078de2488bbf50015742528fb10386c742bf0493b4057c74c83090e0024b,2023,4567151,Trey,Knox,TE,Arkansas,South Carolina,receiving_yds,2023,1,1,0.9712960789794965,0.7936507936507936,0.0008239150819513001,0.04257999496094736
1e9c860e52e54b9f833a67ee03b02e90bc2d86f189ee91589b3b97a49894431c,2023,4427834,Erick,All,TE,Michigan,Iowa,receiving_yds,2023,1,1,0.948222240130748,0.7936507936507936,0.002680936417077927,0.04257999496094736
1aecb51040157ebe5e64788da6f667289a454c10a9591effa4949d9a234041c1,2023,4715474,Elijah,Brown,TE,Alabama,Florida Atlantic,receiving_yds,2023,0,0,0.580109328840356,0.7936507936507936,0.33652683340760836,0.6298815822625345
37d529eb67befcc5ee4a50f3151f887275e0e8fa4b458ac8fdaceaa078d52f89,2023,4360873,Chris,Carter,TE,South Florida,Tulane,receiving_yds,2023,1,1,0.8991258667208754,0.7936507936507936,0.010175590764814602,0.04257999496094736
506825ad6e5f75b61c2fb33e039e2ef197c296b95241ab18c744f828a9124379,2023,4430482,Joshua,Simon,TE,Western Kentucky,South Carolina,receiving_yds,2023,1,1,0.9976707888085234,0.7936507936507936,5.4252247744996305e-06,0.04257999496094736
9ddc47f3a66eb97abb3b77384ab8b3b3473bda011ac12f68144c8b45a21ec120,2023,4426367,Austin,Stogner,TE,South Carolina,Oklahoma,receiving_yds,2023,1,1,0.871232846236384,0.7936507936507936,0.016580979888382735,0.04257999496094736
c7664cb31677ace4741e36a7f79b44d15d78dc982d5a2644cc5d8a8dfca6443c,2023,4432731,Moliki,Matavao,TE,Oregon,UCLA,receiving_yds,2023,1,1,0.9171395037075549,0.7936507936507936,0.006865861845830304,0.04257999496094736
c76aa2ed57ec3f876b40f21e9a08970fcfadfcea72d033ab14419bd4a389f4af,2023,4569727,Louis,Hansen,TE,Michigan,UConn,receiving_yds,2023,1,1,0.7984076196608578,0.7936507936507936,0.04063948781080136,0.04257999496094736
5355dd6deb3599c7eeba7da8f8a157b9e69038650523cbdbfaa6f03a4831f5c9,2023,4432662,Cane,Berrong,TE,Notre Dame,Coastal Carolina,receiving_yds,2023,0,0,0.5149307724028147,0.7936507936507936,0.26515370036735936,0.6298815822625345
e00644c960fc51063232083160286fb43610d43ec7f763e64b549b7e9a9205f4,2023,4563007,Nick,Elksnis,TE,Florida,South Carolina,receiving_yds,2023,0,0,0.580109328840356,0.7936507936507936,0.33652683340760836,0.6298815822625345
0ff863962196381dd477c41cafacb3ec7daf6ba2d07fc3d34357bf603be79644,2023,4687509,Caden,Prieskorn,TE,Memphis,Ole Miss,receiving_yds,2023,1,1,0.9276782473985989,0.7936507936507936,0.00523043589933826,0.04257999496094736
9d748fe95272d4bf04591f8af68442da6f88eccf4b9124c130a3dbd3acf240d2,2023,4428994,Arik,Gilbert,TE,Georgia,Nebraska,receiving_yds,2023,0,0,0.9594861327523531,0.7936507936507936,0.9206136389440661,0.6298815822625345
0017b54569d6b6137937b0227ce614d3098057b4aa6d4522dc089d03eec26584,2023,4714379,Seydou,Traore,TE,Colorado,Mississippi State,receiving_yds,2023,0,0,0.7148886018580645,0.7936507936507936,0.5110657130665782,0.6298815822625345
601eca301aa7d2375a3470ef9fad1de51ebd760808c19888db98aa4b1d987f6f,2023,4433921,Kole,Taylor,TE,LSU,West Virginia,receiving_yds,2023,1,1,0.9543047919062183,0.7936507936507936,0.002088052042734012,0.04257999496094736
b1bd68407548c09d46e77160d54b825d722f704415d60e5e1f4017244fb0999b,2023,4361714,Josiah,Johnson,TE,Massachusetts,Oklahoma State,receiving_yds,2023,1,1,0.6798141541156225,0.7936507936507936,0.10251897590469433,0.04257999496094736
7aca981920f93eba585b54ebf40befc04ec625df2a4e1cffb1b98adeeb70f1be,2023,4373687,Tyneil,Hopper,TE,Boise State,Michigan State,receiving_yds,2023,1,1,0.927527749653488,0.7936507936507936,0.005252227070287501,0.04257999496094736
7b38dc8f6d251db0fca10052ba94f454e450a6475c8b44c565481a6dc941d412,2023,5151159,Ian,Edenfield,TE,"California, Pa.",Oklahoma State,receiving_yds,2023,0,0,0.7006059358661747,0.7936507936507936,0.4908486773709185,0.6298815822625345
414953b17d8fab149e5d7e8b0739a3c3a8483292a5adca6541342c82812a392f,2023,4427486,Micah,Hilts,TE,Texas State,SMU,receiving_yds,2023,1,1,0.9568959979372652,0.7936507936507936,0.001857954993824245,0.04257999496094736
8b267e3dbbb0adb3c31559269fb1d2be1ba508d3bbbaf9798f59faaba4af80a8,2023,4428451,Brett,Seither,TE,Georgia,Georgia Tech,receiving_yds,2023,1,1,0.6426084358578614,0.7936507936507936,0.12772873011996436,0.04257999496094736
554219dff5028bb3e7e151c4c83d3db1fad38e1ed78239e0f9262f58fa3ba064,2023,4432772,Jermaine,Terry II,TE,California,Oregon State,receiving_yds,2023,1,1,0.9073730201831715,0.7936507936507936,0.008579757389987163,0.04257999496094736
7b2cc1dfb52810bf808a430fb8b3e3222eff917e69b0df6e8de84dc79774cec4,2023,4426874,Zion,Carter,TE,Dartmouth,Buffalo,receiving_yds,2023,1,1,0.8862127956826261,0.7936507936507936,0.012947527866363788,0.04257999496094736
c37926cc4e58c25f4053ed4d0ce396578edbae9433dc512cdcadded118791936,2023,4685131,J.T.,Byrne,TE,Oregon State,California,receiving_yds,2023,0,0,0.7006059358661747,0.7936507936507936,0.4908486773709185,0.6298815822625345
6ea24e53fd88e6d9c71a51132847d4c459818ad61c801f507b109fdceeccea52,2023,4372573,Jaylan,Franklin,TE,Wisconsin,Michigan State,receiving_yds,2023,1,1,0.9816438665985391,0.7936507936507936,0.00033694763345222913,0.04257999496094736
5824023ae8ad56feba9dfbf1d21b13f8fb997889b7bed1140933cc3e6a8d898c,2023,4362110,Malcolm,Epps,TE,USC,Pittsburgh,receiving_yds,2023,1,1,0.973440835787566,0.7936507936507936,0.0007053892036630341,0.04257999496094736
cbbd393282272d2d9745251f4e50f285e610b14b7697f104bf14a57b3d3fc1b0,2023,4683308,Tanner,Arkin,TE,Colorado State,Illinois,receiving_yds,2023,1,1,0.9039115655428257,0.7936507936507936,0.00923298723643068,0.04257999496094736
69b6d4808bbaff2b3abd44b18d0219dbf5a1924c9fe79c870d5833e459b59ac0,2023,4385055,Joey,Beljan,TE,Western Kentucky,Cincinnati,receiving_yds,2023,0,0,0.9896019186462264,0.7936507936507936,0.9793119573882925,0.6298815822625345
8c9182a3c3897493c924607986c5eae43cbaa224da848460d79211d43262099c,2023,4362892,Geor'quarius,Spivey,TE,TCU,Mississippi State,receiving_yds,2023,0,0,0.9396448809991919,0.7936507936507936,0.8829325023879854,0.6298815822625345
2a278cf7cbe6666a0fb15a05a22e9458eb7ccc4693928be507de6b8e66328e36,2023,5091778,Jackson,Long,TE,South Florida,Georgia Tech,receiving_yds,2023,0,0,0.7528119909831753,0.7936507936507936,0.5667258937680524,0.6298815822625345
1dd0b02f7fa238412cbb89e7bc610afbfb8a6608919c114c04fd3d62fdfad5de,2023,4428090,Bradley,Archer,TE,Stanford,Indiana,receiving_yds,2023,1,1,0.7528119909831753,0.7936507936507936,0.061101911801701804,0.04257999496094736
dfec9c06795e30df05d16150cbd2e9d9cf794b7d4b0eb793d459d00a052ea1be,2023,4427751,Asher,Alberding,TE,North Texas,California,receiving_yds,2023,1,1,0.7985325114995943,0.7936507936507936,0.04058914892266112,0.04257999496094736
5356ad4d61463c0cabb878f5da4a1a9d957ca2504c66efeee171953bc668d3e0,2023,4577762,Jacob,Orlando,TE,Massachusetts,Buffalo,receiving_yds,2023,1,1,0.9820661271432474,0.7936507936507936,0.0003216237956421688,0.04257999496094736
093f46ccdec64b874969056fa920a0a3997a04f7da7b3ef5861344a6bcd80b03,2023,4568237,Matt,Smith,TE,Duke,Massachusetts,receiving_yds,2023,0,0,0.8973012542386138,0.7936507936507936,0.8051495408581896,0.6298815822625345
1d8dfe3d51e2ab7730b2463d55eae6fd9c82bd7568a0093f54105a4eb9b3f9ae,2023,4683584,JP,Murphy,TE,San Diego State,Eastern Washington,receiving_yds,2023,1,1,0.5630093074727734,0.7936507936507936,0.19096086535542506,0.04257999496094736
80ea4a73d68bb13d05a9c7871d4a2b445c1eb7b4bfcf130dadac3046751f02ad,2023,4833356,Zach,Courtney,TE,Colorado,Coastal Carolina,receiving_yds,2023,0,0,0.7985325114995943,0.7936507936507936,0.6376541719218496,0.6298815822625345
af72af0e2cb81fcf19a7d3d3dce776bc1655f97c0d566db667523934ae104b5f,2023,4685283,Kaleb,Brown,WR,Iowa,Iowa,receiving_yds,2023,1,1,0.8049596095418299,0.8585858585858586,0.038040753910075456,0.019997959391898794
683dc39b19d6a65618e3ea9875c4740ce3c46474d8bccbde140efbd277026623,2023,4713657,Dre,Spriggs,WR,UTSA,UTEP,receiving_yds,2023,0,0,0.7369945604815696,0.8585858585858586,0.543160982179422,0.7371696765636159
7f4335fc0c2e374718f103ff29a4981528eee81a84d144fa389f3f4d922eb21b,2023,4683852,Dez,Williams,WR,Wake Forest,Stony Brook,receiving_yds,2023,1,1,0.7369945604815696,0.8585858585858586,0.06917186121628273,0.019997959391898794
c52fb4e04758fc90a0c06e5fc85bf4e418b9a34fd0b05772ded98b7babab702e,2023,4610011,Tar'varish,Dawson,WR,Auburn,Colorado,receiving_yds,2023,1,1,0.9243108984604831,0.8585858585858586,0.005728840091859301,0.019997959391898794
b56c2fef876e5f382410a5546077f74ba4f7cf74c930ce097bcede4360f072fa,2023,4702560,Grant,Page,WR,Colorado,Utah State,receiving_yds,2023,0,0,0.7725314146058606,0.8585858585858586,0.5968047865529321,0.7371696765636159
0954d2ada100a40aae8b4ffea8646ebd0a8d4c731910a488b925caa0556508b6,2023,4430747,Reese,Smith,WR,West Virginia,Liberty,receiving_yds,2023,0,0,0.9112715661597607,0.8585858585858586,0.830415867291263,0.7371696765636159
2492cd975fee30780e2c6a17fbd1d8f2da5f96f3fffd1e52d347497e4180bcfa,2023,4710714,De'Zhaun,Stribling,WR,Washington State,Oklahoma State,receiving_yds,2023,1,1,0.9416243533456661,0.8585858585858586,0.0034077161223116472,0.019997959391898794
3ffd1e39a5ad96822311e143393b3b97d5626ee741481298ff5d1d66a903ce80,2023,4572267,Elijah,Spencer,WR,Charlotte,Minnesota,receiving_yds,2023,1,1,0.9431660075732995,0.8585858585858586,0.0032301026951582507,0.019997959391898794
6d6e7f6ca7e046b4bab0d91a73a7b13a87d23f68145c02e6da8e7b6e215b2829,2023,4575348,Da'Quan,Felton,WR,Norfolk State,Virginia Tech,receiving_yds,2023,1,1,0.9395712459902907,0.8585858585858586,0.003651634311165953,0.019997959391898794
5f6fef46c6937f55622c4b0bec8fc685fb244b8a125a3a60c93a1f083c38fe72,2023,4433871,Caleb,Medford,WR,TCU,New Mexico,receiving_yds,2023,1,1,0.7369945604815696,0.8585858585858586,0.06917186121628273,0.019997959391898794
a645980778002f1e22bee1819ec89adc878496dd732176443b76521179c613d2,2023,4612833,Dallan,Wright,WR,Virginia Tech,Jacksonville State,receiving_yds,2023,0,1,0.7369945604815696,0.8585858585858586,0.543160982179422,0.7371696765636159
d21b5632124d81722b293ef286874f3d6903af8358bfb19f1ed570cdfe21fbf8,2023,4431647,Chauncey,Magwood,WR,Kentucky,UCF,receiving_yds,2023,1,1,0.9188745361194882,0.8585858585858586,0.006581340889828222,0.019997959391898794
0fc2831f6c24f8e4f516edd5dd57b60753c37efffd8f839ea5d0c4d0dd7f4b32,2023,4429062,Ze'Vian,Capers,WR,Auburn,Western Kentucky,receiving_yds,2023,1,1,0.914637032770126,0.8585858585858586,0.007286836174288546,0.019997959391898794
1693aca545c74cf69a3507dcfb1c5a94cdac1bac3a3ca017ed55ce11ff7d8a24,2023,4426410,Mycah,Pittman,WR,Florida State,Utah,receiving_yds,2023,1,1,0.9433712600357893,0.8585858585858586,0.0032068141899341935,0.019997959391898794
0ea8c7fc657152bd1bdac35e15cdc7eb30409340c86cadaf0b644329d9f70538,2023,4429153,Lideatrick,Griffin,WR,Mississippi State,Mississippi State,receiving_yds,2023,1,1,0.9355097251884964,0.8585858585858586,0.004158995545263256,0.019997959391898794
3563140a93fb27bca24078bdb538c92e147710cf9876c6b768389df2d305ce66,2023,4428853,Calvin,Wiggins,WR,SMU,Houston Christian,receiving_yds,2023,1,1,0.7369945604815696,0.8585858585858586,0.06917186121628273,0.019997959391898794
818b07da8d482ebca4eae1445300d34a2ba118dba537ecada34d39d85ec530e0,2023,4608533,EJ,Horton,WR,Marshall,West Virginia,receiving_yds,2023,1,1,0.9433422237024851,0.8585858585858586,0.0032101036149792405,0.019997959391898794
a7233540fc0e44cb09fe5566f800091e867145068edbbbaf72f6f7a396edc8f6,2023,4691138,Aaron,Anderson,WR,Alabama,LSU,receiving_yds,2023,1,1,0.8049198112746301,0.8585858585858586,0.038056280033125944,0.019997959391898794
acff5ba1b95bf91800b723486c7b992d619ae866fcdc9f9c0cc945fa6ebf45d4,2023,4716507,Quincy,Burroughs,WR,Cincinnati,Wisconsin,receiving_yds,2023,1,1,0.7725759535093074,0.8585858585858586,0.0517216969222007,0.019997959391898794
b6c47f721c8243d6924832241c4faaa5176f2ea596ea339bb084a9c5b59dcb69,2023,4795296,Victor,Jones Jr.,WR,Nebraska,Liberty,receiving_yds,2023,0,0,0.7369945604815696,0.8585858585858586,0.543160982179422,0.7371696765636159
dc54ecb15a0cc72a53b631b73b34112cbb4434883e61368f3f57e51440297116,2023,4429172,Traeshon,Holden,WR,Alabama,Oregon,receiving_yds,2023,1,1,0.929027420708865,0.8585858585858586,0.005037107011236442,0.019997959391898794
268ac5c434b5c2888318f9cfdd777650db45979a44a604ee8c3dfd5d64d4a7e7,2023,4685284,Caleb,Burton,WR,Ohio State,Auburn,receiving_yds,2023,1,1,0.8048800068550196,0.8585858585858586,0.0380718117248972,0.019997959391898794
d2adbb2474e3d752fd22de64db2b2badd3d3ca0e9a34ef42aeff2190967cfee5,2023,4685261,Germie,Bernard,WR,Michigan State,Washington,receiving_yds,2023,1,1,0.9368994287946045,0.8585858585858586,0.003981682086447184,0.019997959391898794
c0ab87c039c0370e3e18af5af241b248b140a45e7afbc7cf6d04cb0ff290779d,2023,4687555,Isaiah,Garcia-Castaneda,WR,Nebraska,Nebraska,receiving_yds,2023,1,1,0.8992278480214111,0.8585858585858586,0.01015502661439582,0.019997959391898794
919ca3457329a2672b989d63fb388e1bc2f7789eb4ff40be2e7cd034898a348b,2023,4685409,Jordan,Hudson,WR,TCU,SMU,receiving_yds,2023,1,1,0.9318905474550878,0.8585858585858586,0.004638897525967645,0.019997959391898794
3d77abe615adb227c462d8d6af39d18f46012f92165ef377b656ad12087cef11,2023,4361936,Anthony,Queeley,WR,Syracuse,Georgia Southern,receiving_yds,2023,1,1,0.8973040042394241,0.8585858585858586,0.010546467545256216,0.019997959391898794
22a8ea653336b3486dc486e324a53f087d9de375f67fe75e7747af065b088f23,2023,4602201,Brenen,Hawkins,WR,Kansas State,Austin Peay,receiving_yds,2023,1,1,0.7369945604815696,0.8585858585858586,0.06917186121628273,0.019997959391898794
c3bc3a168b32cf428ec2e830a416f35a33842ee01237a9c33ba597259b950b6f,2023,4875210,Nigel,Lanier,WR,Tennessee,Grambling,receiving_yds,2023,0,1,0.697886816028454,0.8585858585858586,0.48704600798633324,0.7371696765636159
b394a18835b760810507aa1b8791680e2ae3af71f77b9b2039cfff161a137f0a,2023,4604004,Keelan,Marion,WR,UConn,BYU,receiving_yds,2023,1,1,0.9055517496992478,0.8585858585858586,0.00892047198487354,0.019997959391898794
e05c712aa61fe4db39f762a6d25b4139dc5fc6e65df605b7b61b8df01fddfb8a,2023,4426965,Blair,Conwright,WR,TCU,North Texas,receiving_yds,2023,1,1,0.9017201640777713,0.8585858585858586,0.009658926148900187,0.019997959391898794
31c362d3474f80ca2326c9e44737a45e6597a5ededce902ec848be23cc4d5e0e,2023,4432267,Joey,Hobert,WR,Utah Tech,Texas State,receiving_yds,2023,1,1,0.9278784665971183,0.8585858585858586,0.005201515580382987,0.019997959391898794
1eb4445685725a6aac62babf9401432b992a68c7f697964d3d171224d2e388d3,2023,4596539,Yulkeith,Brown,WR,Texas A&M,Tulane,receiving_yds,2023,1,1,0.9333008415289207,0.8585858585858586,0.004448777740750152,0.019997959391898794
10b2fac20fb1110de38c6ee4e00357e57ba5e8ebdff67af1d14c8fdf8584df02,2023,4875617,NyNy,Davis,WR,Utah State,UL Monroe,receiving_yds,2023,1,1,0.9161719900763327,0.8585858585858586,0.0070271352477624715,0.019997959391898794
5de89c58bbf49321befe60303afdb343bf0194a4fe21f7c3cf6875b848b190da,2023,4431331,Trevor,Pope,WR,Oregon State,Oregon State,receiving_yds,2023,0,0,0.7369945604815696,0.8585858585858586,0.543160982179422,0.7371696765636159
91a1d2676eb6b6a7ce64398276370de79a597fbba88bea3838c5f39583dff6d5,2023,4428938,Dante,Wright,WR,Colorado State,Temple,receiving_yds,2023,1,1,0.7369945604815696,0.8585858585858586,0.06917186121628273,0.019997959391898794
df4cbc21ce3a765284a7ddfd0345b0ed3a55dd69d7fc78213ac3535cd4d21b84,2023,4686775,Montana,Lemonious-Craig,WR,Colorado,Arizona,receiving_yds,2023,1,1,0.9469156538645406,0.8585858585858586,0.002817947804629266,0.019997959391898794
ea90fbc9d17b47ce2629effefbfecdfb94a5e56043c55a92e5ee61687a9fee78,2023,4427846,Khatib,Lyles,WR,North Texas,Austin Peay,receiving_yds,2023,1,1,0.7369945604815696,0.8585858585858586,0.06917186121628273,0.019997959391898794
a12eecf29afbeb2809f3eabc6a03899a8d1b33a12eb558be931168b6c36bd4b3,2023,4431389,Ketron,Jackson,WR,Arkansas,Baylor,receiving_yds,2023,1,1,0.9518471136560415,0.8585858585858586,0.0023187004632541884,0.019997959391898794
fe13c219b73b2d56d26a438599e8515f51453633e2d05b2c92f0f090ac4051bb,2023,4426470,Genson,Hooper-Price,WR,Northwestern,Coastal Carolina,receiving_yds,2023,1,1,0.9091833498200421,0.8585858585858586,0.008247663949908843,0.019997959391898794
2dedaa501142d63fa0ed467e18df24ca538e62e403bacb3644fac0649bc4fbef,2023,4683271,Jayleen,Record,WR,SMU,Weber State,receiving_yds,2023,1,1,0.7369945604815696,0.8585858585858586,0.06917186121628273,0.019997959391898794
17b04c811226e20e13053f7776b641aa9b73e96243ba0801dc2a2f6627157ca6,2023,4361351,Jaelen,Gill,WR,Boston College,Fresno State,receiving_yds,2023,1,1,0.9485397038511658,0.8585858585858586,0.002648162079725718,0.019997959391898794
9eb8a80da35b8ac520eeccbe28a0a88fa5fee9887f3d3a98285e9d9046de7a34,2023,4367560,Naseim,Brantley,WR,Western Illinois,Rutgers,receiving_yds,2023,0,0,0.9345719366593394,0.8585858585858586,0.8734247047911882,0.7371696765636159
bf684cd3fbe1f1227621fa4bc5f309cebaebebfed20949aab5d611fc69080a8b,2023,4428140,Kalani,Norris,WR,Georgia Tech,Middle Tennessee,receiving_yds,2023,1,1,0.9040170235995719,0.8585858585858586,0.009212731758685134,0.019997959391898794
1681b002a12dc90b530897d38344da27f4c093928da2b0802d6c4e281efd9e80,2023,4696407,Jacari,Carter,WR,Merrimack,Georgia State,receiving_yds,2023,1,1,0.9125909858564117,0.8585858585858586,0.007640335753554012,0.019997959391898794
f3cd9db3e3aab8aa6049c0b825274a3eb3864f7425bebab6339ad40d16a04fbd,2023,4877558,Raphael,Williams,WR,Western Carolina,San Diego State,receiving_yds,2023,0,0,0.9389018677213598,0.8585858585858586,0.8815367172106577,0.7371696765636159
5b3645a0617d2c4a348b621ecc8fd8bdb00820157f11731e9d06979d9d30bf20,2023,4875358,Anderson,Grover,WR,Washington State,Sacramento State,receiving_yds,2023,1,1,0.8797076269745261,0.8585858585858586,0.014470255008099763,0.019997959391898794
6a39740ad9918d8525dbfc0055463aa24fec133534cdeafcb80c577581c467a7,2023,4433901,Corey,Rucker,WR,South Carolina,Arkansas State,receiving_yds,2023,1,1,0.9035167418276477,0.8585858585858586,0.00930901910755278,0.019997959391898794
8f135e748cd2ab8c429b168f399f39c6ebe242043671da288acf6e95e9a62f87,2023,4370170,Landon,Parker,WR,Wofford,Troy,receiving_yds,2023,1,1,0.9178917689543153,0.8585858585858586,0.006741761605451533,0.019997959391898794
5b5747aee86e8f565ac998632dd4083d22eb5e09496011fc5881f240c8c66568,2023,4431425,Javon,Swinton,WR,Indiana,Eastern Michigan,receiving_yds,2023,1,1,0.9162824662544108,0.8585858585858586,0.007008625456443869,0.019997959391898794
79b4c3b9b63c6fec8fd7e8bc31d95c644fccd655f246217eb50facb63df0a407,2023,4571801,Ayir,Asante,WR,Holy Cross,Wyoming,receiving_yds,2023,1,1,0.8994999665702421,0.8585858585858586,0.010100256719382453,0.019997959391898794
f79d3fce78e1593e88d3ae146b3953207dc31c533ee7e45ec7c2a093f7082e49,2023,4381248,Tauskie,Dove,WR,Missouri,Memphis,receiving_yds,2023,1,1,0.9133242527012837,0.8585858585858586,0.007512685169790926,0.019997959391898794
16ffe54dc517f81184272051773b4e3886df899dcc7a7ae5804e3ca2ce8912fb,2023,4565297,Dontae,Fleming,WR,Louisiana,Tulane,receiving_yds,2023,1,1,0.9373345422790592,0.8585858585858586,0.003926959591375017,0.019997959391898794
778eeb5436b2e14489670d3e36e75a47e0aa92dfee8670784337f38d33ba7931,2023,4702920,Ike,White,WR,Minnesota,Charlotte,receiving_yds,2023,0,0,0.7369945604815696,0.8585858585858586,0.543160982179422,0.7371696765636159
16d4fe43d988d9eadf05dd2e5260798318371b0590d37437f9ad4629eab3216e,2023,4573522,Shawn,Harris,WR,Stony Brook,Massachusetts,receiving_yds,2023,1,1,0.9276470979594167,0.8585858585858586,0.005234942433694245,0.019997959391898794
c1077816dce1345a9e077f1344275108d40e9dd290a128a1b714886411ccaf96,2023,4689266,Drew,Donley,WR,Cincinnati,Texas State,receiving_yds,2023,1,1,0.7369945604815696,0.8585858585858586,0.06917186121628273,0.019997959391898794
cb584cf22c39c0a948ef794fd96a712632c12ace6934b104112e7dc5b5ae0359,2023,4429284,DeMeer,Blankumsee,WR,Toledo,Memphis,receiving_yds,2023,1,1,0.9195444042793335,0.8585858585858586,0.006473102882767332,0.019997959391898794
33179e8d8760c9028ba918b5d12be5e647f3834882c4da5f558c01732ef914ab,2023,4426815,Mike,Brown-Stephens,WR,Minnesota,South Florida,receiving_yds,2023,1,1,0.9251297728607596,0.8585858585858586,0.005605550911881451,0.019997959391898794
4faa9a2a7e31d21254230c38b4a7cfc127fb1fd225d298ab41a992cee906c180,2023,4433909,Matt,Sykes,WR,UCLA,Rice,receiving_yds,2023,1,1,0.9027320494952467,0.8585858585858586,0.009461054195395146,0.019997959391898794
fb9071b758b69986b6351a0e58cfdaf5f768801c28e23a9db4a690723e11ec0a,2023,4431142,Jimmy,Holiday,WR,Tennessee,Western Kentucky,receiving_yds,2023,1,1,0.9148584734412314,0.8585858585858586,0.007249079544757501,0.019997959391898794
fa293ad4f19407f4c99ce0dafb872734d82f6d61658fb2a0c20185d92af70b39,2023,4429422,Trey,Cleveland,WR,Texas Tech,North Texas,receiving_yds,2023,1,1,0.9271665198248071,0.8585858585858586,0.005304715834430212,0.019997959391898794
c575ea4d43991d28abe3710fca36f06d2469961acfbb9241ca4a20db876b176b,2023,4428167,Justin,Olson,WR,North Carolina,Middle Tennessee,receiving_yds,2023,1,1,0.8952884083450906,0.8585858585858586,0.010964517426904491,0.019997959391898794
a568f0a455a8506f03b53af71dcaf7126eb88ff76833b06a1b0b2e85aa9cc96a,2023,4362752,Khmari,Thompson,WR,Illinois,Arkansas State,receiving_yds,2023,0,0,0.7369945604815696,0.8585858585858586,0.543160982179422,0.7371696765636159
8673538f145cb77924a77e9b267245631efa9a436bfec24165d1ec4c7dbc3e47,2023,4426478,Colby,Bowman,WR,Stanford,Utah State,receiving_yds,2023,1,1,0.9163578634340548,0.8585858585858586,0.0069960070093162295,0.019997959391898794
b922d315559c99f1bc5809d73f1a546dab5b5f5346d5c024385f26848990f178,2023,4426892,Dante,Cephas,WR,Kent State,Penn State,receiving_yds,2023,1,1,0.9550815151907032,0.8585858585858586,0.0020176702775630303,0.019997959391898794
d34a97085146d5971c176b5fae81166216437046ed961fbbc263724f9cfca5bc,2023,4427601,Ali,Jennings,WR,Old Dominion,Virginia Tech,receiving_yds,2023,1,1,0.9474898776170166,0.8585858585858586,0.00275731295267589,0.019997959391898794
e93b7f58d28657db7a4745fd7a52545650d457ce953b4400fb4dce1a1ca87cf3,2023,4571559,Christian,Helms,WR,South Florida,South Florida,receiving_yds,2023,0,1,0.7198376842446936,0.8585858585858586,0.5181662916587633,0.7371696765636159
723f848b5c90033a70caca98a1e070f15949944cc71efff72d2595135c7703f3,2023,4596439,Dominic,Lovett,WR,Missouri,Georgia,receiving_yds,2023,1,1,0.960334175041658,0.8585858585858586,0.0015733776696258298,0.019997959391898794
f91ecb6a52cba2580420e1b872c7114b085ab269baa069fc5faa2421ece17880,2023,4869748,Zavion,Thomas,WR,Mississippi State,Mississippi State,receiving_yds,2023,1,1,0.9132885228555584,0.8585858585858586,0.007518880268571019,0.019997959391898794
7ed8a41de1c1128e1eca503cc80c7d6c64c15a77719fc0f5b1ee7ec5c2aec5c1,2023,4431186,Seth,Jones,WR,Baylor,South Florida,receiving_yds,2023,0,0,0.9035836746730738,0.8585858585858586,0.8164634571356952,0.7371696765636159
7f909f7767716a8d65872914566bf0e283bd2dca76e94058a028fba32a3736fe,2023,4374145,Jermaine,Braddock,WR,San José State,Portland State,receiving_yds,2023,1,1,0.917758616102175,0.8585858585858586,0.006763645225429426,0.019997959391898794
069781e3ef94a1108f8c638d9fa4171f21e62e094ae25f5293264831e54b4c0d,2023,4360462,Geordon,Porter,WR,New Mexico,UConn,receiving_yds,2023,1,1,0.9299706442638899,0.8585858585858586,0.004904110664814661,0.019997959391898794
c5662ee6754f6db22246972223ff52f3e03b45c1ed8a20dc7a53264e73e0d149,2023,4567736,Taji,Hudson,WR,East Carolina,James Madison,receiving_yds,2023,1,1,0.8980509526944885,0.8585858585858586,0.010393608246501415,0.019997959391898794
a7c944948b55e52bc04f143ba5c4239140863286a16b3b3daadf80d6ee63036d,2023,4698227,Naiem,Simmons,WR,Wagner,South Florida,receiving_yds,2023,1,1,0.9298932992064128,0.8585858585858586,0.004914949496161555,0.019997959391898794
ae7225240f000b7f9c032b8b72631db5e5dee72e43e42e091ec10829507756e5,2023,5093338,Xavier,Van,WR,San Diego,New Mexico,receiving_yds,2023,0,0,0.7198376842446936,0.8585858585858586,0.5181662916587633,0.7371696765636159
9fd9f98bce23edbdd4a1f3cde53c626dfbe89c6705bb8c4725ff6df83c7692dd,2023,4873126,Chris,Lewis,WR,Kentucky,Troy,receiving_yds,2023,1,1,0.9148916577125535,0.8585858585858586,0.007243429926917147,0.019997959391898794
a8b25c8ea8189d5bba7384ebe84122bdac6af267bc003cfe8b352503cc63aca1,2023,4240676,Beau,Corrales,WR,SMU,Texas State,receiving_yds,2023,1,1,0.9013752241107704,0.8585858585858586,0.00972684641920076,0.019997959391898794
4fc818b45d27d64f2a2961601dfc5893f841c416c364873b9a185ceb87cf64f5,2023,5085024,C.J.,Williams,WR,USC,Wisconsin,receiving_yds,2023,1,1,0.9302568345703338,0.8585858585858586,0.004864109124149785,0.019997959391898794
745cda2c34a4828125fd6390b3192ce5733b26e4258035d5ced6e08cbbb8950d,2023,4686343,Braden,Smith,WR,Louisville,Cincinnati,receiving_yds,2023,1,1,0.9164819519324874,0.8585858585858586,0.006975264353007348,0.019997959391898794
94aa6a83efa24813692eeaa6e81d8f3b4e8638790f492895f567884098a57e12,2023,5096863,Kole,Wilson,WR,Incarnate Word,Texas State,receiving_yds,2023,1,1,0.912519179858327,0.8585858585858586,0.007652893892659744,0.019997959391898794
16dab7b10d529525525a1962107cbb919190c49246f012fdfb6e5fd683510efb,2023,4686374,Steven,McBride,WR,Kansas,Hawai'i,receiving_yds,2023,1,1,0.9027121827638204,0.8585858585858586,0.00946491938258029,0.019997959391898794
bb783582b343da2a1cdcc2494df5660b527e9ebadfbc6a727e900af333fb6496,2023,4597500,Adonai,Mitchell,WR,Georgia,Texas,receiving_yds,2023,1,1,0.9402449460853469,0.8585858585858586,0.003570666468343096,0.019997959391898794
3fac2acb6b17201ec45b7e7295b9c3d288df89a2b2af967d9ed37b958813c81c,2023,4575558,Josh,Kelly,WR,Fresno State,Washington State,receiving_yds,2023,1,1,0.9361181999555903,0.8585858585858586,0.004080884376913942,0.019997959391898794
aadf14f6a451537a14848ecdc09040d5e0b129488425991f53c8f0499e833ef6,2023,4427957,Ty,McCullouch,WR,Colorado State,Montana State,receiving_yds,2023,1,1,0.9082553261406657,0.8585858585858586,0.008417085181555612,0.019997959391898794
ac1df01b74027821d2f093b30c386a66ad8db48dae35d7c32ae61aee493587a2,2023,4431514,Daejon,Reynolds,WR,Florida,Pittsburgh,receiving_yds,2023,1,1,0.9353985881767463,0.8585858585858586,0.004173342409557628,0.019997959391898794
be88802a7ee59f5bee7310198272a5ee6005fb630826c056f1ca226c4fed9cc6,2023,4429107,Dazalin,Worsham,WR,Auburn,UAB,receiving_yds,2023,0,0,0.8946855946225318,0.8585858585858586,0.8004623132250733,0.7371696765636159
37661482ac08a16ca57443b8e83e06d40647c377269370a1624271c616b88417,2023,4635009,J.Michael,Sturdivant,WR,California,UCLA,receiving_yds,2023,1,1,0.9399370004674814,0.8585858585858586,0.0036075639128433285,0.019997959391898794
f5e213e8a8b1c103eb209e814f3fc2a5e941628953746f703baa27f6f371b600,2023,4711055,Dorian,Singer,WR,Arizona,USC,receiving_yds,2023,1,1,0.955118050480652,0.8585858585858586,0.002014389392657301,0.019997959391898794
07329fa40f800e510ce42c432178e727e5ea171723b0f72d19166dd5484cb40e,2023,4565652,Errol,Rogers,WR,Louisiana,Liberty,receiving_yds,2023,1,1,0.9159091887296064,0.8585858585858586,0.007071264540112962,0.019997959391898794
7f2addd326454740d0fec269ab7c776811450be60006e3f150c2d0622b44c4c3,2023,4683111,Jaden,Bradley,WR,Pittsburgh,Charlotte,receiving_yds,2023,0,0,0.9070524315480936,0.8585858585858586,0.8227441135773089,0.7371696765636159
24d38aaa0a05b311c2993a5ce38b23fa22154f9f60c23c0ffad9185bfdae10a6,2023,4685307,Kevin,Coleman,WR,Jackson State,Louisville,receiving_yds,2023,1,1,0.9427884699649731,0.8585858585858586,0.003273159168948783,0.019997959391898794
8280d0614b1150868b14791df8f9aea90d16fa96b5568dfc8cbea4e7e70001b9,2023,4427225,Zakhari,Franklin,WR,UTSA,Ole Miss,receiving_yds,2023,1,1,0.9342364027568048,0.8585858585858586,0.004324850722365198,0.019997959391898794
e0cf0b8f9f4b119ffaac0d6262798398eb62c1376fc03a039ddec0283a45b1ff,2023,4873168,Jordan,Anthony,WR,Kentucky,Texas A&M,receiving_yds,2023,1,1,0.7726888019526682,0.8585858585858586,0.0516703807577133,0.019997959391898794
98932e265e415a15d334d80ab9007e631792b5696ac62628d624e3e75f8d3631,2023,4605489,Damien,Alford,WR,Syracuse,Syracuse,receiving_yds,2023,1,1,0.9208440549327085,0.8585858585858586,0.006265663639496071,0.019997959391898794
93e3c19fc1f51fbd2e4333ce563a5c5171a45af1eb96c7bac80da861bd55a602,2023,4682509,Malik,McClain,WR,Florida State,Penn State,receiving_yds,2023,1,1,0.9283610208362988,0.8585858585858586,0.005132143335617216,0.019997959391898794
c21142124d6e4ad6a1688799e291447d02d06904406bb952482d72bc33f9ee14,2023,4426357,Kyle,Ford,WR,USC,UCLA,receiving_yds,2023,1,1,0.9482214074812847,0.8585858585858586,0.0026810226432191606,0.019997959391898794
80c6307057c38a33d0dec4b34680c69d8dc6f4973d7c899eee2816f4d1717c47,2023,4360930,Jyaire,Shorter,WR,North Texas,Auburn,receiving_yds,2023,1,1,0.9250581912396292,0.8585858585858586,0.005616274700275993,0.019997959391898794
d34df1ab394416ab8896db6e78255337329746db6d8982b08add53a55c6ddd2b,2023,4565181,Bralon,Brown,WR,Ole Miss,Ole Miss,receiving_yds,2023,1,1,0.9135728685179224,0.8585858585858586,0.007469649056220327,0.019997959391898794
b7c51ed98208d4c31f2956d72cbfe4e6b6a5628319b010c37bb7bdc1e2241144,2023,4428163,Donovan,Ollie,WR,Washington State,Cincinnati,receiving_yds,2023,1,1,0.9395156157339393,0.8585858585858586,0.003658360740044495,0.019997959391898794
91663ea0e671fc520e5bff51708de6ea59c84e8b0b8da0482ff089ac1b3ca7a1,2023,4361762,Sean,Shaw Jr.,WR,Iowa State,Texas State,receiving_yds,2023,1,1,0.9008985990947664,0.8585858585858586,0.009821087661379827,0.019997959391898794
916e7db8546b328e73f660dccf9d1441d7416421c81bcab5978713cad942e8eb,2023,4683791,Jaden,Coffen,WR,Temple,Morgan State,receiving_yds,2023,1,1,0.7369945604815696,0.8585858585858586,0.06917186121628273,0.019997959391898794
4db666f3a2e072f5b373c83bb983ce7ef5f19477154507696e9c2c3abf596587,2023,4683237,Keagan,Johnson,WR,Iowa,Kansas State,receiving_yds,2023,1,1,0.9275468559201493,0.8585858585858586,0.005249458087055605,0.019997959391898794
3fe6a87227c75d11f96d25a8efa314b71e2de6a65d6ae71deee69ec5df4c8c73,2023,4694912,Abdul,Janneh,WR,Duquesne,Georgia Tech,receiving_yds,2023,1,1,0.9201198121663198,0.8585858585858586,0.006380844408344035,0.019997959391898794
6ee5e88e9fc2acae5e16cbbbdb294bcc5e60cffc85e2f554cba9a1a18da1e9bf,2023,4430657,Devin,Price,WR,Texas A&M,Florida Atlantic,receiving_yds,2023,1,1,0.9050666928811022,0.8585858585858586,0.009012332800530973,0.019997959391898794
5986c97f54439d34abe8c6e564db668f6c243983676fde9e77c4dc8a83fc8658,2023,4565172,Courtney,Jackson,WR,Syracuse,Arkansas State,receiving_yds,2023,1,1,0.9047539063121742,0.8585858585858586,0.009071818362790085,0.019997959391898794
b71e3d01cf319017161e0c01232893af3759c9cbd32985b62f7ea2745c1fe989,2023,4569510,John,Jackson III,WR,USC,Nevada,receiving_yds,2023,1,1,0.7369945604815696,0.8585858585858586,0.06917186121628273,0.019997959391898794
ce3bc8d4affe5ef2b787ebba124d6c69d6790aecbc40113d07e65dbc20b738f8,2023,4876598,Seth,Anderson,WR,Iowa,Iowa,receiving_yds,2023,1,1,0.697886816028454,0.8585858585858586,0.09127237592942518,0.019997959391898794
a04c5ab1aec11a64886ef9eebed5b629a0d5b976fc1c3de79933de4b681893b6,2023,4361679,Devin,Carter,WR,NC State,West Virginia,receiving_yds,2023,1,1,0.9446854115446274,0.8585858585858586,0.0030597036959872427,0.019997959391898794
a2fb474504a894f58c5208de53aef9e0dd10987292118258f545ed7cdace7108,2023,4587701,Andrel,Anthony,WR,Michigan,Oklahoma,receiving_yds,2023,1,1,0.9215763662253623,0.8585858585858586,0.006150266334418492,0.019997959391898794
e6e80a60f7e4c8e72b324c38bd4edfc3184c6a294210463b05769b6692a48d8f,2023,4695910,Xavier,Guillory,WR,Idaho State,Arizona State,receiving_yds,2023,1,1,0.9462513222320028,0.8585858585858586,0.002888920361807995,0.019997959391898794
996ccd3f1042c5fd27a4ce7e4f7a4533f745163625857181400e4fceb342e4b2,2023,4428811,Xavier,Weaver,WR,South Florida,Colorado,receiving_yds,2023,1,1,0.9376464051902299,0.8585858585858586,0.0038879707857009884,0.019997959391898794
0c163571a85eb8c38c47b05dc2182c7e055e1ce948a846591ce419ac7e308001,2023,4428678,Jamari,Thrash,WR,Georgia State,Louisville,receiving_yds,2023,1,1,0.9592484125035444,0.8585858585858586,0.0016606918834812744,0.019997959391898794
b18b5a5e073dc8253cd2cc7fa524286dbb444f9a6b4e700b4bfb6169e18bc3fb,2023,4428815,Christian,Wells,WR,App State,Massachusetts,receiving_yds,2023,1,1,0.9218616380302842,0.8585858585858586,0.006105603611310328,0.019997959391898794
21d7ebd370046cccd725e04067872c0457f4e74bda0de1e33b71f095ec388da0,2023,4429069,J.J.,Evans,WR,Auburn,North Alabama,receiving_yds,2023,1,1,0.7726888019526682,0.8585858585858586,0.0516703807577133,0.019997959391898794
4e789c8165b3d58bafd3466ca3ad31152618b17c2b6d588d6361321b5d577ffb,2023,4690026,Shadeed,Ahmed,WR,Marshall,Texas State,receiving_yds,2023,0,0,0.8945081377486436,0.8585858585858586,0.8001448084985463,0.7371696765636159
e978af52aa15a49e1fac13dc549621160536c4edf37514c4aa9aa63634a902c8,2023,4687700,Malachi,Holt-Bennett,WR,Indiana,UAB,receiving_yds,2023,1,1,0.907110024673151,0.8585858585858586,0.008628547516222607,0.019997959391898794
9b52db3be4e6d8c4abfb9dd5bd0bba6ceab49b46cc1cb94ed5c7663f65f944a0,2023,4426863,DeQuece,Carter,WR,Fordham,Indiana,receiving_yds,2023,1,1,0.9400253747542631,0.8585858585858586,0.0035969556733665862,0.019997959391898794
f2738061a84b053bd938036e74adaabb53c37658f874ce80dbce25a009e18302,2023,4430323,Ja'Shaun,Poke,WR,Kent State,West Virginia,receiving_yds,2023,1,1,0.7862812890363144,0.8585858585858586,0.04567568741597937,0.019997959391898794
39c99f3a5096dfbd68c81d0c580132b69f891374b1fdc81a3938a25c8b5b3328,2023,4372541,Caleb,Chapman,WR,Oregon,Incarnate Word,receiving_yds,2023,1,1,0.9144251547198917,0.8585858585858586,0.00732305414471447,0.019997959391898794
e69c77a36a28786d5aec0c5f6c31c87939ce81850999b99b77ef08715ea5bf54,2023,4611987,Jackson,Hensley,WR,Wake Forest,Eastern Kentucky,receiving_yds,2023,1,1,0.8980509526944885,0.8585858585858586,0.010393608246501415,0.019997959391898794
1ce8eb08906616db21314dda1544874bcb43a3aa4f5fa2526c6717ef8154a7c8,2023,4685553,Brenen,Thompson,WR,Texas,Oklahoma,receiving_yds,2023,1,1,0.9314395202787125,0.8585858585858586,0.00470053937961308,0.019997959391898794
ef987edd3d46b97a6e0a54d7044de9acbfd168795e06512a553abd6a482c8557,2023,4880281,Jordyn,Tyson,WR,Colorado,Arizona State,receiving_yds,2023,0,0,0.9458235226535993,0.8585858585858586,0.8945821360048636,0.7371696765636159
36c0e8f500b502f3bb01dbf7b08616b1d34692368cc83aa2bda3256f542e75e6,2023,4432694,JoJo,Earle,WR,Alabama,TCU,receiving_yds,2023,1,1,0.9373044053708447,0.8585858585858586,0.003930737585903368,0.019997959391898794
b7a70fa0558e63aa87ac3ba5b26840ad90b7ff354c5c48aee343536b5f943814,2023,4429313,Tyrone,Broden,WR,Bowling Green,Arkansas,receiving_yds,2023,1,1,0.9333605781040593,0.8585858585858586,0.004440812550625187,0.019997959391898794
f8dced776a8c63e295c948da9c436375a831f96bfaf4d4132b9821c22289837f,2023,4574026,Tyrese,Chambers,WR,Florida International,Maryland,receiving_yds,2023,1,1,0.9464249277405488,0.8585858585858586,0.0028702883676054217,0.019997959391898794
13d3f020e3cce92b28ef874f260e0b1b8dea4c92b288ce01dfe65cdd37f7d720,2023,4708486,Jimmy,Horn Jr.,WR,South Florida,Colorado,receiving_yds,2023,1,1,0.9280673545331902,0.8585858585858586,0.0051743054838537484,0.019997959391898794
94c3b1b4b31af5e44c823e046e477ac2c3a98d2106f312b66362f3a75f599afe,2023,4701949,Kaydin,Pope,WR,Mississippi State,New Mexico,receiving_yds,2023,1,1,0.90034355843172,0.8585858585858586,0.00993140634605201,0.019997959391898794
4e529fde415e72617b5234497141e1104cbc6004199ec07729720b288e017bbd,2023,4684091,Jamari,Gassett,WR,Buffalo,Florida A&M,receiving_yds,2023,1,1,0.9251750544928248,0.8585858585858586,0.0055987724701517414,0.019997959391898794
b4af2435805188d3299807a4e7720c89a572bcbd10554fa44f2d5eeed129712f,2023,4426760,Stephan,Bracey,WR,Wisconsin,Central Michigan,receiving_yds,2023,1,1,0.7369945604815696,0.8585858585858586,0.06917186121628273,0.019997959391898794
de644a0ed6df434e152aa1317ade2ccc08c40eae55f8d641d72ae90b55ddaf47,2023,4361527,Eddie,Lewis,WR,Memphis,South Carolina,receiving_yds,2023,1,1,0.9342243776907938,0.8585858585858586,0.004326432490163344,0.019997959391898794
ded1e413dfd3bf68513b562506921bd64b9092842a77514e8c79b339c5298678,2023,5160110,Jahdae,Walker,WR,Grand Valley State,Texas A&M,receiving_yds,2023,1,1,0.7727095332949013,0.8585858585858586,0.05166095625502157,0.019997959391898794
a13348cac31554992de9e9ab64c695d95b6f3fddde15d41edfea28ea67556246,2023,4880760,Reed,Shumpert,WR,Washington State,Cal Poly,receiving_yds,2023,1,1,0.697886816028454,0.8585858585858586,0.09127237592942518,0.019997959391898794
46e3a3a7b4c2d426cb74bdef3b89cd57d586a7d0bb736ae7ea72a3b8c17fead7,2023,4432775,Dont'e,Thornton Jr.,WR,Oregon,Tennessee,receiving_yds,2023,1,1,0.948287008581475,0.8585858585858586,0.0026742334814524437,0.019997959391898794
cc58e6fc54be0e73848f374f1d876d1367b04c7068a9fd14036a6e06b0060896,2023,4686612,Tre,Harris,WR,Louisiana Tech,Ole Miss,receiving_yds,2023,1,1,0.9541934074416456,0.8585858585858586,0.0020982439218070886,0.019997959391898794
f7dc69532895c2307b2786cd227a372658c6add9050faf2e2f5ecf6e68cbc86e,2023,4429503,Taj,Davis,WR,Washington,California,receiving_yds,2023,1,1,0.9330905421347997,0.8585858585858586,0.004476875551815015,0.019997959391898794
2dd8b7e7bce4fec7d9d93d3a25dc9060214f4a1a409e4469808e5b6413f51fbd,2023,4429479,Corey,Crooms,WR,Western Michigan,Minnesota,receiving_yds,2023,1,1,0.9419599916237431,0.8585858585858586,0.00336864257231597,0.019997959391898794
f144e98c99bf588152c9ae3be9b3b533dd05c8bfe4096845d07545c28b5b6f23,2023,4613202,Kyle,Williams,WR,UNLV,Washington State,receiving_yds,2023,1,1,0.9371034753475019,0.8585858585858586,0.003955972813362297,0.019997959391898794
65d612c9f1968b41ed9ae8dda4b41c161250e338775f8148a2d0224202573346,2023,5123663,Isaac,TeSlaa,WR,Hillsdale College,Arkansas,receiving_yds,2023,1,1,0.7726650128539826,0.8585858585858586,0.0516811963806799,0.019997959391898794
64833143968ff992b46cbc869c21445d2415011d5cd8452e39c0c221b41eec63,2023,4428490,Emery,Simmons,WR,Indiana,Utah,receiving_yds,2023,1,1,0.9603014239632723,0.8585858585858586,0.0015759769393438477,0.019997959391898794
c1652b821b089004144e0539fea419dfa89d655477b6d5272a0864e5b334a079,2023,4696882,Devontez,Walker,WR,Kent State,North Carolina,receiving_yds,2023,1,1,0.8245546806156177,0.8585858585858586,0.030781060093887928,0.019997959391898794
e2ce54ff46a3070cea9f4aea7fba53e2e95b8b1db1a696523f84f89d2c91b811,2023,4432387,Nate,McCollum,WR,Georgia Tech,North Carolina,receiving_yds,2023,1,1,0.8704848701803022,0.8585858585858586,0.016774168852213178,0.019997959391898794
2d07f58f8358a6b9dfcbca5c248454d552439ebeda83dce4f139a472fc10ad64,2023,4602667,Jaylin,Lane,WR,Middle Tennessee,Virginia Tech,receiving_yds,2023,1,1,0.9533605820305661,0.8585858585858586,0.0021752353085275574,0.019997959391898794
638b3aa1bd39a9e9d5cee96c6fd9be558a652123b99a104fb4a8eb19c5564cf0,2023,4373420,Noah,Massey,WR,Angelo State,West Virginia,receiving_yds,2023,0,0,0.7369945604815696,0.8585858585858586,0.543160982179422,0.7371696765636159
2231eb0706e93f3205a4b3adcda4566620677df2ab37d138d17989aab166093d,2023,4608003,Onuma,Dieke,WR,Massachusetts,Elon,receiving_yds,2023,1,1,0.8987622989262083,0.8585858585858586,0.010249072118706407,0.019997959391898794
26459493ee04b97a0a5a98a8c2bd4a389c1b2e8c8d5f6bb0c7d99d5c82cb7c90,2023,4360522,Rico,Arnold,WR,Massachusetts,Georgia State,receiving_yds,2023,0,1,0.8801616457343604,0.8585858585858586,0.7746845226218178,0.7371696765636159
bd4634ce5fa7cfd993ebec476d4ad960c1d64ed92598b3a18c54c64c1e3127eb,2023,4635008,Keon,Coleman,WR,Michigan State,Florida State,receiving_yds,2023,1,1,0.9440863895577692,0.8585858585858586,0.003126331832685536,0.019997959391898794
aa3e442dfe09a297b28aa14888045244379d0656778791eb1fe836ce24b6b2de,2023,4426535,Theo,Wease,WR,Oklahoma,Missouri,receiving_yds,2023,1,1,0.941161997315762,0.8585858585858586,0.003461910559870398,0.019997959391898794
f1eb5bca0569aa9ba4f9d0490e1a7cacee4d71beb07edcefd3be5b4268e1ece3,2023,4364538,Freddie,Roberson,WR,Eastern Washington,Mississippi State,receiving_yds,2023,1,1,0.9420407693375936,0.8585858585858586,0.003359272418978028,0.019997959391898794
0e235fa8565632567a48a8012b4e83639c3834b458595ab11b702f8447ec6546,2023,4587702,Christian,Leary,WR,Alabama,Georgia Tech,receiving_yds,2023,1,1,0.9125061315374966,0.8585858585858586,0.007655177018533847,0.019997959391898794
20f774e4ea23ec90e0c000f3fa1b7685c990f1a3b6813fa05ec043945513fa88,2023,5160748,JaQuae,Jackson,WR,"California, Pa.",Rutgers,receiving_yds,2023,1,1,0.7727095332949013,0.8585858585858586,0.05166095625502157,0.019997959391898794
2bb01bdb1ec584a1fa1295a240a10b10b4d102fd33e8fa1bd4b230b89e3c8f0b,2023,4360278,Jaylon,Robinson,WR,Ole Miss,TCU,receiving_yds,2023,1,1,0.9352801008066267,0.8585858585858586,0.0041886653516004,0.019997959391898794
4d5fa9cf84de1d6b94ca85b90a7ada8d95045154470ff3c7c82098160b000e12,2023,4686093,E.J.,Williams,WR,Clemson,Indiana,receiving_yds,2023,1,1,0.917490585524555,0.8585858585858586,0.006807803477080776,0.019997959391898794
6d9c3a880e11c3c97b3e2ae85bc036cfff8ad4f61f86146ee6d1e2f563df311e,2023,4427647,Jermaine,Johnson,WR,Massachusetts,Duquesne,receiving_yds,2023,1,1,0.737369688652909,0.8585858585858586,0.06897468043826997,0.019997959391898794
ae14a96b7c16040433c1971747abf0d2cba5da49adbecda84c7553eb4145fd47,2023,4567532,Devin,Boddie Jr.,WR,Vanderbilt,Wyoming,receiving_yds,2023,1,1,0.9091493802447741,0.8585858585858586,0.008253835109908644,0.019997959391898794
6e01972707c4657fbf54567ab80ebb32db0bb3866b4fbfd5dea20729981eca4e,2023,4431509,Kaden,Prather,WR,West Virginia,Maryland,receiving_yds,2023,1,1,0.9416122384391482,0.8585858585858586,0.003409130700086882,0.019997959391898794
9d22c2fec190a7b4afd949a31fa5fb4d8dfba2753a6f17ec55430b3876f99410,2023,4429125,Gary,Bryant Jr.,WR,USC,Oregon,receiving_yds,2023,1,1,0.9275549533038422,0.8585858585858586,0.005248284790808486,0.019997959391898794
efb8be39d2f45ca74a2d2543554078752b50fa5df4ec15af66e61105d0be5e36,2023,4430817,Xzavier,Henderson,WR,Florida,Cincinnati,receiving_yds,2023,1,1,0.9546955534805486,0.8585858585858586,0.0020524928744338343,0.019997959391898794
caf2f14eb43a3c039566bc2e93d534584d7b2be9038a3859bc0fb295c2a1b9fc,2023,4362310,Shane,Hooks,WR,Jackson State,Auburn,receiving_yds,2023,1,1,0.8048800068550196,0.8585858585858586,0.0380718117248972,0.019997959391898794
4673bee5db7139945c1d11399d4273b43f213d94f871691251787fe268c2b22b,2023,4607419,Key'Shawn,Smith,WR,Miami,SMU,receiving_yds,2023,1,1,0.9323838663651558,0.8585858585858586,0.004571941527725109,0.019997959391898794
bf2b00ba3f69856a2a44d0545045582ee82774954ab92911ab828bd6f8ece964,2023,4702830,Stephon,Johnson,WR,Oklahoma State,Houston,receiving_yds,2023,1,1,0.9488044928306444,0.8585858585858586,0.002620979954327542,0.019997959391898794
e1700af1a12f3e30a843fdd84544644402b347ecb2247b55565bd7b99400bf00,2023,4567525,Javon,Ivory,WR,Memphis,South Alabama,receiving_yds,2023,1,1,0.945269189303778,0.8585858585858586,0.002995461639465687,0.019997959391898794
026e2d8500543f860f391eb62df6bd9bcc865f6aab8477c34c1c60953e1d77fc,2023,4370797,Billy,Kemp,WR,Virginia,Nebraska,receiving_yds,2023,1,1,0.9235209667140232,0.8585858585858586,0.005849042532357552,0.019997959391898794
834febb021475ad64aa37512a070a121293fd00004eac87cb397ebfaf63decfa,2023,4432705,Bryson,Green,WR,Oklahoma State,Wisconsin,receiving_yds,2023,1,1,0.9225323187059086,0.8585858585858586,0.006001241645082923,0.019997959391898794
5e7c5363410e23abcf181f0977e4634febdabe7030ffbde539d2a9b3b0578a6c,2023,4683886,Jahmal,Edrine,WR,Florida Atlantic,Purdue,receiving_yds,2023,0,0,0.9262057672769861,0.8585858585858586,0.8578571233371506,0.7371696765636159
1c30b2780dcd41be3640b15ea6949d98d808d9d27ed3b78a0f594d6905c3ef50,2023,4608810,Tez,Johnson,WR,Troy,Oregon,receiving_yds,2023,1,1,0.9513938570178996,0.8585858585858586,0.00236255713559639,0.019997959391898794
2b7b6b957513a43cf3476d14ec6bded917c4de3350ac60ceb0a5d79219c73cf9,2023,4428594,Melquan,Stovall,WR,Colorado State,Arizona State,receiving_yds,2023,1,1,0.9232026874233511,0.8585858585858586,0.005897827218995516,0.019997959391898794
aaa5c16e778158d53f119b9f22b84d0dc54d9df3fc8ff3e006159e744c39c466,2023,5083972,Willie,Gaines,WR,Jackson State,Colorado,receiving_yds,2023,1,1,0.9250296305135933,0.8585858585858586,0.005620556300928337,0.019997959391898794
7606daddc311103b759a72239f9dc8923bde1eff0a9677bb28241fa52e350c02,2023,4683531,Aaron,Turner,WR,UConn,Cincinnati,receiving_yds,2023,1,1,0.9639002740409839,0.8585858585858586,0.001303190214316062,0.019997959391898794
a1b9b1940348633b2f030c338f4e5248f51459fc36a8fb1eccf4865a1021f710,2023,4429053,A.J.,Henning,WR,Michigan,Northwestern,receiving_yds,2023,1,1,0.9251492759143001,0.8585858585858586,0.005602630896153579,0.019997959391898794
76fae54ec06fab0374a2d4ed7a7d22395626f3c8ddf3d8307d60be409ae2e4ad,2023,4612411,Chase,Penry,WR,Colorado,Boise State,receiving_yds,2023,1,1,0.9149419053059518,0.8585858585858586,0.007234879472981677,0.019997959391898794
11bf45b8373f28366d717acd9a710b91efb38e84e753f4cfe904610b405c9b95,2023,4362503,Dee,Wiggins,WR,Louisville,Cincinnati,receiving_yds,2023,1,1,0.9188507884269446,0.8585858585858586,0.006585194538928515,0.019997959391898794
29dd06cb57d7cc29af98910a8b2e52033b7dcf64e58f32a27fe3c5940da335a2,2023,4567415,Trent,Whittemore,WR,Florida,UCF,receiving_yds,2023,1,1,0.9220739570884586,0.8585858585858586,0.0060724681638513875,0.019997959391898794
9e79b0e25573beba01f0fa3f4b1c3e6dca6f103acbcfbfd04c8b05c86efbdc89,2023,4572455,Jake,Smith,WR,USC,Arizona State,receiving_yds,2023,0,0,0.7725314146058606,0.8585858585858586,0.5968047865529321,0.7371696765636159
17aac29ad7cc9ebb91ab8ea70bd9ce8b1ff8e5c0983fe712eb8887d937ea4013,2023,4373959,Nick,Mardner,WR,Cincinnati,Auburn,receiving_yds,2023,0,0,0.9236794724370401,0.8585858585858586,0.8531837678015687,0.7371696765636159
b67c841172e3e45efdea3b4d798b4f96f8987e743f5bf0dbf62b6369d5ced3d8,2023,4589233,Dylan,Goffney,WR,SMU,Colorado State,receiving_yds,2023,1,1,0.9289953691198348,0.8585858585858586,0.005041657606428506,0.019997959391898794
f0e1df015ed36812e9fdcb318b4b2af1cfd52349c61d4ca32ad2e6ebcae85a17,2023,4685319,Decoldest,Crawford,WR,Nebraska,Louisiana Tech,receiving_yds,2023,1,1,0.7726204862587333,0.8585858585858586,0.051701443269214914,0.019997959391898794
66e249abd5cf6ec3939a240a1aa73c560e4bca88fd4aa40020957bfd599028f6,2023,4426341,Dominick,Blaylock,WR,Georgia,Georgia Tech,receiving_yds,2023,1,1,0.9259390111422382,0.8585858585858586,0.005485030070589518,0.019997959391898794
b5a47b5d09a560d69bfa9e6744aaadcd508b55f99cd949b12865f95b958c86f0,2023,4426383,Dylan,Wright,WR,Minnesota,TCU,receiving_yds,2023,1,1,0.9293424618561364,0.8585858585858586,0.004992487696551533,0.019997959391898794
eb537b6bbb34a05d88945b136478b41b5bde398b00da5ade1a66c2038edc1852,2023,4362794,Cam,Johnson,WR,Arizona State,Northwestern,receiving_yds,2023,1,1,0.9196591394479761,0.8585858585858586,0.006454653874239756,0.019997959391898794
9acd373f24c63103290a7bb76bc781b1affa3ee8e4bafd6c1b0a1b6232625fb3,2023,4374150,Isaiah,Hamilton,WR,San José State,Washington State,receiving_yds,2023,1,1,0.9285189917919016,0.8585858585858586,0.005109534534446236,0.019997959391898794
906398f9c19138dd83d98d15556bd540b69aded7a502308d97dae2ce619227d5,2023,4431197,Romello,Brinson,WR,Miami,SMU,receiving_yds,2023,1,1,0.9265262444644656,0.8585858585858586,0.005398392752495467,0.019997959391898794
a881179c0a83bcb5f3f526f5755e2f998096e05ab953f48bf3ef5fe103626f18,2023,4570035,Jaden,Alexis,WR,Texas,South Florida,receiving_yds,2023,1,1,0.7725759535093074,0.8585858585858586,0.0517216969222007,0.019997959391898794
29596f133c188a1aea15417df3aae72e3e7d185404cdccba98e46dbc728e050e,2023,4360818,Tyler,Harrell,WR,Alabama,Miami,receiving_yds,2023,1,1,0.9148753324460228,0.8585858585858586,0.007246209026175136,0.019997959391898794
8a52685e46abcda3136e311e66e3b107f1fb37d098efd97945888762bd5a3418,2023,4568992,Ryan,O'Keefe,WR,UCF,Boston College,receiving_yds,2023,1,1,0.9931966570554521,0.8585858585858586,4.628547522112934e-05,0.019997959391898794
2bb2ef4bdff898a33b5d6d21d58b4a149c75446464cdca4349286f7b95866246,2023,4431209,Dacari,Collins,WR,Clemson,NC State,receiving_yds,2023,1,1,0.9129178515374878,0.8585858585858586,0.00758330058084701,0.019997959391898794
6d40952bc76201057b195806a641c831c6d7c7fea2901a2ef1f45e9f3428b800,2023,4569603,Malik,Washington,WR,Northwestern,Virginia,receiving_yds,2023,1,1,0.9534581549614279,0.8585858585858586,0.0021661433395944547,0.019997959391898794
d4720e767b8659e783b2f2bbb08fd82b828a385010bfe2a95e854e31c191bd68,2023,4432732,Walker,Merrill,WR,Tennessee,Wake Forest,receiving_yds,2023,0,1,0.9186090619938041,0.8585858585858586,0.8438426087771366,0.7371696765636159
1a12e91c48375d135a873fa4df518e2e304638f96e38c34ba0db2d8bbcbdb940,2023,5151145,Leon,Johnson III,WR,George Fox,Oklahoma State,receiving_yds,2023,1,1,0.7726204862587333,0.8585858585858586,0.051701443269214914,0.019997959391898794
90857a524a01bd436ee811fc8b19ec03091c580599c1175fc83447d0e4f0f419,2023,4430905,Jadon,Thompson,WR,Cincinnati,Louisville,receiving_yds,2023,1,1,0.9317764134378318,0.8585858585858586,0.004654457763405658,0.019997959391898794
ef4ea4b8be51c12b5c7e33900f5cb4a6b6838f6ac20c707e8a84ebce962b4b93,2023,5083198,Darius,Lassiter,WR,Eastern Michigan,BYU,receiving_yds,2023,1,1,0.931453240830477,0.8585858585858586,0.004698658192644588,0.019997959391898794
afcaa1f0a056596ed1acfd32cddb59275a93c60302bb5ab2797ee7038acdf1ca,2023,4684902,Ryan,King,WR,Georgia Tech,East Carolina,receiving_yds,2023,0,0,0.9182948940676712,0.8585858585858586,0.8432655124707554,0.7371696765636159
15e6b01e0c2c097081220c2cd2e69f60fd20a06d5be16e8c1548b0264fbc7152,2023,4569350,Mikel,Barkley,WR,Toledo,Fresno State,receiving_yds,2023,0,1,0.9249101083852533,0.8585858585858586,0.855458708593221,0.7371696765636159
069dbe494650f92a3704f209732d92e715d81ce9ae270d18804ca51b4b34c71a,2023,4362501,Brian,Hightower,WR,Illinois,California,receiving_yds,2023,1,1,0.931548237110266,0.8585858585858586,0.004685643842712362,0.019997959391898794
fae50126e8b6f2b20c0607ad3699074fe04b7054af2a0a1fdccdda305d62de91,2023,4373016,Josh,Fleeks,WR,Baylor,Nebraska,receiving_yds,2023,1,1,0.9409167786595881,0.8585858585858586,0.0034908270439601022,0.019997959391898794
c83f95c758930f1f14f8d8e260f72c4f9da8bad8364f9f3681dd3c2f8b79dbd2,2023,4430827,Troy,Omeire,WR,Texas,Arizona State,receiving_yds,2023,1,1,0.9131129991951925,0.8585858585858586,0.007549350908854617,0.019997959391898794
15ccdef4c15212688667dfd2b46ac23e8a0c16793eff6a5f16db32c70a921d42,2023,4713298,Javon,Antonio,WR,Northwestern State,Colorado,receiving_yds,2023,1,1,0.935416051782728,0.8585858585858586,0.004171086367331269,0.019997959391898794
d214e0e99b329222acface0c7cc8fc79c7ba60e131a1002326c0e21ea65ef3e2,2023,4426459,Chase,Lane,WR,Texas A&M,Georgia Tech,receiving_yds,2023,1,1,0.921920346162148,0.8585858585858586,0.006096432343438794,0.019997959391898794
17ddd9b026856c20e34056adce53a63ea29e0f2f5158c725c544b474e6c85dc8,2023,4427144,Jaylen,Ellis,WR,Baylor,Colorado,receiving_yds,2023,0,1,0.9229511799577711,0.8585858585858586,0.851838880585442,0.7371696765636159
261c15a67e565af261ca9e656063fa7fd55c836e1a13d56e5774bd751f06fede,2023,4683114,Will,Pauling,WR,Cincinnati,Wisconsin,receiving_yds,2023,1,1,0.919806914827021,0.8585858585858586,0.006430930909560658,0.019997959391898794
2d4f251648cd324947f74757866a9cf1c3625d8ff32f30a84cdeb43f063eebdf,2023,4370348,Corey,Gammage,WR,Marshall,UCF,receiving_yds,2023,0,0,0.935542625026972,0.8585858585858586,0.8752400032423576,0.7371696765636159
b2985ca5b4705fadcbf103bc9006a38d2526157fdd4d55a9e1704131bb722dc6,2023,4882122,Sterling,Berkhalter,WR,North Carolina A&T,Cincinnati,receiving_yds,2023,0,0,0.9310963647433101,0.8585858585858586,0.8669404404382073,0.7371696765636159
1045bf5263214e1220842fe00b18b14606c2bd903fb521772a308000689b0fde,2023,4604008,Kelan,Robinson,WR,Kansas,East Carolina,receiving_yds,2023,1,1,0.7724868695485476,0.8585858585858586,0.05176222452781959,0.019997959391898794
b47c0de18766b60c284b572a1064fcf8462eb418893e05f8c5f5f2a34ca4ce2f,2023,4685427,Peter,Kikwata,WR,Old Dominion,Georgia State,receiving_yds,2023,1,1,0.9159795235968367,0.8585858585858586,0.007059440455014529,0.019997959391898794
7c8fdd20cd5dd41667405d76e8f6c306ba172faf27264dd93e94b139ff03cbcb,2023,4429742,Darrell,Harding,WR,Duke,Buffalo,receiving_yds,2023,1,1,0.8972234425608521,0.8585858585858586,0.010563020759042474,0.019997959391898794
354cfa9bf9597b7fae25be6fce4d714792e04064ed5328e74b30d61592759729,2023,4697844,RaRa,Thomas,WR,Mississippi State,Georgia,receiving_yds,2023,1,1,0.9469204277584177,0.8585858585858586,0.0028174409893493573,0.019997959391898794
6f2673d547955acc1aaee5566bc9cefc7b5b2f7c9c995b17a065b380020be6f1,2023,4565454,Jaelon,Travis,WR,Kansas State,Incarnate Word,receiving_yds,2023,1,1,0.7365258556198938,0.8585858585858586,0.06941862475682904,0.019997959391898794
9482423f7725bc10e50c610233a34582fc68935acd2b0c23969158daae6485d4,2023,4608773,Darius,Bush,WR,UConn,Georgia State,receiving_yds,2023,0,1,0.7364766648088961,0.8585858585858586,0.5423978778080351,0.7371696765636159
44cc6c47c83ea486206ee52da02579ab693aca5662b454889e066e661adf506c,2023,4605477,Alante,Brown,WR,Nebraska,Michigan State,receiving_yds,2023,1,1,0.9268072772009067,0.8585858585858586,0.005357174670744909,0.019997959391898794
0a52397ccc63c1f11336ee849638f59786dd464b55613c6bf985bfbde5ccd9a9,2023,4912067,Chase,Sowell,WR,Colorado,East Carolina,receiving_yds,2023,1,1,0.915135923585015,0.8585858585858586,0.007201911465768404,0.019997959391898794
89b25076a7f10e749e845974e7beeb174b23ef8512a28d73d7882f510b413f9c,2023,5088336,Makai,Jackson,WR,Saint Francis (PA),App State,receiving_yds,2023,1,1,0.7198376842446936,0.8585858585858586,0.07849092316937599,0.019997959391898794
af2f663fd9439afa1375ab948f3e4fe04de21f434ab59910e2d51100e392f72f,2023,4433855,Terry,Lockett,WR,Michigan State,Eastern Michigan,receiving_yds,2023,1,1,0.7369945604815696,0.8585858585858586,0.06917186121628273,0.019997959391898794
1060398e92658cda5312fa7e96da5ced6ddc9f4174e02f8b2f4a35fdf7adadcb,2023,4812346,Eric,Weatherly,WR,Duke,Bucknell,receiving_yds,2023,1,1,0.4357437714932335,0.8585858585858586,0.31838509140868027,0.019997959391898794
3ab9012cfb3efc8989c9f3a213c8374ddc6791f6130c7843fb1463f39a3e1bbd,2023,4912286,Iverson,Hooks,WR,UAB,UAB,receiving_yds,2023,1,1,0.8975535239915196,0.8585858585858586,0.01049528044655616,0.019997959391898794
1033e0c9a851b7ff376ef10ccd5b6201e96b94a6fe8f2e9a5495c5d149d111f3,2023,4429804,Jimmy,Calloway,WR,Tennessee,Louisville,receiving_yds,2023,1,1,0.9167898216518429,0.8585858585858586,0.006923933780732119,0.019997959391898794
b267a56de9ee1ed117b943f09dfa10acb2b7a60d7ff99409cfc56028693d0876,2023,4689721,Ty,Robinson,WR,Colorado,Ball State,receiving_yds,2023,1,1,0.9148896912268318,0.8585858585858586,0.007243764659464026,0.019997959391898794
877110a7f71d8ad87382471212755d11dd73e1ec19ce5f9905ce362f126328e4,2023,4362499,Mark,Pope,WR,Jackson State,Massachusetts,receiving_yds,2023,1,1,0.9142954591947292,0.8585858585858586,0.007345268314642326,0.019997959391898794
24cecef30be316876c0bf657ae9269b58eac93464453509358cb122e00939f81,2024,4694051,Lake,Ellis,DB,Bryant,Massachusetts,defensive_tot,2024,1,1,0.9508774765796746,0.8735440931780366,0.002413022307180419,0.01599109637016509
6b23146efb4e09635389adc6ed99bfd6896bb4bb7516ee6a51e6b0ee92a528a6,2024,4689567,Buddy,Mack III,DB,Pittsburgh,South Carolina,defensive_tot,2024,1,1,0.7623484754183979,0.8735440931780366,0.05647824713595983,0.01599109637016509
a53f448bd9fbc78653d256f6ae9076a431449147f18650aa285011bb066362b9,2024,4899358,Antonio,Cotman Jr.,DB,Virginia Tech,Charlotte,defensive_tot,2024,1,1,0.7780141722245145,0.8735440931780366,0.0492777077331675,0.01599109637016509
2c3682c32e4941094db8d70e587c705ded2dd6f288729d282a7944cf9d2c2866,2024,4699780,Dallas,Branch,DB,San Diego State,Kent State,defensive_tot,2024,1,1,0.9005275090816236,0.8735440931780366,0.009894776449506475,0.01599109637016509
418ac6a8f7c2a7410beee9b1000e46287b307dba8fd167482a47cae86d6c3c31,2024,5086872,Bryce,Llewellyn,DB,Charleston Southern,Eastern Michigan,defensive_tot,2024,1,1,0.8477636564063017,0.8735440931780366,0.023175904310778567,0.01599109637016509
1962f20ea747729751787c3cf6e9ff45837434ff755f13f3a261c0f3ff5a0dcc,2024,4433948,De'Rickey,Wright,DB,Vanderbilt,Vanderbilt,defensive_tot,2024,1,1,0.9701483080259798,0.8735440931780366,0.0008911235137117793,0.01599109637016509
10c84b15d3f3d7d2ef64c08168b4dd3e62e8300b4eb1820d08203bd835f724c0,2024,4594332,John,Howse IV,DB,Vanderbilt,Middle Tennessee,defensive_tot,2024,1,1,0.893518690390172,0.8735440931780366,0.011338269296224059,0.01599109637016509
d2acd87c134ce408c9e50b89f8e2ff426310a0ee6a58539231b9d70769b7b9a4,2024,4870920,Cormani,McClain,DB,Colorado,Florida,defensive_tot,2024,1,1,0.8793948923222061,0.8735440931780366,0.014545591997972254,0.01599109637016509
715a630451ab73b6c57adfe1f99e7ebe18d59c5f4f201dcf63815f30f38bc07e,2024,4519492,Torey,Richardson,DB,UTEP,Temple,defensive_tot,2024,1,1,0.9575597387811223,0.8735440931780366,0.0018011757723265722,0.01599109637016509
9c657bd03d358dae4041da7a2a9adc7aed44bef21a7514d6c06da679d9c7062d,2024,4685460,Nikai,Martinez,DB,UCF,Michigan State,defensive_tot,2024,1,1,0.9932174531443388,0.8735440931780366,4.6002941849239e-05,0.01599109637016509
86d36792f9626da84253a347aca2424abbd494e3c501bcfc1acb896e8a8e248b,2024,4426427,Raymond,Woodie III,DB,California,Bethune-Cookman,defensive_tot,2024,1,1,0.8778597084824306,0.8735440931780366,0.014918250811996846,0.01599109637016509
21a2f788cc402ab6d5a8b716f35929cd318aa7966e52b31ae93c70655cea09e9,2024,4567049,AJ,Williams,DB,Wake Forest,Coastal Carolina,defensive_tot,2024,1,1,0.9233566004365786,0.8735440931780366,0.005874210696638259,0.01599109637016509
f3212ddb36569deb92a8f25719c36834e54cd6e3b3d19b60a8cad64826fbd5d0,2024,4608523,Daiyaan,Hawkins,DB,Temple,UAlbany,defensive_tot,2024,1,1,0.902330382363006,0.8735440931780366,0.00953935420935661,0.01599109637016509
89ce8a11a20c999308fc2c754507d8735715d58d8a02ff170352e47d0dc8bf1a,2024,4427393,Jakeen,Harris,DB,NC State,North Carolina,defensive_tot,2024,1,1,0.8688367819768382,0.8735440931780366,0.01720378976219147,0.01599109637016509
55ceb6de0eb7722de7f352096a39e206941f98701d18c83aa1eca2dd799a8d96,2024,4571479,Da'Quan,Johnson,DB,Duke,Campbell,defensive_tot,2024,1,1,0.7623484754183979,0.8735440931780366,0.05647824713595983,0.01599109637016509
d7914d4149e1e003d686ab2434dc6108419fe0df127338c11676b0600d85a99a,2024,4600983,De'Javion,Stepney,DB,Central Michigan,Marshall,defensive_tot,2024,1,1,0.8995577215077406,0.8735440931780366,0.010088651308716595,0.01599109637016509
cc36f589d16537a722e67c0fd3ca2fa80e7f75a626e2440cfe66bf69e22c3e99,2024,4832064,Trent,Singleton,DB,Mississippi State,South Alabama,defensive_tot,2024,0,0,0.7623484754183979,0.8735440931780366,0.5811751979727556,0.7630792827262383
095aee7363282e2909301b7dcf4f25d4acf4c0a18b0caa99474bb93e459887be,2024,4565811,John,Humphrey,DB,UCLA,USC,defensive_tot,2024,1,1,0.959446974603932,0.8735440931780366,0.0016445478687741343,0.01599109637016509
980a4a57664815e9bb09701d2d58df8861c8eb5747e2beeff6e7cc1732c6bb0e,2024,5157270,Laurence,Sullivan,DB,Coastal Carolina,Nicholls,defensive_tot,2024,1,1,0.7623484754183979,0.8735440931780366,0.05647824713595983,0.01599109637016509
accc04201c85f92fb10a3a609df80c9f0f7c886884fb17f6b86d5884e3696bf0,2024,4685437,Earl,Little II,DB,Alabama,Florida State,defensive_tot,2024,1,1,0.839047333919729,0.8735440931780366,0.02590576071834723,0.01599109637016509
9690ff609426f753c93ee4bcdcbe4353c7737068383b5592b095dd4c301c987a,2024,5155181,Isaiah,Hackett,DB,UNLV,Youngstown State,defensive_tot,2024,1,1,0.7623484754183979,0.8735440931780366,0.05647824713595983,0.01599109637016509
4654708df7c80a238f76338234c890d655b9121cc118b21a24d95d1ff1b17cab,2024,4427334,Aman,Greenwood,DB,Syracuse,Akron,defensive_tot,2024,1,1,0.8702472577339319,0.8735440931780366,0.016835774125564706,0.01599109637016509
eda3477b2f968304280631ed8d94b0599d11c36a3bfcfc337f08e2c93a81b008,2024,4576713,Bralyn,Oliver,DB,Syracuse,Florida A&M,defensive_tot,2024,1,1,0.7623484754183979,0.8735440931780366,0.05647824713595983,0.01599109637016509
aa908f59f8f6ff6757d80e7b27ff216345e7c91fabc168cf2fb5767a56e7c2b4,2024,4428472,Chris,Shearin,DB,UConn,James Madison,defensive_tot,2024,1,1,0.9597457315933642,0.8735440931780366,0.0016204061249534786,0.01599109637016509
69ec12f709eae540681d3cfd269f30a728721c3cc2f86ec8b684ce31898c3ad4,2024,5079753,Peyton,Woodyard,DB,Alabama,Oregon,defensive_tot,2024,1,1,0.7575413064476139,0.8735440931780366,0.05878621807912989,0.01599109637016509
9a8a5b852c1df7e7a758b5f1ee5049a8217369c7ae13b68533b963044b3ca95b,2024,4707184,DJ,McKinney,DB,Oklahoma State,Colorado,defensive_tot,2024,1,1,0.9585818028724455,0.8735440931780366,0.0017154670532969602,0.01599109637016509
54cc91850db5cc8c03d61d455106fb1e4fb5307c5e5a7a7b5427dee62b580eb0,2024,4695075,Sheldon,Arnold II,DB,East Tennessee State,UCF,defensive_tot,2024,1,1,0.9941449212800806,0.8735440931780366,3.428194681645318e-05,0.01599109637016509
8d5e608cf5417cec62c269699deb74bf4fe10cc7fe184184685afd29c3ab90b3,2024,5084052,Gerald,Kilgore,DB,Tennessee Tech,South Carolina,defensive_tot,2024,1,1,0.8655289250929471,0.8735440931780366,0.01808246998665823,0.01599109637016509
c30ab51c1c4ec0542696954c61897b2aee2b21b241b610810032dfded553c94c,2024,4430267,Jaise,Oliver,DB,Tulsa,TCU,defensive_tot,2024,1,1,0.9906851412047338,0.8735440931780366,8.676659437574748e-05,0.01599109637016509
e16ad826bd882557cbae974ed6469b47a311ee88daa05c8c72a98767e2bccf27,2024,4566100,Kobee,Minor,DB,Indiana,Memphis,defensive_tot,2024,1,1,0.9486197835311668,0.8735440931780366,0.0026399266443841557,0.01599109637016509
90e5a2a9b61235bba1d15b0fe4ca8e4109975c83acd3d5b6eeda5aef8da63268,2024,4686995,Kaylin,Moore,DB,California,UCLA,defensive_tot,2024,1,1,0.9147080992432909,0.8735440931780366,0.007274708334692317,0.01599109637016509
ad38e40e315cf36f182b8082e2f4212365bdfe38d292702272d2b553f76a353b,2024,4431093,Isaiah,Fisher-Smith,DB,Duke,North Carolina Central,defensive_tot,2024,0,1,0.8651790125258788,0.8735440931780366,0.7485347237152548,0.7630792827262383
cb6e0c758d076690cff65cd4165a2f84ec3cee5cbb58f942e7d33d42a92adfc4,2024,5192316,Devynn,Cromwell,DB,University of Guelph,Texas Tech,defensive_tot,2024,1,1,0.7575413064476139,0.8735440931780366,0.05878621807912989,0.01599109637016509
115155e27bf2df2614dad01f0c21aa415440a7bed4a0a38a0421ae22002c8c1b,2024,4431619,Ceyair,Wright,DB,USC,Nebraska,defensive_tot,2024,1,1,0.9102683446113207,0.8735440931780366,0.008051769978792705,0.01599109637016509
a85b8e65f5c2f8d6f4b46c5a78610619dad790e1820be3c9b81abfb6237af2ae,2024,4685410,Austin,Jordan,DB,Texas,TCU,defensive_tot,2024,1,1,0.8688542970879274,0.8735440931780366,0.017199195392301612,0.01599109637016509
1533dfecc0157661c077a2d37b9ede6e427d434cb8e1bebfb29ec27835ccf9a2,2024,4429192,Jahvante,Royal,DB,Pittsburgh,New Mexico,defensive_tot,2024,1,1,0.8635849473345961,0.8735440931780366,0.018609066593704916,0.01599109637016509
e034469a22cf7bffef2b0dc031f5955c299750c61b61bf78449bb8a9a1a23b74,2024,4692602,Key,Lawrence,DB,Oklahoma,Ole Miss,defensive_tot,2024,1,1,0.9605218547950923,0.8735440931780366,0.001558523948819774,0.01599109637016509
f6e9ba86dc3f0539a03ccff933de250f1c98e8473d346818cb3592b49adb461d,2024,4871085,Jasiah,Wagoner,DB,Oklahoma,California,defensive_tot,2024,1,1,0.8983481837249336,0.8735440931780366,0.010333091752019847,0.01599109637016509
bd0274dcd224bf4f4cc71c0b3475ee7cb4ed6207f6e96582f6721bfceb5cc38f,2024,4568638,Reggie,Ellis,DB,Tulsa,McNeese,defensive_tot,2024,1,1,0.9001613717937541,0.8735440931780366,0.009967751682104998,0.01599109637016509
c1cc120bff842f93785ddc98e31f8f5f6d8f3f4564d3ece6b7f4b9fb396b0ab2,2024,5092262,DJ,Waller Jr.,DB,Michigan,Kentucky,defensive_tot,2024,1,1,0.8967009624402019,0.8735440931780366,0.010670691160780574,0.01599109637016509
7fd3c54b7dc4a3f9e7b22f5dbeaeaea59526a5e4bbb30b45a9161407a0b0b9b3,2024,4701935,Terrance,Brooks,DB,Texas,Illinois,defensive_tot,2024,1,1,0.9846640374316026,0.8735440931780366,0.00023519174789928682,0.01599109637016509
8c783b9b5aba067b0f8fdc77efe14d8de1bcfd42e0f6741c4d22259e3b5527a3,2024,5083142,Jay'Vion,Cole,DB,San José State,Texas,defensive_tot,2024,1,1,0.996383155754264,0.8735440931780366,1.3081562297913981e-05,0.01599109637016509
7a452a77982d9d4faecbeeb8a5e5cfc4c38d7eabdda3c2c072354cc6ca3deaa1,2024,4612200,Kyndrich,Breedlove,DB,Colorado,Purdue,defensive_tot,2024,1,1,0.8893602409417806,0.8735440931780366,0.012241156284460849,0.01599109637016509
336e362c62e4027df14b574ea379532ab126f70eab9155e35179c25378be616d,2024,4430552,Anthony,Switzer,DB,Utah State,Arkansas,defensive_tot,2024,1,1,0.9316129463174706,0.8735440931780366,0.004676789111377157,0.01599109637016509
f71a73e3dbf3b19083002c0ba6a3b5fcf2cf18f1bddb4981134ed7d7d88a3fd2,2024,4921249,Colton,Hood,DB,Auburn,Colorado,defensive_tot,2024,1,1,0.8759340744108173,0.8735440931780366,0.015392353892300625,0.01599109637016509
1fffd6e62ad995d42d1df18eb33a9a64f67ae3ef040ad202f22bce26a51c14fe,2024,5081082,Jordan,Robinson,DB,Kentucky,Cincinnati,defensive_tot,2024,1,1,0.9186123455746602,0.8735440931780366,0.0066239502928585325,0.01599109637016509
9c05b592704b5c687af1ed53391fe6de44675f95ffddb4ee804a857ad43afb4c,2024,4360605,Armani-Eli,Adams,DB,Florida Atlantic,Western Michigan,defensive_tot,2024,1,1,0.8760996365594673,0.8735440931780366,0.015351300060696087,0.01599109637016509
890ce982465adabda4401b07be0faccbea596747956b217e6c1358c072bf3657,2024,5151030,Dontez,Fagan,DB,Charlotte,West Virginia,defensive_tot,2024,1,1,0.9495353002051646,0.8735440931780366,0.0025466859253828566,0.01599109637016509
fa82eba10444312e8df8d4a701dba89f4a88a485919beb4a5770c850a1fd9277,2024,4917978,Cristian,Conyer,DB,Tennessee,Coastal Carolina,defensive_tot,2024,1,1,0.8651790125258788,0.8735440931780366,0.018176698663497144,0.01599109637016509
0b0cbbe3c2e2256221d634ec93314149ebb74a51b6ba029dd4456c770ad32c4e,2024,5081386,Malik,Ganaway,DB,Tennessee,Tennessee State,defensive_tot,2024,0,1,0.8016514639188614,0.8735440931780366,0.6426450696032536,0.7630792827262383
d9aa7054f35810a438debdfeeed3840b86ea6ef86cd0c0479369440ed1250495,2024,4838544,Malcolm,Jones,DB,Michigan State,Jacksonville State,defensive_tot,2024,1,1,0.8697676982769826,0.8735440931780366,0.01696045241207503,0.01599109637016509
70c5a55763a30961e2a416d0031cff21296c8ba9268d8bb66c485f7680130fb4,2024,4804887,Joe,Swen,DB,Oregon State,Sam Houston,defensive_tot,2024,1,1,0.8640837160392405,0.8735440931780366,0.01847323624570181,0.01599109637016509
d4e66678cc13ba70b2e1a332c8d33b41cfb222cb61893785a978a65a31b98a08,2024,4695991,Johnathan,Edwards,DB,Indiana State,Tulane,defensive_tot,2024,1,1,0.8985683101234274,0.8735440931780366,0.010288387711217198,0.01599109637016509
c865a8230869c61a7d06e547b55b1ed6e3f7deab1adf881dd99727e73c307dc7,2024,4373863,Keith,Gallmon,DB,South Alabama,Austin Peay,defensive_tot,2024,0,1,0.8810477330413649,0.8735440931780366,0.7762451078973281,0.7630792827262383
b56280cc41ad9e7d2b1b990a715c709072175b578ae1665125ed4b23e98c4623,2024,4693396,Harold,West,DB,North Texas,Abilene Christian,defensive_tot,2024,1,1,0.8960870976209868,0.8735440931780366,0.010797891280830323,0.01599109637016509
b65eb24b9d1ab5abe4e244315cf0e79fae8cf2db4814af62062586d5349b82c7,2024,5078579,Ethon,Cole,DB,Purdue,Duquesne,defensive_tot,2024,1,1,0.7623484754183979,0.8735440931780366,0.05647824713595983,0.01599109637016509
addf774c2e818027d61edd3e170d3f4d982eb8b623319fd7551d3555559f2769,2024,4832039,Sam,Martin Jr.,DB,Temple,Wagner,defensive_tot,2024,1,1,0.8779744771913328,0.8735440931780366,0.014890228216728555,0.01599109637016509
8bb172764f04c280d9eeac1ac0d310aff335201f4377f4362cbec24097b5dbd9,2024,4631068,Carnell,Davis,DB,Rutgers,Duquesne,defensive_tot,2024,1,1,0.8848284930903829,0.8735440931780366,0.013264476003831975,0.01599109637016509
19017f679ca2e59ecc7f21417936c3bcd3c1aaffa8368537fc8885116b35f017,2024,4684974,Robert,Johnson,DB,North Texas,UT Martin,defensive_tot,2024,1,1,0.7623484754183979,0.8735440931780366,0.05647824713595983,0.01599109637016509
4d8751e48480fbb3a30595ac51498c6f31615ccddf599ad7fd3e533d6069bafc,2024,5151022,Kevin,Longstreet,DB,Louisville,Texas A&M,defensive_tot,2024,1,1,0.8016514639188614,0.8735440931780366,0.039342141765530726,0.01599109637016509
55a6acdb937771f21e58b572da7fc715a4391833a851b2ea24d09394e7a98733,2024,4608845,Brandon,Guzman,DB,Colorado State,Campbell,defensive_tot,2024,1,1,0.8635849473345961,0.8735440931780366,0.018609066593704916,0.01599109637016509
a48eda584b473e1da91bf51439056cc94677a6edbc91aa4b04ff620315867745,2024,4870406,Quan,Peterson,DB,Syracuse,Coastal Carolina,defensive_tot,2024,0,0,0.8682196238909637,0.8735440931780366,0.7538053153093666,0.7630792827262383
e3c35b4ec3cd3a304449760cefe5a18a5342f2d18a52c4aefb7de59254576fcc,2024,4432508,Jordan,Reagan,DB,Oklahoma State,Marshall,defensive_tot,2024,1,1,0.8651790125258788,0.8735440931780366,0.018176698663497144,0.01599109637016509
b8622d9f6b1fa589e9768396b13ccf685c01fb0e0c5255e568471f42a17b0900,2024,4433998,Travis,Collier,DB,Jacksonville State,North Alabama,defensive_tot,2024,1,1,0.8824655111682134,0.8735440931780366,0.013814356064949377,0.01599109637016509
6585f24d17cc4213342cc099b8f359a830cdf7d054c6022acbc87ab32ae1638d,2024,4694336,Tyjon,Jones,DB,Youngstown State,UAB,defensive_tot,2024,1,1,0.9010408825175585,0.8735440931780366,0.00979290693290365,0.01599109637016509
6b618b9ec2dbb5c4680ed7279709da2f65d355666df0f210d526c2bed29dc576,2024,4431371,Jason,Scott,DB,Boston College,Delaware,defensive_tot,2024,0,1,0.8651790125258788,0.8735440931780366,0.7485347237152548,0.7630792827262383
ed87954b771f5ba7a3db10e1059d91f34e1600b341ff57e65e89eae61137468d,2024,4880611,Isaiah,Norris,DB,South Carolina,North Carolina Central,defensive_tot,2024,1,1,0.7623484754183979,0.8735440931780366,0.05647824713595983,0.01599109637016509
9ac8baf608427b093025d219387bbd82b94d25c341a2938aefa2ae963d41ee9d,2024,4878660,Trevor,Hardy,DB,Memphis,Austin Peay,defensive_tot,2024,1,1,0.7623484754183979,0.8735440931780366,0.05647824713595983,0.01599109637016509
7cbc63588ea7b59c592a8f126b324f0d32c8e939bcfebf68207916c9e3c4b365,2024,4870240,Omari,Philyaw,DB,App State,Tennessee Tech,defensive_tot,2024,1,1,0.9124410330201829,0.8735440931780366,0.007666572698572707,0.01599109637016509
0f3472751eedd5a00e4a93ef031723adbeb1c1ec6bccfdc4debff869a23baee0,2024,4569059,Josh,McCarty,DB,Eastern Michigan,Pittsburgh,defensive_tot,2024,1,1,0.8899106244858124,0.8735440931780366,0.012119670601103813,0.01599109637016509
8431232e17a4abcd1bbeeee5ff100c3beba3303291cff9f64fddd28c3cc8f196,2024,4923256,Jai,Eugene Jr.,DB,Tulane,Western Kentucky,defensive_tot,2024,1,1,0.8651790125258788,0.8735440931780366,0.018176698663497144,0.01599109637016509
da2cc03955490df8c1bb4a38756950d9f8af67991a50fc1c66031cb853cb6ac2,2024,4685507,Keon,Sabb,DB,Michigan,Alabama,defensive_tot,2024,1,1,0.9709523292989066,0.8735440931780366,0.0008437671731591585,0.01599109637016509
94ffc8fbbdac2d10cfb9268d440426de1b2640d242897e2ccdb16b5a934c16b0,2024,4432486,Victor,Pless,DB,Minnesota,Mercer,defensive_tot,2024,0,1,0.7623484754183979,0.8735440931780366,0.5811751979727556,0.7630792827262383
3060fdd1833b4e3ed2499b811ac0f04ee59d725dedee21d77980d209ae9cd102,2024,4430974,Tyler,Bride,DB,Minnesota,Jacksonville State,defensive_tot,2024,1,1,0.8687040233568463,0.8735440931780366,0.01723863348267957,0.01599109637016509
8550e61fc39295f3916f4c36ba284495e2ee5a0cb3edbbaa58790b556c1e2e39,2024,5079656,Dezz,Ricks,DB,Alabama,Texas A&M,defensive_tot,2024,1,1,0.6981790759786304,0.8735440931780366,0.09109587017711337,0.01599109637016509
c3075b1ae027ef64aa16f86a970df7294c882d8be1918ca5e20d87d4f241fc6a,2024,4429081,Ethan,Pouncey,DB,Florida,Georgia Southern,defensive_tot,2024,0,0,0.7327458840611387,0.8735440931780366,0.5369165306085397,0.7630792827262383
8d7b0e13260441733c428a8b2983b45427a8e56c7493d58ecef9b5af24388f66,2024,4911891,Sam,Mason Jr.,DB,Oregon State,Abilene Christian,defensive_tot,2024,1,1,0.7623484754183979,0.8735440931780366,0.05647824713595983,0.01599109637016509
8c82fba0afe8208ad4efe7a6878b532b116bdce4c1dee245c29b3bb2eba9d831,2024,4690353,Ty,Moss,DB,East Carolina,Tennessee Tech,defensive_tot,2024,1,1,0.8903458556319305,0.8735440931780366,0.012024031377093434,0.01599109637016509
dccb990634b20bbbd30fefd65b50bb1b2f844e1ae7af306ee17b011b63a0a722,2024,4433887,Jahquez,Robinson,DB,Colorado,Auburn,defensive_tot,2024,1,1,0.8765854950930898,0.8735440931780366,0.01523114002141776,0.01599109637016509
5b6b7f82d8b42f809f11829abd48ed0e869955cd542260a3461c350cfb637151,2024,5081633,Cruz,Rushing,DB,Arizona,Oregon,defensive_tot,2024,0,0,0.7623484754183979,0.8735440931780366,0.5811751979727556,0.7630792827262383
051f7cf59d42e1c54280ea48ffbf3ae5eb35bea545bb048ded74ce8d605812e7,2024,4575900,Alex,Odom,DB,Temple,Monmouth,defensive_tot,2024,1,1,0.940004972150666,0.8735440931780366,0.0035994033666423586,0.01599109637016509
811602705f721d408bcf2cb8a6602ea6aaa224a4700752a27b489bec27decb8e,2024,4685518,Kamari,Ramsey,DB,UCLA,USC,defensive_tot,2024,1,1,0.9414797036981405,0.8735440931780366,0.003424625079257432,0.01599109637016509
c43a68b3ef793f913856b3057bb74d5b013f6336ea8379ca8a94aefa2345d14f,2024,4697736,Khary,Crump,DB,Michigan State,Houston Christian,defensive_tot,2024,1,1,0.8635849473345961,0.8735440931780366,0.018609066593704916,0.01599109637016509
d429d0a133478276cd7d5c609dc7540a8100d203383446696e8e8d34098a4f60,2024,4428777,Amir,Wallace,DB,San Diego,San José State,defensive_tot,2024,1,1,0.9129745568879091,0.8735440931780366,0.007573427748855774,0.01599109637016509
1fe5f0d2867ccc4594b605aa4d4bc85544008b01ce640f53e891dac28eb88500,2024,5083167,Murvin,Kenion III,DB,Idaho,Sacramento State,defensive_tot,2024,1,1,0.8899311842008941,0.8735440931780366,0.0121151442114175,0.01599109637016509
4c31d2bfc7260224591197b33093aeb9d67853fcb3f083c4ed8819c6e15b21d3,2024,4685891,Amari,Wansley,DB,Florida Atlantic,Murray State,defensive_tot,2024,1,1,0.9135235175472955,0.8735440931780366,0.0074781820173929,0.01599109637016509
d4e2dcdc1a8c0d4c6870aca4f509e9d25353e78df4ad9e7e12d532583c1e8b8b,2024,4917623,Canyon,Moses,DB,Arizona,Northern Arizona,defensive_tot,2024,1,1,0.7623484754183979,0.8735440931780366,0.05647824713595983,0.01599109637016509
b3cae972b4e57f7d348987a963a6b320d928bec334a2033a0644426ed4d31bdb,2024,4575663,McKel,Broussard,DB,UTEP,Eastern Washington,defensive_tot,2024,1,1,0.901315384977682,0.8735440931780366,0.009738653242103103,0.01599109637016509
bdf0b7eb7784f6cc4f6f055d2485c6914bc9bc010b70bad5dd7800ef3b0ebdc6,2024,4565292,Todd,Bumphis,DB,Cincinnati,Bowling Green,defensive_tot,2024,1,1,0.8717750305511899,0.8735440931780366,0.01644164279014829,0.01599109637016509
c66ef611d0ee486ebd5a526b0f36c98e834e3a2881b080ad461ebefae9b9a76a,2024,5160252,Jordan,Taylor,DB,Tusculum,James Madison,defensive_tot,2024,1,1,0.8016514639188614,0.8735440931780366,0.039342141765530726,0.01599109637016509
7f5bf9fb521b8b37950481f93960c050f7e8b4e34ff40593e5f61a51be3b0c24,2024,4880841,Jeremiah,McClendon,DB,Florida International,Southern Illinois,defensive_tot,2024,0,1,0.7623484754183979,0.8735440931780366,0.5811751979727556,0.7630792827262383
c52146a616aa97e43625dc9c2247c39ef47a2d92971e23567c694845b92c513f,2024,4696150,Arsheen,Jiles,DB,Sacred Heart,Massachusetts,defensive_tot,2024,1,1,0.9409290388365458,0.8735440931780366,0.0034893784527743176,0.01599109637016509
4cd1c809d27f6a33fd46276ee95acd8ddaba3a0c4e9b396340e28e8ceb49b8d0,2024,4870935,Shawn,Russ,DB,Arizona State,Bethune-Cookman,defensive_tot,2024,1,1,0.7623484754183979,0.8735440931780366,0.05647824713595983,0.01599109637016509
19aba44022657c46c58ce5eb9b25a9e1eab71bd069763fc215adeb004441ea6c,2024,4870673,Kodi,DeCambra,DB,Oregon,UNLV,defensive_tot,2024,1,1,0.7327458840611387,0.8735440931780366,0.07142476248626231,0.01599109637016509
5e095490536022069e18f23735217cc9fdfe9b7fefc3753870bbbb5886cc0ac7,2024,5161680,Jabril,White,DB,Cincinnati,New Mexico State,defensive_tot,2024,1,1,0.8885920927134924,0.8735440931780366,0.012411721805959078,0.01599109637016509
b4823a08f5e3c9683b10c8003306e2892eb0eb5ff0f5418fca63a5f0b0b2fa30,2024,4708795,Jalen,Williams,DB,Fresno State,Sacramento State,defensive_tot,2024,1,1,0.8702472577339319,0.8735440931780366,0.016835774125564706,0.01599109637016509
dfa3b2f05c6b067e655055c5ed782cf189427f502f1312215bfbb479cb7b0fcc,2024,5154327,Johnny,Schmitt,DB,Illinois,Southern Illinois,defensive_tot,2024,0,0,0.7896135694163601,0.8735440931780366,0.6234895890064449,0.7630792827262383
8540a3fabb92e269a07808881e3e67b60536422ef937213bb66a01ebb74e951d,2024,5220324,Ian,Conerly-Goodly,DB,SE Louisiana,Troy,defensive_tot,2024,1,1,0.8016514639188614,0.8735440931780366,0.039342141765530726,0.01599109637016509
6e6015938f1b014d61a5f3b4ca56c4eee3cdac9080e22c10608d64f0aa5c3385,2024,4685471,Sam,McCall,DB,Texas A&M,Georgia State,defensive_tot,2024,1,1,0.872820480888836,0.8735440931780366,0.016174630081346925,0.01599109637016509
0cda38aa2fcf199708747eab9413d74b6de4bb029c7639a26e87c0291517f3ae,2024,4691879,Al,Ashford III,DB,Utah State,Northern Arizona,defensive_tot,2024,1,1,0.8650766431075853,0.8735440931780366,0.018204312235117922,0.01599109637016509
e664c1ff7b7a0416bd107d4ee79ef9df658c9500c4c79705bc3f5882a436b870,2024,4683236,Ronnie,Hamrick II,DB,Texas State,Lamar,defensive_tot,2024,1,1,0.886208315925686,0.8735440931780366,0.012948547364468474,0.01599109637016509
d8ac9ef51420e7a00ba2a86230c9e8cc0f8843052944dd2755b2dbc62e8ed96e,2024,4698745,Pig,Cage,DB,UTSA,Louisiana Tech,defensive_tot,2024,1,1,0.8903816733324122,0.8735440931780366,0.01201617754140198,0.01599109637016509
791a8583562445589b784873cff2c31bf04ce192b2ece7dcd5100f4f96518a78,2024,4876718,Kamren,Watkins-Hunter,DB,Georgetown,Massachusetts,defensive_tot,2024,0,0,0.8004253320862577,0.8735440931780366,0.6406807122453958,0.7630792827262383
f7e71da24420051777a5b8106a42075a4e19cc3fd6b93df19b7a7b1807ac1201,2024,4696118,Michael,Mack,DB,Wisconsin,Ohio,defensive_tot,2024,1,1,0.8016514639188614,0.8735440931780366,0.039342141765530726,0.01599109637016509
e33e7bd1612a57cad6cbc0ec1e4142c2e34a801234ea44ef482d19107503b3c5,2024,4954446,Zachary,Tobe,DB,Illinois,Georgia Tech,defensive_tot,2024,1,1,0.9501810316218101,0.8735440931780366,0.0024819296102670837,0.01599109637016509
99142b4ccc561509017b6c4222f2d69d3b6a23f5ef748b58917d25c567016982,2024,4567511,Harold,Nash III,DB,Memphis,North Texas,defensive_tot,2024,0,0,0.8016514639188614,0.8735440931780366,0.6426450696032536,0.7630792827262383
9a481cb20aa0c65f65ccf328585c20d13468f8c1280e0c5efdda858143e80bf6,2024,4698598,Toriano,Pride Jr.,DB,Clemson,Missouri,defensive_tot,2024,1,1,0.9218586128987364,0.8735440931780366,0.006106076378109527,0.01599109637016509
d5ad37949cb893c94810ffe635d2c7044fc3c78bac8866b439527b609345f3eb,2024,4576132,Andrew,Volmar,DB,Southern Illinois,Bethune-Cookman,defensive_tot,2024,1,1,0.7896135694163601,0.8735440931780366,0.044262450173724745,0.01599109637016509
b88a7038cafa4b7bad02b2151fcf42c7ae45c3bc8d02d55dda933e30460fd7a6,2024,4888138,Donald,Lee,DB,Grambling,UAB,defensive_tot,2024,1,1,0.839323201019768,0.8735440931780366,0.02581703373053389,0.01599109637016509
531821c881dff87e0c58fa869a4f52c6d6d0284422188c54361c7dae190ac91d,2024,4429038,Trevon,Booker,DB,Campbell,Charlotte,defensive_tot,2024,1,1,0.9019565844841124,0.8735440931780366,0.009612511326020985,0.01599109637016509
c37d80908df4ad6a67fafd08a9ad2898cfad46d0c4149864a02210d580ec3eb9,2024,4585554,Nigel,Williams,DB,Northwestern,New Mexico,defensive_tot,2024,1,1,0.7623484754183979,0.8735440931780366,0.05647824713595983,0.01599109637016509
f0bb1c4c2193477f3cd9c817247b89bc9c779c416e072c2dde703f1b90b5f064,2024,4881101,Jayden,Davis,DB,Central Michigan,Idaho State,defensive_tot,2024,1,1,0.8899311842008941,0.8735440931780366,0.0121151442114175,0.01599109637016509
ea827b892ec1f459b016d48793a0a66aeda6ece729dc91c1660f6a3fa578b847,2024,4875760,Louis,Frye,DB,Northern Illinois,Temple,defensive_tot,2024,1,1,0.8016514639188614,0.8735440931780366,0.039342141765530726,0.01599109637016509
dff71ec0f9b896b3250ca59fe2eb419dfa4ae4c6643d3f4adbe99dde75f23458,2024,5160136,Jameel,Sanders,DB,South Florida,Florida A&M,defensive_tot,2024,1,1,0.9182322199527491,0.8735440931780366,0.0066859698538556086,0.01599109637016509
202de8b0c420a879774a3b266a7b1bb4386a6b7318629972aa9e0b28b0ee32c8,2024,5151529,Dasheen,Jackson,DB,Troy,Alabama State,defensive_tot,2024,0,1,0.7623484754183979,0.8735440931780366,0.5811751979727556,0.7630792827262383
2c2ff2504c3c3964aef2d29a62723931c5dc762404423514e65ac5ee0c78c689,2024,4820579,Jocelyn,Malaska,DB,Utah,Oklahoma,defensive_tot,2024,0,0,0.7623484754183979,0.8735440931780366,0.5811751979727556,0.7630792827262383
891e74d76027881bd3934b0be602bab5b9f52f7cc59d44e3171a2e3361210c44,2024,4362750,Jarvis,Ware,DB,UCF,UNLV,defensive_tot,2024,1,1,0.7623484754183979,0.8735440931780366,0.05647824713595983,0.01599109637016509
67c593c94f9de5d0619150ce507dc721528cd78b65ebe370db87e415d6d28379,2024,4613220,Davis,Burns,DB,UTEP,Northern Arizona,defensive_tot,2024,1,1,0.8819336640752832,0.8735440931780366,0.013939659678688078,0.01599109637016509
7019312aa39636f3f98c077295fdc6665e060ac8cd040c755db50dff324b0229,2024,4685773,Patrick,Taylor,DB,Georgia,Jacksonville State,defensive_tot,2024,1,1,0.8907591566031134,0.8735440931780366,0.011933561866063093,0.01599109637016509
7bd171210949f7db8fd216315b21099b6efbb6ae4a2a79c0560cc968ecc6b097,2024,4685386,Landon,Hullaby,DB,Texas Tech,UTEP,defensive_tot,2024,1,1,0.7623484754183979,0.8735440931780366,0.05647824713595983,0.01599109637016509
80048b57293a22c62dd4ff6a1a951572db0782c9dbd2f161441e740a81249876,2024,4571370,Diassa,Diakite,DB,Robert Morris,Duke,defensive_tot,2024,1,1,0.8004253320862577,0.8735440931780366,0.039830048072880535,0.01599109637016509
22fc0cf408439ffeba1f61777ec7f5ab2bdecf72b17a1179254ef14ee4e0b734,2024,4683698,Stephon,Hall,DB,Pittsburgh,Youngstown State,defensive_tot,2024,1,1,0.8742229109334363,0.8735440931780366,0.0158198761340583,0.01599109637016509
5e7736cb49df4fa8dd8c5be2ce95bc2ae22905c06621a4be01327be908792c4c,2024,5151083,Will,Lee III,DB,Kansas State,Texas A&M,defensive_tot,2024,1,1,0.9832857623112414,0.8735440931780366,0.00027936574151631743,0.01599109637016509
336b572707038627758ffaa609f5fdf2a3e23efeb6d3aaf2fa63c3a8eadce857,2024,4565548,Ryan,Kilburg,DB,Western Michigan,Eastern Illinois,defensive_tot,2024,1,1,0.7623484754183979,0.8735440931780366,0.05647824713595983,0.01599109637016509
5a9ac76e535e63abe9fc85bfd19068f921a347d40c0001bb421e628d5633158b,2024,4429683,Anthony,Enechukwu,DB,Western Michigan,Gardner-Webb,defensive_tot,2024,1,1,0.7609518333615355,0.8735440931780366,0.057144025973211096,0.01599109637016509
82058fc7e5e03e629ac4d6334162bafa0c6b05fa770bee40162ca28bf590ae1f,2024,4917139,Jameson,Wharton,DB,Vanderbilt,Tennessee Tech,defensive_tot,2024,1,1,0.7623484754183979,0.8735440931780366,0.05647824713595983,0.01599109637016509
1274b2d1a08d3f08a022222384469393659bd35527bf2cc5b75059e00b606eea,2024,4806291,Terian,Williams II,DB,Stanford,Bucknell,defensive_tot,2024,1,1,0.8661651773221622,0.8735440931780366,0.017911759761208273,0.01599109637016509
9686f5627bc505ab12fe182021c01448dd959d80eb086f8044fadcc3cb68e07d,2024,4870706,Caleb,Downs,DB,Alabama,Ohio State,defensive_tot,2024,1,1,0.9762921729704943,0.8735440931780366,0.0005620610624609607,0.01599109637016509
0fde8d46e0329e48ea512ee46f1c23cf0a9df096bdca264082bd4a6d6cfa3837,2024,5091516,Simion,Hines,DB,Northern Arizona,Florida A&M,defensive_tot,2024,1,1,0.8016514639188614,0.8735440931780366,0.039342141765530726,0.01599109637016509
5789493fc4e167fffaf3ed2258b30782b695678dac344264291613ee187f02de,2024,4565624,Jalen,Tate,DB,Jackson State,Furman,defensive_tot,2024,1,1,0.7623484754183979,0.8735440931780366,0.05647824713595983,0.01599109637016509
e30e99361e71a5dea78c2487cee2a9a5c19ce2011f842eb4fb0865f5e57ecc47,2024,4600389,Nate,Evans,DB,NC State,Delaware,defensive_tot,2024,0,1,0.7623484754183979,0.8735440931780366,0.5811751979727556,0.7630792827262383
e692b056dc042b1b4fb29f6e9005e7739ead7353be2d6f3f548d86b4ee08de6c,2024,4427007,Jayden,Curry,DB,South Florida,Maine,defensive_tot,2024,1,1,0.8956694481454613,0.8735440931780366,0.010884864050272579,0.01599109637016509
7cf008c11e2faf5bb3b86d9d261959e88bcb95c8fb58b9f3998aed6381173261,2024,4683321,Cinque,Williams,DB,UTSA,Austin Peay,defensive_tot,2024,1,1,0.7623484754183979,0.8735440931780366,0.05647824713595983,0.01599109637016509
61891b34ef90903d24f2d0331084828c244d80b0c76ac33bf483b7a1cb8bb502,2024,5151201,Dakerric,Hobbs,DB,Sam Houston,New Mexico State,defensive_tot,2024,1,1,0.9618471822440919,0.8735440931780366,0.0014556375027155336,0.01599109637016509
7a7029efbd29b2b38027d3bb6ecc2ebfbff5bf845fd14199419e8af8cea4f6da,2024,4565200,Upton,Stout,DB,Western Kentucky,Western Kentucky,defensive_tot,2024,1,1,0.981089595045986,0.8735440931780366,0.0003576034155247961,0.01599109637016509
5b917c78edd23141fe2144855d2b2a65a8db0c8ec9f439e37b560b264d8d1daf,2024,4880147,Jaden,Woods,DB,Akron,East Tennessee State,defensive_tot,2024,1,1,0.8843031604333125,0.8735440931780366,0.013385758685719833,0.01599109637016509
c57708fab51fbe2aa41ecee3ded483d7d341ad13f2b8ac965fb54ceb78743089,2024,4602197,Andrew,Mukuba,DB,Clemson,Texas,defensive_tot,2024,1,1,0.9535327126549131,0.8735440931780366,0.0021592087932108704,0.01599109637016509
40d47331c36bfe37d35de54645332799585766cbf8f827e98d88988834d5c357,2024,4870721,A.J.,Harris,DB,Georgia,Penn State,defensive_tot,2024,1,1,0.8263806210400753,0.8735440931780366,0.03014368875042996,0.01599109637016509
b7359d03052e5b8d54ea5c89a05479515a759b0224affe34c917c41f839f4235,2024,5098685,Trent,Henry,DB,Grambling,Troy,defensive_tot,2024,1,1,0.9522209887717327,0.8735440931780366,0.0022828339139508956,0.01599109637016509
204b63a7db1ed1be40885becb4acd5bdb0b3ec6d1797932c97bdbe71b196ff80,2024,4875599,Chrishawn,Gordon,DB,Fresno State,Montana,defensive_tot,2024,0,1,0.915726562331781,0.8735440931780366,0.8385551369599811,0.7630792827262383
a69eebe847b5d0561e898ea86b47b55fff1af6e59470c1cd10615ce30a79b6d2,2024,4678012,Jimmy,Wyrick,DB,Stanford,UTSA,defensive_tot,2024,1,1,0.8829980838534243,0.8735440931780366,0.013689448381970339,0.01599109637016509
b5a872642b51b30e6213bdf2ba8b48319513079ad060217021a831862fbb6148,2024,4432440,Jabbar,Muhammad,DB,Washington,Oregon,defensive_tot,2024,1,1,0.9957631571651776,0.8735440931780366,1.795083720698588e-05,0.01599109637016509
d29a430719366a8a6b95f98c29532329039d1a49cb6a9cc3893e3ac68e4dd241,2024,4685523,Ephesians,Prysock,DB,Arizona,Washington,defensive_tot,2024,1,1,0.9736715510276431,0.8735440931780366,0.0006931872252899993,0.01599109637016509
0c41fcf8f9421c4726d61f931e4f52d2261e791ac60cda5dd15eac8db04f4595,2024,5033015,Eddie,Pleasant III,DB,Michigan State,Buffalo,defensive_tot,2024,1,1,0.7829349136604956,0.8735440931780366,0.047117251707576496,0.01599109637016509
43d4ac32808a1ae2e04f7807ae5842a6d0e2ea79e4f7fa9dc3cb75d0640eeee1,2024,4879886,Tremel,States-Jones,DB,South Alabama,Rhode Island,defensive_tot,2024,1,1,0.7896135694163601,0.8735440931780366,0.044262450173724745,0.01599109637016509
d2f658b38586b17b2f8a9edb9894ad4c720b1e0ae1f54f33c89016262492e688,2024,4431549,Nyland,Green,DB,Georgia,Purdue,defensive_tot,2024,1,1,0.852085017144642,0.8735440931780366,0.021878842153100844,0.01599109637016509
2b101a89b0c774320c5928f772c73d444a9e490be51c44ef2dcf94da595e4e28,2024,4708488,Antonio,Kite,DB,Alabama,Auburn,defensive_tot,2024,1,1,0.7575413064476139,0.8735440931780366,0.05878621807912989,0.01599109637016509
611d86d552c6f09320b326fe1345dd73d170e81285b91699e6302932ae03cf29,2024,4426586,Akili,Arnold,DB,Oregon State,USC,defensive_tot,2024,1,1,0.9794944753922519,0.8735440931780366,0.00042047653943896396,0.01599109637016509
0cf9e6289387e903a639c23757bb73ffb687f497cc94b2ebd19576ffd2f7d4f8,2024,4710865,Jakobe,Thomas,DB,Middle Tennessee,Tennessee,defensive_tot,2024,1,1,0.9751139710310401,0.8735440931780366,0.0006193144378439094,0.01599109637016509
2f38d42c237831d36560ea53f692c7b5a8e5f03a02118c56e6a44ed73f734afb,2024,4602009,Kendrick,Simpkins,DB,Western Kentucky,Baylor,defensive_tot,2024,1,1,0.5812130799763908,0.8735440931780366,0.17538248438286083,0.01599109637016509
e05e142e06b7297cb6af0ac24f7cd8d5982de2ea2bc53068d23a4d208551df75,2024,4876614,Ethan,Robinson,DB,Bucknell,Minnesota,defensive_tot,2024,1,1,0.9634136159590013,0.8735440931780366,0.0013385634971954427,0.01599109637016509
09ccd6c2460c1c603ac47d1dc02ac1032ea24099b4d81a2b4e818ab233b60316,2024,4870877,King,Mack,DB,Penn State,Alabama,defensive_tot,2024,1,1,0.8336269280466057,0.8735440931780366,0.027679999071209334,0.01599109637016509
5ded45a3b60a9f2031b389cd719b19908a4fae3f44dcba7e897349f221ebb413,2024,4692625,Tamarion,McDonald,DB,Tennessee,Louisville,defensive_tot,2024,1,1,0.9231989140165935,0.8735440931780366,0.005898406808230601,0.01599109637016509
412a0d2b6c7c8d2d22ecb775609003b69066cdf3ede32f09cca70d90fac2aa51,2024,4685388,Denver,Harris,DB,LSU,UTSA,defensive_tot,2024,1,1,0.8874184505291153,0.8735440931780366,0.012674605281265265,0.01599109637016509
a250683891eb2ac6a63520dcb4fbff0d767c40808e6a90e081e917a3c0726232,2024,4426513,Trikweze,Bridges,DB,Oregon,Florida,defensive_tot,2024,1,1,0.9095274576919141,0.8735440931780366,0.00818528091168839,0.01599109637016509
05a0fdc833173d3439d4bc19923505e9436c58a7c26ab33beb33ea4dfcb3e284,2024,4570469,Marcus,Harris,DB,Idaho,California,defensive_tot,2024,1,1,0.9846350264285989,0.8735440931780366,0.0002360824128498542,0.01599109637016509
7c90fcc0c1d06b3f7892e16f30a743d9dfd0bb9d03c41d4c42dc756887263b03,2024,4608790,Yam,Banks,DB,South Alabama,Ole Miss,defensive_tot,2024,1,1,0.9175496750631182,0.8735440931780366,0.006798056082197386,0.01599109637016509
12ef7857662b8be8af797404d635350dac9be85708283fb2f97b27156c0ee725,2024,5081718,Preston,Hodge,DB,Liberty,Colorado,defensive_tot,2024,1,1,0.9918934682531815,0.8735440931780366,6.571585696217659e-05,0.01599109637016509
e3702abc43d2fdd6538e118c44fb9b18acb29c46b2c6cd70de304d2a7bef7841,2024,4573629,Kam,Alexander,DB,UTSA,Oregon,defensive_tot,2024,1,1,0.9974255987624739,0.8735440931780366,6.6275417317757004e-06,0.01599109637016509
381ea4e439a410af4acd60eb400ac5670c0c6f2d3f3a4032ffba105426711b9f,2024,4574689,Trey,Amos,DB,Alabama,Ole Miss,defensive_tot,2024,1,1,0.9255726250181237,0.8735440931780366,0.005539434146692833,0.01599109637016509
f52daed8019598d0c7cd4a2fc2beb595b17dd45f72ce2f04dcbe277ad0d22087,2024,4875340,Davon,Banks,DB,Washington,Boise State,defensive_tot,2024,1,1,0.9322904695109031,0.8735440931780366,0.004584580519053942,0.01599109637016509
1c189798c194d28300a8994797323fe4aa0c8a2c10770ef68386f9eca359c27b,2024,4710776,Tahj,Ra-El,DB,Old Dominion,Memphis,defensive_tot,2024,1,1,0.9882538602901909,0.8735440931780366,0.00013797179808235394,0.01599109637016509
0608ef4a673fbfe500c407f87f7f994a1decebdf1812bcf4a8d3ffee53c57fc2,2024,4912185,Jalen,Huskey,DB,Bowling Green,Maryland,defensive_tot,2024,1,1,0.995087529691994,0.8735440931780366,2.413236452704068e-05,0.01599109637016509
36b42f95f94a6d11fef544362bb42bedcf39b8320bb71c02490a4a787e6b1631,2024,4690115,Davonte,Brown,DB,Miami,Florida State,defensive_tot,2024,1,1,0.8959127625137036,0.8735440931780366,0.010834153007528676,0.01599109637016509
b9bb45aaa582ab16427234d08851c6cec58a7a173e8b9694a414395951237f41,2024,4433922,Ladarius,Tennison,DB,Ole Miss,UCF,defensive_tot,2024,1,1,0.8752251667019683,0.8735440931780366,0.01556875902455161,0.01599109637016509
751b807e65304283b4f90257c55a072eddb8f0b10f9219586fe73e409a0032f6,2024,4685402,Domani,Jackson,DB,USC,Alabama,defensive_tot,2024,1,1,0.9252475946595848,0.8735440931780366,0.005587922104177729,0.01599109637016509
bd9c9a55a9f9a135de560c67c60de22bcbd196536ed9d72bbd9c011ed4662e66,2024,4950396,Marcus,Ratcliffe,DB,San Diego State,Texas A&M,defensive_tot,2024,1,1,0.9488468468614066,0.8735440931780366,0.0026166450760203843,0.01599109637016509
783b0f7a2b47080310722bb8fff82411dfb0ebd9291a0d6c7e583b6cc9098498,2024,4567404,Jaydon,Hill,DB,Florida,Texas A&M,defensive_tot,2024,1,1,0.9038359318300578,0.8735440931780366,0.009247528006993284,0.01599109637016509
72994a7e60f2415ab85ab272e966bee975aee622b3f0a4970135a5dfc0ddef2e,2024,4837473,Jake,Pope,DB,Alabama,Georgia,defensive_tot,2024,0,0,0.7575413064476139,0.8735440931780366,0.5738688309743576,0.7630792827262383
fb1a11bd5e4c058572fc78059e30dbdefd15c97881d2de2df78eaa47003e0422,2024,4567108,DJ,Douglas,DB,Tulane,Florida,defensive_tot,2024,1,1,0.983624084609477,0.8735440931780366,0.00026817060487756695,0.01599109637016509
aec4463840403190823e5446454daaf03fcd4db00f55dcbb72631c31403ebec0,2024,4871101,Savion,Riley,DB,Miami,Colorado,defensive_tot,2024,1,1,0.7627774948961038,0.8735440931780366,0.05627451692776806,0.01599109637016509
986f0d142a26ac00e250cd142bb2a228253b0350aede5798272f7e5f8f6a7996,2024,4613036,Tahveon,Nicholson,DB,Illinois,Louisville,defensive_tot,2024,1,1,0.9659613397461614,0.8735440931780366,0.0011586303918762527,0.01599109637016509
5d094e708009801def2cafd95c74920b7143be033dee7897db292b47a5d27e9f,2024,5157289,Jermod,McCoy,DB,Oregon State,Tennessee,defensive_tot,2024,1,1,0.9779512309153905,0.8735440931780366,0.00048614821814643207,0.01599109637016509
3ccd2e715ff66f37d57be06c9c204d07ebb4fed41b320e26da0ecc4ec17ccd33,2024,4569600,Mishael,Powell,DB,Washington,Miami,defensive_tot,2024,1,1,0.9964529225567915,0.8735440931780366,1.2581758388118405e-05,0.01599109637016509
5f2711c1097c674c5c35bb35abb3a518d1862feb22d6cfd1fb6556c6e9f41922,2024,4429411,Jordan,Clark,DB,Arizona State,Notre Dame,defensive_tot,2024,1,1,0.9803789965238796,0.8735440931780366,0.00038498377740992846,0.01599109637016509
c3592c190b015b4fcd548d1b4d34a747690fd060cff7df96057864d699d17398,2024,4427427,Rod,Heard II,DB,Northwestern,Notre Dame,defensive_tot,2024,1,1,0.9687199961943787,0.8735440931780366,0.000978438638079686,0.01599109637016509
99e36e6f4b02c239dbe1984e523c8d706f79d339107793e5c7099243c122fe01,2024,5155109,Blye,Hill,DB,Saint Francis (PA),Nebraska,defensive_tot,2024,1,1,0.7575413064476139,0.8735440931780366,0.05878621807912989,0.01599109637016509
be8cc6acda0bee13ab3e4f227348586ac1b63261f0067e190e58ba81eeb88cc8,2024,4430616,Asa,Turner,DB,Washington,Florida,defensive_tot,2024,1,1,0.895464393395481,0.8735440931780366,0.010927693048174755,0.01599109637016509
c6f1419e2fda2f49c62c5f32253e5e96284a6c81e10f093d1f81c895f6ed51ee,2024,4873906,Phillip,Dunnam,DB,Indiana,Florida Atlantic,defensive_tot,2024,1,1,0.9918963722921461,0.8735440931780366,6.566878202749727e-05,0.01599109637016509
452d4a0d1313da40a3e43ceedcfd3cf4d76c33e01599b3d249231bc94bcb72a2,2024,4876328,Kobe,Singleton,DB,Liberty,Oregon State,defensive_tot,2024,1,1,0.9976449981921397,0.8735440931780366,5.54603351502529e-06,0.01599109637016509
748a23c8670305879e94fceaf7c8f29851d3de233310af5e9665c8f0fa70fa34,2024,4568271,Kenan,Johnson,DB,Georgia Tech,Utah,defensive_tot,2024,1,1,0.9510820723174686,0.8735440931780366,0.0023929636487533767,0.01599109637016509
16f30709d0aa7a5caef0ed1a1b77abdbf5f2fdda471c5ea3fefd6d45f68fda24,2024,4692023,Kristian,Story,DB,Alabama,Kentucky,defensive_tot,2024,1,1,0.9139359780997635,0.8735440931780366,0.007407015865644395,0.01599109637016509
678ba177493398b9fcabb08808f0a6b50e39cc43737a6537daf47284a431c964,2024,4594338,Brandon,Johnson,DB,Duke,Oregon,defensive_tot,2024,1,1,0.9240747882557048,0.8735440931780366,0.005764637778416066,0.01599109637016509
eefeb96996d08e8b9cea5e9c6fb4fa3f84cb3d21a0995d930845da4417ad35b5,2024,5081915,Kobe,Savage,DB,Kansas State,Oregon,defensive_tot,2024,1,1,0.9710277995731948,0.8735440931780366,0.0008393883975709685,0.01599109637016509
907a41eec5c5fd368ff0dbe7ad63fa16cabc04bfcbb2a3474067159b46e36a45,2024,4922985,Randon,Fontenette,DB,TCU,Vanderbilt,defensive_tot,2024,1,1,0.8789952967005353,0.8735440931780366,0.014642138220591475,0.01599109637016509
fec0001a0a8601010ce17142386f36f740c7bce93aa65fa8ca6e2ade7d9c10aa,2024,4870141,Devin,Grant,DB,Buffalo,Syracuse,defensive_tot,2024,1,1,0.9995786195098376,0.8735440931780366,1.775615174894892e-07,0.01599109637016509
2f34b782e29676fd252001f9a86d11e92e48d2421de8220533542da6f009f800,2024,4683044,BJ,Mayes,DB,UAB,Texas A&M,defensive_tot,2024,1,1,0.992205577885311,0.8735440931780366,6.0753016101952134e-05,0.01599109637016509
292f6930bef88ec1545115bf761b72eab85064e3c60d104cb15e6825cc304b7d,2024,4429366,Derrick,Canteen,DB,Virginia Tech,Cincinnati,defensive_tot,2024,1,1,0.9551490049690982,0.8735440931780366,0.002011611755261982,0.01599109637016509
87aaecea761b364729fb9e74711e4093fa7c942426678de7b93659a0bc988996,2024,4432322,Jaheem,Joseph,DB,Northwestern,West Virginia,defensive_tot,2024,1,1,0.9838181775191305,0.8735440931780366,0.0002618513788023743,0.01599109637016509
650d6a5d45a5d335e588917ab86e5ee02a191fc5751365a35746dfd41f3df104,2024,4837203,Jeremiah,Wilson,DB,Syracuse,Houston,defensive_tot,2024,1,1,0.9792639352766791,0.8735440931780366,0.00042998438020975356,0.01599109637016509
f0bec23940922d2b852c293a216b1257fb95ddee097a924b99087e86d62e6c04,2024,4690962,Ja'Had,Carter,DB,Ohio State,NC State,defensive_tot,2024,1,1,0.8689740438688257,0.8735440931780366,0.01716780118008841,0.01599109637016509
cf021313a844640c8fec09306c32a1a3a4b6dc90010ddec5cd9dc0592b28e657,2024,4816083,Daeh,McCullough,DB,Oklahoma,Louisville,defensive_tot,2024,1,1,0.7627774948961038,0.8735440931780366,0.05627451692776806,0.01599109637016509
cfadd62d698a435c81dbd7013f506868d0ab851048d93fee3f05a808c566e529,2024,4685351,Tre'Quon,Fegans,DB,USC,UCF,defensive_tot,2024,1,1,0.8754111297844333,0.8735440931780366,0.015522386581591335,0.01599109637016509
48d852839f41fdab1fe6338f5c0d462f7d5740ca4b97e7d1195210dd385a6724,2024,4870732,Cedrick,Hawkins,DB,Ohio State,UCF,defensive_tot,2024,0,0,0.7627774948961038,0.8735440931780366,0.5818295067199757,0.7630792827262383
1225fa61b85b368958eb580b104cf6997fdd1e33ebefb3ce49897dda849bdedb,2024,4870755,Mikal,Harrison-Pilot,DB,Houston,Texas Tech,defensive_tot,2024,1,1,0.7627774948961038,0.8735440931780366,0.05627451692776806,0.01599109637016509
4d59f3cf0ebba937b927c91cb508a1899a2376c06b8fb9ec0a8aaa50a6441f5b,2024,4685625,Kamari,Wilson,DB,Florida,Arizona State,defensive_tot,2024,1,1,0.8638638458018129,0.8735440931780366,0.018533052479872587,0.01599109637016509
6dfe935ac8e08971261b6573f0102646e89e49fea0b81d4c822326a73b7df437,2024,4574791,Kriston,Davis,DB,Southern,Houston,defensive_tot,2024,1,1,0.761382584952618,0.8735440931780366,0.05693827076389456,0.01599109637016509
0e811faf0c7e6c254d5fbae30c33c9d3594b246298271d7fd39269b6f78bcbdd,2024,5083287,Devon,Marshall,DB,Villanova,NC State,defensive_tot,2024,1,1,0.9099213903753722,0.8735440931780366,0.008114155911906083,0.01599109637016509
179627fc02b0cc126616f8aada82b2f4b9884641dfed5b73aa901689304fdc3f,2024,5077302,TJ,Crandall,DB,Colorado State,West Virginia,defensive_tot,2024,1,1,0.9453750456582404,0.8735440931780366,0.0029838856368393234,0.01599109637016509
ada3348a6869a10132ccd0eb64a289e486e6ecdb41711b51da461c31e991e378,2024,4749403,Isaiah,Hamilton,DB,Houston,Ole Miss,defensive_tot,2024,1,1,0.9974380879403089,0.8735440931780366,6.563393401590902e-06,0.01599109637016509
db6f4cc82d5eebb9b0288872a224ae13ac4ac2b0532caf628efd4b74756f744f,2024,4430888,Jerrin,Thompson,DB,Texas,Auburn,defensive_tot,2024,1,1,0.994381316707697,0.8735440931780366,3.156960193920457e-05,0.01599109637016509
00ed77b6a3f40af7ffd95cf69be0d78358e2000f336b457a43afbfce49b5b917,2024,4684141,Shawn,Asbury II,DB,Old Dominion,Indiana,defensive_tot,2024,1,1,0.9861204288842361,0.8735440931780366,0.00019264249435754693,0.01599109637016509
d25fb99fd1135af18d2ecd992ca3b47acdc0951e0780ab1f01ecbd8b4d9e7ba0,2024,4812340,James,Monds III,DB,Indiana,Middle Tennessee,defensive_tot,2024,1,1,0.8796334455846088,0.8735440931780366,0.01448810742183334,0.01599109637016509
64448a85baf48c3773ea2d86dbccc2f3e040f609a33c28193f936978ae52fc3a,2024,4430821,Kitan,Crawford,DB,Texas,Nevada,defensive_tot,2024,1,1,0.9105482856608345,0.8735440931780366,0.008001609198215675,0.01599109637016509
02580dc2ea603a01272dff0d91abe0dc469c63d776084465dd81f3c835fe9b60,2024,4890885,Ayden,Garnes,DB,Duquesne,West Virginia,defensive_tot,2024,1,1,0.8882201236706097,0.8735440931780366,0.0124947407522138,0.01599109637016509
a327299f6b9622febe42718d62815739d15e1a276db7e68da40c226845045a7a,2024,4427952,JaTravis,Broughton,DB,Utah,TCU,defensive_tot,2024,1,1,0.9372253792937707,0.8735440931780366,0.0039406530048109525,0.01599109637016509
720c1dfafa4be8487d31712566ba783dfd37198549f7511346927b792a721d1d,2024,5082002,Hershey,McLaurin,DB,West Virginia,Houston,defensive_tot,2024,1,1,0.9404182576824316,0.8735440931780366,0.003549984017597122,0.01599109637016509
3beae8c98d581d0ee113dcfa7dd2495ebd062604c1f175c1aca66a71af7614a5,2024,4569658,Duce,Chestnut,DB,LSU,Syracuse,defensive_tot,2024,1,1,0.8766353820009252,0.8735440931780366,0.015218828974057658,0.01599109637016509
5b5cf48a3de7069d167ad61211ee6008903caba571bc270bdda4d96b4957f78e,2024,5160072,Antione,Jackson,DB,East Carolina,UCF,defensive_tot,2024,1,1,0.9362840559162355,0.8735440931780366,0.0040597215304854,0.01599109637016509
3297947ef077558923e0e3f5b86041a1b8ba47508403e8cf9444dec377249740,2024,4596708,Corey,Coley Jr.,DB,Maryland,NC State,defensive_tot,2024,1,1,0.9078415991868644,0.8735440931780366,0.00849317084043456,0.01599109637016509
f779bb8d051d5c4563bebf79561667c1b48c9bdad2a6944e2fab4a7799f0ec3c,2024,4430010,LaMareon,James,DB,Old Dominion,TCU,defensive_tot,2024,1,1,0.9926410778901651,0.8735440931780366,5.4153734618617065e-05,0.01599109637016509
56908cb9d0356fd62949a04b1050c3454d8e9b65030769dbd7b29a9cf5bfd391,2024,5081323,Louis,Moore,DB,Indiana,Ole Miss,defensive_tot,2024,1,1,0.9920422682151393,0.8735440931780366,6.332549515978226e-05,0.01599109637016509
7dc0a114c8140912e64825f0ea69991a51726008cf1043c70c47fb9e65fe9e5d,2024,4871014,Jeremiah,Vessel,DB,New Mexico State,UNLV,defensive_tot,2024,1,1,0.9254353218045531,0.8735440931780366,0.005559891234390551,0.01599109637016509
009773da7a1c7000fb1de7d57fe5d8bf07d8df0e89b44c03f0365368d1918dce,2024,4431064,RJ,Delancy III,DB,Toledo,Wisconsin,defensive_tot,2024,1,1,0.9781043738339661,0.8735440931780366,0.00047941844520270886,0.01599109637016509
9c3538f247be238c1e07c87bce9742e69dc2ebcad15abc9cd5ace7e827556bba,2024,4592222,Ed,Woods,DB,Arizona State,Michigan State,defensive_tot,2024,1,1,0.9637120756761844,0.8735440931780366,0.0013168134517309647,0.01599109637016509
cbf59c8dadd06625c150dc6fb52ab184ef8d63140c3676520b0432569c4c36ae,2024,4972249,Jaremiah,Anglin Jr.,DB,Kentucky,Pittsburgh,defensive_tot,2024,0,0,0.7679352429451418,0.8735440931780366,0.589724537357214,0.7630792827262383
cb6c9e7ccab0e27b12011dd5e793538689b4461354960f0af3c24a3f30e6ac1d,2024,4432270,Garnett,Hollis Jr.,DB,Northwestern,West Virginia,defensive_tot,2024,1,1,0.9435552520663558,0.8735440931780366,0.0031860095692926287,0.01599109637016509
68d14a91a1a2fe5b207111813684a80dcfeb15c242373c25385f7c5597ce41c7,2024,4685501,Fabian,Ross,DB,USC,Hawai'i,defensive_tot,2024,0,0,0.7679352429451418,0.8735440931780366,0.589724537357214,0.7630792827262383
2ff25b5a3e6d2d8538756e3006fe9533d8fb072198551244e0825e88c37be5c8,2024,4688816,Tony,Grimes,DB,Texas A&M,UNLV,defensive_tot,2024,1,1,0.7679352429451418,0.8735440931780366,0.05385405146693035,0.01599109637016509
ec69fac99d481ecff3cd709cd087eb0611bf43139453e17f5df9ae5a31c1d4f4,2024,4426464,K.J.,Wallace,DB,Georgia Tech,UCLA,defensive_tot,2024,1,1,0.9609300170513215,0.8735440931780366,0.0015264635676100265,0.01599109637016509
92d19464bd7d84fa3c6d1e2915909229da53bbd8ae9ede28977e6016a5066393,2024,4685534,Myles,Rowser,DB,New Mexico State,Arizona State,defensive_tot,2024,1,1,0.972484155197105,0.8735440931780366,0.000757121715217006,0.01599109637016509
3b650b3f9dc8a7af7efbca00aac0e569075e77cfcf29b22121b6785c5e7dbec7,2024,4428536,Kendren,Smith,DB,Pennsylvania,Virginia,defensive_tot,2024,1,1,0.7627774948961038,0.8735440931780366,0.05627451692776806,0.01599109637016509
2faa4278a9a1b4d6a4523f9dfc521f0fdb062f5d2dbfbd222c2f3667948d88b7,2024,4871066,Ryan,Yaites,DB,LSU,California,defensive_tot,2024,1,1,0.8998802291732433,0.8735440931780366,0.010023968510402286,0.01599109637016509
3d9dd070ee960c364f22875a62536c844ef5a68495cf11c433565ccb6f63c259,2024,4431642,Isaiah,Johnson,DB,Arizona State,Marshall,defensive_tot,2024,0,0,0.7679352429451418,0.8735440931780366,0.589724537357214,0.7630792827262383
b15785e82c62f4fd9d4dc386548e6dcd5f0a189c1a2654ff6f03514ddd216708,2024,4833015,Jeremiah,Earby,DB,California,Boise State,defensive_tot,2024,1,1,0.9754029322139045,0.8735440931780366,0.0006050157436737767,0.01599109637016509
2af280ba28d4adabb0e726e7b53449c715dc452daacb0818e503479617fa4253,2024,4432209,Alaka'i,Gilman,DB,Stanford,Utah,defensive_tot,2024,1,1,0.9476162518025623,0.8735440931780366,0.0027440570752125617,0.01599109637016509
982f4ce14f2c952838590a017636dfc56b01967e98aa1849cf930acf383d6218,2024,4683347,Caleb,Ransaw,DB,Troy,Tulane,defensive_tot,2024,1,1,0.9443960389826063,0.8735440931780366,0.0030918004808238417,0.01599109637016509
7611a18102299e8f0b562500f1acd6892723771f2e5b174dcd31242bcc5fdeda,2024,4870071,Miguel,Mitchell,DB,Florida,Arkansas,defensive_tot,2024,1,1,0.9314931823898025,0.8735440931780366,0.004693184059076866,0.01599109637016509
611a6b5b578e164573f8e67cb20a2c9546a7b761f119d89e199c9283495e4168,2024,5221291,RJ,Johnson,DB,Arkansas,Colorado,defensive_tot,2024,1,1,0.7730142206972987,0.8735440931780366,0.0515225440056546,0.01599109637016509
b7c6d1a3b3de12f1278e813b982d6cf724355f1cfc7236e066a245c98ed3ab1f,2024,4710762,Jordan,Riley,DB,Ball State,Kansas State,defensive_tot,2024,1,1,0.9818886669295863,0.8735440931780366,0.0003280203855874603,0.01599109637016509
28433eac4e9de7aceae43a0bc7f0b205e06deac88e654e60e376eecec4015282,2024,4572262,Jaidyn,Denis,DB,Elon,Memphis,defensive_tot,2024,0,0,0.9339363428354825,0.8735440931780366,0.872237092468916,0.7630792827262383
03efbf55cfc11d630e300e85d3658e49f9b921d7f09d3fc416887cb683fb39d2,2024,4685387,Tayon,Holloway,DB,North Carolina,Louisville,defensive_tot,2024,1,1,0.9129182815623268,0.8735440931780366,0.007583225686058194,0.01599109637016509
57dae5b3325d1238a3c1f97ceebb65c0d7db83e489283268558054f29e4a3cb3,2024,4696973,Cameron,Broussard,DB,Sacramento State,Washington,defensive_tot,2024,1,1,0.9295025236131264,0.8735440931780366,0.0049698941769178075,0.01599109637016509
cc571677307ad37e279168ecc9bf4dc20c0d602d1e85835e5c666de80aaa0c57,2024,4870863,Braxton,Myers,DB,Purdue,Southern Miss,defensive_tot,2024,1,1,0.7679352429451418,0.8735440931780366,0.05385405146693035,0.01599109637016509
7460a6422ddc290278a56159bd45df0da79e93092cd3e6dd4ad40d5df9fae2bc,2024,4683524,DaShawn,Jones,DB,Wake Forest,Alabama,defensive_tot,2024,1,1,0.9821508467609815,0.8735440931780366,0.00031859227134996385,0.01599109637016509
7dc39532f9d49862d763cc9591329836db1287f748cf8910aa47352b9b9aaf26,2024,4685524,J.D.,Rhym,DB,Auburn,Houston,defensive_tot,2024,1,1,0.8748328396462113,0.8735440931780366,0.01566681803103106,0.01599109637016509
81f85cca192d52aa4127d88ca6c386d6294c76d00032b5c98e85c211475b540f,2024,4692628,Doneiko,Slaughter,DB,Tennessee,Arkansas,defensive_tot,2024,1,1,0.9028352245745465,0.8735440931780366,0.00944099358347882,0.01599109637016509
64e74c14666f5b26550ad05e98b9c102d25dc8f6d369fddb9b8480510d141c93,2024,4431226,Clarence,Lewis,DB,Notre Dame,Syracuse,defensive_tot,2024,1,1,0.9472868519940086,0.8735440931780366,0.0027786759727015512,0.01599109637016509
fa3b72002fa0ebb7606689ce7a1ad51f0e9de508e62003d62a60b514505f5f06,2024,4870687,Ayden,Duncanson,DB,North Carolina,East Carolina,defensive_tot,2024,0,0,0.869247254071489,0.8735440931780366,0.7555907887108236,0.7630792827262383
155c3b0925d9972e5f08ad8ceef581e4b48cac7b0272d511fbe01547a20dc0bb,2024,4686337,Greedy,Vance Jr.,DB,Florida State,USC,defensive_tot,2024,1,1,0.94405115759588,0.8735440931780366,0.003130272966361058,0.01599109637016509
9c009d0220c502e9f146cb283bfa8ba6f1c5e85365af20beb9469d38bc634a6b,2024,4430819,Jalen,Kimber,DB,Florida,Penn State,defensive_tot,2024,1,1,0.9537023389755289,0.8735440931780366,0.0021434734163368286,0.01599109637016509
f775bf91b00bf8635e43cf2562c910e51d39589bc7f5bc0743c2040143cd437a,2024,4699784,Dez,Malone,DB,San Diego State,Oklahoma,defensive_tot,2024,1,1,0.9668810997923108,0.8735440931780366,0.0010968615509668724,0.01599109637016509
ab7988e9dfc5ccf90fc5e68db2d9af62a699da797ec09b6e0a4591fcec767407,2024,4577943,Kobe,Hylton,DB,UTEP,Oklahoma State,defensive_tot,2024,1,1,0.954878820133209,0.8735440931780366,0.002035920872571304,0.01599109637016509
5ed860e590acaa715c504764f75ed5f673b61f82030488e6d6faa21e04608544,2024,4429655,Jalen,Geiger,DB,Kentucky,Tulane,defensive_tot,2024,1,1,0.8801148514259034,0.8735440931780366,0.014372448848633217,0.01599109637016509
91c5ac8a6578e55364359fa97fb3675b51620c00b5224af423bfc398d30f7c0b,2024,4915981,Javeon,Wilcox,DB,TCU,Texas Tech,defensive_tot,2024,0,0,0.7730142206972987,0.8735440931780366,0.5975509854002521,0.7630792827262383
7eaa596a462f4f00c416069e3aa9c3957a65cde2fc2871809203fac471c9f3a0,2024,4432681,Corey,Collier,DB,Nebraska,Florida A&M,defensive_tot,2024,1,1,0.7730142206972987,0.8735440931780366,0.0515225440056546,0.01599109637016509
b624aa1139611c83361b5f9a72c08d36a3110a511bc92b70759d691e9e29d299,2024,4428480,Kempton,Shine,DB,Eastern Michigan,Virginia,defensive_tot,2024,1,1,0.9796682830719501,0.8735440931780366,0.00041337871324235146,0.01599109637016509
ed9a7fd04eb1f3e37d6c5d11b6eb49332e533e270dfb9a3b4454e34b56d5962b,2024,4696209,Aamir,Hall,DB,UAlbany,Michigan,defensive_tot,2024,1,1,0.9930991838119198,0.8735440931780366,4.762126406167043e-05,0.01599109637016509
19319c09b6985851bfc1507f99499d134daa3c93ae13e7d9d798bb4f77f5add3,2024,4431242,Cameron,Martinez,DB,Ohio State,Boston College,defensive_tot,2024,1,1,0.8707850531335731,0.8735440931780366,0.01669650249369352,0.01599109637016509
c2afbd3dc5c3e5dcf0ed2e048a7b2ed9061018d7ec442eb69bb1382d3f2966a8,2024,4869537,Malachi,McLean,DB,New Mexico State,UConn,defensive_tot,2024,1,1,0.8891001663994879,0.8735440931780366,0.012298773092621283,0.01599109637016509
5ce5ed9a762ff9b3bf47d2f3f365d053b13506e345484a3441a6c13b68572fa7,2024,5159949,Demetrius,Freeney,DB,Miami,Arizona,defensive_tot,2024,1,1,0.7730142206972987,0.8735440931780366,0.0515225440056546,0.01599109637016509
171284868f944f379b833e4298ed9ef295cc8d8ed57675b0ac2dfca119078e52,2024,4591236,Ricky,Johnson,DB,UNLV,Michigan,defensive_tot,2024,0,0,0.9709170901749724,0.8735440931780366,0.9426799959938355,0.7630792827262383
dd7b1f565b1ef77b8bc9af139e2dd02fdb0276885336e69e9122efdf7a2120d6,2024,4362344,Capone,Blue,DB,Kent State,Wake Forest,defensive_tot,2024,1,1,0.9813091253791986,0.8735440931780366,0.0003493487940905192,0.01599109637016509
c49dc379ba56bf184a48040e63e7c2cce2a91aff90ab6a5b7c461f6556c9762b,2024,5082541,Marquise,Robinson,DB,South Alabama,Arkansas,defensive_tot,2024,1,1,0.9868580679514014,0.8735440931780366,0.0001727103779699828,0.01599109637016509
231321fc4d0759de514f15983eac60937a2e17519eabef4a26309a7f72c08836,2024,4880674,Elias,Larry,DB,Navy,Colorado State,defensive_tot,2024,1,1,0.9297840195351542,0.8735440931780366,0.004930283912639605,0.01599109637016509
efab9c5f8673860ac3d96f31ebc1e545754d903a18b3edf0faa66b530af56673,2024,4572876,Troy,Jakubec,DB,Youngstown State,UAB,defensive_tot,2024,1,1,0.9737845430909495,0.8735440931780366,0.0006872501809502821,0.01599109637016509
d277eec4ab1e7670f79ec4c2f26c1d55d13cf667242e13a1acd85ca27fbd33db,2024,4432659,Noah,Avinger,DB,San Diego State,New Mexico,defensive_tot,2024,1,1,0.7679352429451418,0.8735440931780366,0.05385405146693035,0.01599109637016509
ec9f04d2a390325a0321a95eba2fd849e792caa98e0113e44fe68d64d7b56ba2,2024,5081149,DeCarlos,Nicholson,DB,Mississippi State,USC,defensive_tot,2024,1,1,0.9326940117142498,0.8735440931780366,0.004530096059121541,0.01599109637016509
3f783f67feee7b478535c0ae03ceb05546cf1636ece24ebe5aa68e599bd6030e,2024,4431426,Corey,Thornton,DB,UCF,Louisville,defensive_tot,2024,1,1,0.9825529862807713,0.8735440931780366,0.00030439828771895597,0.01599109637016509
777611a3c6f197a772e65460ed291afb8a3434d6e63e70ec2deaa62266a12f8b,2024,4688721,Kory,Chapman,DB,Austin Peay,UTEP,defensive_tot,2024,1,1,0.9456501987672172,0.8735440931780366,0.002953900894042995,0.01599109637016509
58822b164345e435e428d7ed9939b52a9f431a62c1281d02eb1fd21e20c4d320,2024,5192944,Jayden,Hill,DB,Ohio Dominican,North Texas,defensive_tot,2024,1,1,0.7730142206972987,0.8735440931780366,0.0515225440056546,0.01599109637016509
aa0859ca27fe7e00485555ca186a55e12232c7e74ce4f07f163c4a465c40e42e,2024,4574316,Mark,Davis Jr.,DB,Southern Illinois,Vanderbilt,defensive_tot,2024,0,0,0.9390469247789761,0.8735440931780366,0.881809126936852,0.7630792827262383
8da735e726630d51013cdbf07f02276842cf5d08af2e5d5f1427dc26d4781226,2024,5084574,Bryce,Phillips,DB,Tennessee State,San Diego State,defensive_tot,2024,1,1,0.8742980336099162,0.8735440931780366,0.015800984354333757,0.01599109637016509
83ff6c1796c26d238db1762ff0270e9013965a5dbac7ed4686ef78a40a471eb8,2024,4688754,Sirad,Bryant,DB,Georgia Tech,UAB,defensive_tot,2024,1,1,0.8928304865266249,0.8735440931780366,0.01148530461811993,0.01599109637016509
3d914ebe6a4994234c6a180a1f59eb86039c008e241c5c255522e2c1c0565b90,2024,4837211,Dyoni,Hill,DB,Marshall,Miami,defensive_tot,2024,1,1,0.9852833729283268,0.8735440931780366,0.00021657911236670465,0.01599109637016509
5fbe9f223d45ae7125abf6227fa9f339ebd06e4b8991da7dd44c8b86ff58d14b,2024,4362353,Montre,Miller,DB,West Virginia,Mississippi State,defensive_tot,2024,0,0,0.8759340744108173,0.8735440931780366,0.7672605027139352,0.7630792827262383
8ce5d3a50fc6f022c3f61dab24c831c0811f2e00be62d65cbefbe08afb165188,2024,4570150,Terry,Jones Jr.,DB,Old Dominion,Indiana,defensive_tot,2024,1,1,0.9686579736293901,0.8735440931780366,0.0009823226170160063,0.01599109637016509
577d3a7cd3eb5a568d2f1d7dbd465933917201d61dac0e2e44b7dbf0d8ae6d4e,2024,4882096,Avarion,Cole,DB,North Carolina A&T,App State,defensive_tot,2024,1,1,0.9325353692107844,0.8735440931780366,0.004551476407525178,0.01599109637016509
610e616902d64608264ac892205986855bcbddb8a3deb93b561022078839b03a,2024,4701276,Tyson,Durant,DB,Akron,Washington State,defensive_tot,2024,1,1,0.9638549137247936,0.8735440931780366,0.0013064672618421146,0.01599109637016509
cde540dbb027ac404a74d7f71642afec49c80a0c6dcd0fa22b4107fc609b7812,2024,4432635,Teagan,Wilk,DB,East Carolina,Houston,defensive_tot,2024,1,1,0.9122602536406758,0.8735440931780366,0.007698263091198552,0.01599109637016509
a7056bf333a347f3c223db681036ca8a49a37c092901d76def8eb3d61d503da5,2024,4833590,Kentrell,Webb,DB,Tulane,Houston,defensive_tot,2024,1,1,0.9206456304536743,0.8735440931780366,0.006297115966094822,0.01599109637016509
eded7b24c7a22bfe11394d3ab9ffb9c6c2cd3207db926c6490d08d895c632dc6,2024,5081058,Marcus,Washington,DB,Louisville,Syracuse,defensive_tot,2024,0,0,0.7679352429451418,0.8735440931780366,0.589724537357214,0.7630792827262383
5339c649038faffc07bdf31d8581991eeed9849bfa83524f64d479dfc4eaf527,2024,4432246,Ramon,Henderson,DB,Notre Dame,UCLA,defensive_tot,2024,1,1,0.9295742086596448,0.8735440931780366,0.00495979208591525,0.01599109637016509
13e15c03e340cfdf78d6140ffa305bcd183e2464501014be18cedd62c6a2c680,2024,4702893,Richard,Toney Jr.,DB,Nevada,TCU,defensive_tot,2024,1,1,0.9922949464205357,0.8735440931780366,5.9367850662415185e-05,0.01599109637016509
752d5df9582f106d02e9250ceaf7895e29f347f1b3b5217643f4ade9115f8fe9,2024,4570269,Trey,Jones III,DB,Central Michigan,Texas A&M,defensive_tot,2024,1,1,0.9517061131233956,0.8735440931780366,0.0023322995096502633,0.01599109637016509
338a17c81bd57c091c79d648b6d7131f28ae41df14a2d72fb76a4083c938a688,2024,4427163,Myles,Farmer,DB,Syracuse,App State,defensive_tot,2024,1,1,0.8964495240002559,0.8735440931780366,0.010722701079773578,0.01599109637016509
6e0302623b234dc057f7b290e7b229cd5dc2f7638b66d1b1f60520f239bdae70,2024,4567706,Omarion,Cooper,DB,Colorado,Florida State,defensive_tot,2024,1,1,0.9535022409561213,0.8735440931780366,0.0021620415961025987,0.01599109637016509
ddb34d57fa57e9a375e62b37e4f4c605d5818d122cbe4eac6f6c1ac3d51a092e,2024,4366189,Marque,Collins,DB,Weber State,BYU,defensive_tot,2024,1,1,0.7730142206972987,0.8735440931780366,0.0515225440056546,0.01599109637016509
9a568b20e268d556ace32a7cf889f1cf550d424a8894f28918ae791ff225594d,2024,5152164,DeAgo,Brumfield,DB,Memphis,Mississippi State,defensive_tot,2024,1,1,0.9849881921478943,0.8735440931780366,0.0002253543749885409,0.01599109637016509
6c3190ae8f08bd34402415b5ed163903ae8147d34d7c0b67cf3951c61386327b,2024,4685483,Keenan,Nelson Jr.,DB,South Carolina,Ohio State,defensive_tot,2024,0,0,0.8827395467564755,0.8735440931780366,0.7792291074078278,0.7630792827262383
647013048ae19d1157720ae0eb5ca208a3c9f7f6f75a58789ac40ad294cce118,2024,5153654,Devin,Dye,DB,Utah State,Kansas,defensive_tot,2024,1,1,0.9894431911361122,0.8735440931780366,0.00011144621338865934,0.01599109637016509
205d6ff56e37005e0c7bf46adb2aa78b46f7af00695ceda1bb6e763ad489ab16,2024,4427067,Tre'Shon,Devones,DB,Rice,Duke,defensive_tot,2024,1,1,0.9885291548736849,0.8735440931780366,0.00013158028791190762,0.01599109637016509
42fd7f319fa2cc3afb99af926793644ae1224bedc3cd80161f745bd157df4f01,2024,4686338,Josh,Minkins,DB,Louisville,Cincinnati,defensive_tot,2024,1,1,0.8981671311911457,0.8735440931780366,0.010369933169841338,0.01599109637016509
ce52c98942ebf40e00d66db29be1e000992ced37422252a7d46578a112933907,2024,4428810,AJ,Watts,DB,UL Monroe,Memphis,defensive_tot,2024,1,1,0.9894808914875612,0.8735440931780366,0.00011065164389646152,0.01599109637016509
58d3c0b56f70341778724fedd46878d9f50ae3bdc7b6b6e54a4ec92e7588a716,2024,4685608,Laterrance,Welch,DB,LSU,Arizona State,defensive_tot,2024,1,1,0.8971231726831345,0.8735440931780366,0.010583641598784171,0.01599109637016509
216616ce163d98e357350c878bd3bb8dbd9b6a9887e85dc17d6bf560b4b72a05,2024,4569129,Logan,Wilson,DB,North Texas,Cincinnati,defensive_tot,2024,1,1,0.952969383227526,0.8735440931780366,0.0022118789139993125,0.01599109637016509
5fee92a8efc462b095cc2485dfab7d6b6a4447f752e41c9f79728132d34b0fca,2024,5083396,Syeed,Gibbs,DB,Rhode Island,Georgia Tech,defensive_tot,2024,1,1,0.9489087978949244,0.8735440931780366,0.0026103109325416774,0.01599109637016509
6053b4d41e8277c68a81f1a0e190df8fec7156041187ea9b71084a7531f73def,2024,4596438,Deuce,Harmon,DB,Texas A&M,SMU,defensive_tot,2024,1,1,0.9646510251124558,0.8735440931780366,0.0012495500256002293,0.01599109637016509
7484425803faf1241389e50840a0421312ff584a4d31acd6220d699cf586371a,2024,4575716,Bryquice,Brown,DB,Georgia State,Boston College,defensive_tot,2024,1,1,0.9835009926274745,0.8735440931780366,0.00027221724427865145,0.01599109637016509
6e732fbade58f2720cdee2321509608a3610ef031fe9f4ef8d4e2a95aa4cf98d,2024,4428966,Isheem,Young,DB,Ole Miss,North Texas,defensive_tot,2024,0,0,0.9028390405331711,0.8735440931780366,0.815118333110857,0.7630792827262383
4387ea1df5c7523975cdea34e3e8dfc71fad1618002481eb84460e6d2fb29259,2024,4705596,Kolbey,Taylor,DB,Wyoming,Vanderbilt,defensive_tot,2024,1,1,0.9573743310822974,0.8735440931780366,0.0018169476506815965,0.01599109637016509
8bf52a369e77da20fda6c4b8faca839a30561c5f426beb9f1efba4f5ff1bc2d8,2024,4896491,Jayden,Davis,DB,Cincinnati,Georgia Tech,defensive_tot,2024,0,0,0.7730142206972987,0.8735440931780366,0.5975509854002521,0.7630792827262383
de48a2ba8d194527cde08318de4ce6a8458ed2902a0551d3f58f8a32586e9ae5,2024,4794110,Ryan,Turner,DB,Ohio State,Boston College,defensive_tot,2024,1,1,0.8739824393349168,0.8735440931780366,0.01588042559597792,0.01599109637016509
5501763bd11a5a6aba16e91bb0c787c020e803263f67976ffc1b01b42d28dee0,2024,5121567,Josiah,Cox,DB,Arizona State,New Mexico State,defensive_tot,2024,1,1,0.8557005725940438,0.8735440931780366,0.020822324749686837,0.01599109637016509
8318e10816fc03e96c923d1ce1dcbea23882ef4e369135ed523bdcf8f35977d0,2024,5101120,Kameron,Howard,DB,Charlotte,Alabama,defensive_tot,2024,1,1,0.9623928718757556,0.8735440931780366,0.0014142960857533328,0.01599109637016509
2a0fb5b40812e5620e011165dd075d874ca6baed2cc6850afaf8dad48ef56b78,2024,4692524,Justin,Harrington,DB,Oklahoma,Washington,defensive_tot,2024,1,1,0.8807729562247479,0.8735440931780366,0.01421508796738587,0.01599109637016509
187325939fbb6cc67a240b1ab2a5b3ce8b5c833c895c6df8dbcd1cdbde72e95e,2024,4689651,Mac,McWilliams,DB,UAB,UCF,defensive_tot,2024,1,1,0.9820262050401534,0.8735440931780366,0.0003230573052586083,0.01599109637016509
5f178e7fb5bdde0cbc21786b0cbeb1a3a1c9fcf28cd4a363fe9a51d57ac04446,2024,4875184,Jadarrius,Perkins,DB,Florida,Toledo,defensive_tot,2024,1,1,0.8751761247927932,0.8735440931780366,0.015580999821744346,0.01599109637016509
2e9bc2736ea887af8c1fea5b7f0997bf46b2cd6a44cb3e0259ce1896099aba61,2024,4576144,Jordan,Dunbar,DB,Rice,Kansas State,defensive_tot,2024,1,1,0.7780141722245145,0.8735440931780366,0.0492777077331675,0.01599109637016509
eca065200b5df7615f9402a3ffe90a242bbaf312f56301d1487f4a4ef7a0c4bd,2024,4683455,Jalen,McMurray,DB,Temple,Tennessee,defensive_tot,2024,1,1,0.9561872054183087,0.8735440931780366,0.001919560969057478,0.01599109637016509
a0b0f46b128be032c17db80be235af866e32ab6748b4b83082d6e4b37c370f8d,2024,5121783,Traveon,Wright,DB,Memphis,Mississippi State,defensive_tot,2024,0,0,0.7829349136604956,0.8735440931780366,0.6129870790285677,0.7630792827262383
df0b4840350e8fcaba109fd05a2e746a432ec4a8329780e04c1b9c9361f68d8a,2024,4429183,Vito,Tisdale,DB,Colorado,Eastern Kentucky,defensive_tot,2024,1,1,0.7829349136604956,0.8735440931780366,0.047117251707576496,0.01599109637016509
74eb3b7c7d6576e31706b5f51d839413f93e1f554cd4955eb691ce17872cd5ff,2024,5089023,Adrian,Maddox,DB,Alabama State,UAB,defensive_tot,2024,1,1,0.7780141722245145,0.8735440931780366,0.0492777077331675,0.01599109637016509
7a2e4d613bf9c93bdbea2f77ffabaa1956f3b34056cd02ae15c9d57baf03b8a7,2024,4426832,Warren,Burrell,DB,Tennessee,Georgia Tech,defensive_tot,2024,1,1,0.9037668140733016,0.8735440931780366,0.0092608260736025,0.01599109637016509
69572cb001ddc38b63f9afea8692d6ec7981c6699dc2c2b63bdfc9b7b0fa712e,2024,4685241,BJ,Allen Jr.,DB,Texas,North Texas,defensive_tot,2024,1,1,0.7780141722245145,0.8735440931780366,0.0492777077331675,0.01599109637016509
f5bcc3a2bf20987760fc28eff7078740b2448b785b680efaa6d936699dc33ac6,2024,4569654,Bryan,Massey,DB,SMU,Houston,defensive_tot,2024,1,1,0.91310390378565,0.8735440931780366,0.007550931537293575,0.01599109637016509
13da868438523a7a5fe82a859f0cdb958b7ef35764d48af9d34f9508dfed3836,2024,4430706,Nick,Session,DB,Oklahoma State,New Mexico State,defensive_tot,2024,1,1,0.8822014375728183,0.8735440931780366,0.013876501309910617,0.01599109637016509
7855b5246040c02a0c997433b999bf71351c95050c44f4d5f636039846ba2a21,2024,4430859,Lorando,Johnson,DB,Arkansas,Baylor,defensive_tot,2024,1,1,0.9599466329573875,0.8735440931780366,0.0016042722114502396,0.01599109637016509
3be5445fbf562e6602730f9186fe2a444b78b5abb27cb4482c18ba6420ee31b2,2024,4870979,Ryan,Robinson Jr.,DB,LSU,Iowa State,defensive_tot,2024,0,0,0.8760996365594673,0.8735440931780366,0.7675505731796307,0.7630792827262383
431dbd4492c70bf61bbe635ec643bf36be138523b58781f3bd7d3d84bb304681,2024,4682505,De'Shawn,Rucker,DB,Tennessee,South Florida,defensive_tot,2024,1,1,0.8751761247927932,0.8735440931780366,0.015580999821744346,0.01599109637016509
39f5919ce223e918d0091eb78670d0bf4b1aa1db0d9ea1f2bd7f6f74cf8a35d4,2024,4582172,Cedarius,Doss,DB,Austin Peay,Indiana,defensive_tot,2024,1,1,0.9684680642147815,0.8735440931780366,0.0009942629743631439,0.01599109637016509
1347ba5e65d51d9d2ae3e83104c2860e0866750963540c3e874ee2932143f879,2024,4373812,Bryan,Addison,DB,Oregon,UCLA,defensive_tot,2024,1,1,0.8831936127520436,0.8735440931780366,0.013643732101919562,0.01599109637016509
60fefa5d612370b3c8e9453a7da9b2ae3cd48beb54313acc1fefa79b7c4bc47e,2024,4432265,Dominick,Hill,DB,Temple,Liberty,defensive_tot,2024,0,0,0.9597633642240798,0.8735440931780366,0.9211457153067237,0.7630792827262383
79de34e8af0f2ed9f2df22a07e8c00aa3eebe4f55c6e0ee01b69f228147a30d1,2024,5081921,Jordan,Wright,DB,Kansas State,UConn,defensive_tot,2024,1,1,0.9153178449325637,0.8735440931780366,0.007171067386865321,0.01599109637016509
b1cb3c708e3e141759324dba8e78303985a189856dd77643e46ffdb63b8ed1d2,2024,4876751,Deontre,Morris,DB,Kennesaw State,Georgia Southern,defensive_tot,2024,1,1,0.906652156627184,0.8735440931780366,0.008713819862355785,0.01599109637016509
bf2c369f5e727400b70910417c5b36160dcd92bef4313a9f905ac1db6db47488,2024,4966464,Will,James,DB,Mississippi State,Southern Miss,defensive_tot,2024,1,1,0.7829349136604956,0.8735440931780366,0.047117251707576496,0.01599109637016509
135a6298895c3b315730627125cb15a408fe486873e55b57b0ebeefcf1a7c867,2024,4875378,Oliver,Bridges,DB,Cincinnati,Buffalo,defensive_tot,2024,1,1,0.8836072814189239,0.8735440931780366,0.013547264938693586,0.01599109637016509
8b04c80b30c93383e2addbf52dfd7d3b10c179a22e8caae7c09b5467100c9134,2024,4431430,Christopher,Townsel,DB,South Florida,Kennesaw State,defensive_tot,2024,1,1,0.9233393521474558,0.8735440931780366,0.005876854929171794,0.01599109637016509
972c0be93b779d8dac831666b4b670609db17358aee94d8c45c2d3b6ea72278f,2024,5078914,Tamarcus,Cooley,DB,Maryland,NC State,defensive_tot,2024,1,1,0.8734177122595634,0.8735440931780366,0.016023075569602675,0.01599109637016509
baac0a5af295076cb229081efed3676679d6908972b83fc9b3efd2eaa4aa159b,2024,4921501,Jaden,Milliner-Jones,DB,Colorado,SMU,defensive_tot,2024,1,1,0.9406240590770305,0.8735440931780366,0.0035255023604879635,0.01599109637016509
924f59eae2e9b6f524cff7898b2559926e52e29288d89240fb6b94ef96e4a1fc,2024,4709783,Torrie,Cox Jr.,DB,Ohio,Illinois,defensive_tot,2024,1,1,0.9211313196777396,0.8735440931780366,0.006220268735774898,0.01599109637016509
82decf4b2f795b12339f9b4f9120be98d1c5939fdfe718178a7625093f264f89,2024,4565353,Tamon,Lynum,DB,Nebraska,Pittsburgh,defensive_tot,2024,1,1,0.860811782360051,0.8735440931780366,0.01937335992978582,0.01599109637016509
37f3fa2f8147f9c36a09e5debda7c78ce22169373713781d02a2f123bd1a1c54,2024,4686360,Jordan,Grier,DB,Indiana,Memphis,defensive_tot,2024,1,1,0.9079832785958439,0.8735440931780366,0.008467077017970073,0.01599109637016509
8a6c01bc41c5e02b8119cbc97eaaf756207bc304372e6c1b54613c24b1b82460,2024,4905601,Gavin,Gibson,DB,Maryland,East Carolina,defensive_tot,2024,1,1,0.8971454535854599,0.8735440931780366,0.010579057718140775,0.01599109637016509
ec5b447a8648246c1667462de6d6baad6200957799061124db895a2f25db3470,2024,4694235,Owen,Goss,DB,Colgate,Arizona,defensive_tot,2024,1,1,0.9671577764792557,0.8735440931780366,0.0010786116457865292,0.01599109637016509
cfb3768e8a47c19a57be635e2204ffcdfa375fe4cd6e7215acd3959e3d5d70ce,2024,4694705,Alex,Oliver,DB,VMI,Liberty,defensive_tot,2024,1,1,0.9014326232763814,0.8735440931780366,0.009715527754175748,0.01599109637016509
29a81c298fcfc23750cee82d809334c1b600f62ffb2febc1b36cd88d52ca51a3,2024,4912258,Zach,Morris,DB,New Mexico,UTSA,defensive_tot,2024,1,1,0.9752306193696866,0.8735440931780366,0.0006135222168093457,0.01599109637016509
7fa597f83e65f84b97f5cc525a7ddbb01b82d8dce338982fa50c8555935307dd,2024,4601078,Derrick,Edwards,DB,Louisville,Charlotte,defensive_tot,2024,1,1,0.8829224351395563,0.8735440931780366,0.01370715619365141,0.01599109637016509
ffc3fec25cbbab3ddf9f8da5d029a6512a9cb30409cd2c7a6966ee7e3d113cfa,2024,5152179,Ja'Maric,Morris,DB,UCF,Georgia State,defensive_tot,2024,1,1,0.7829349136604956,0.8735440931780366,0.047117251707576496,0.01599109637016509
d8182563baeb5b54f9fe17affc6caf93246be91ba3d3b5bf686e688d3e51cbe1,2024,4683717,Ryan,Barnes,DB,Notre Dame,Massachusetts,defensive_tot,2024,1,1,0.7829349136604956,0.8735440931780366,0.047117251707576496,0.01599109637016509
47452e9b7a7ce4b915ad78a12ff5c49e93ed4b7005fa8498abdb273af524e041,2024,4685591,Larry,Turner-Gooden,DB,Texas,San José State,defensive_tot,2024,1,1,0.7829349136604956,0.8735440931780366,0.047117251707576496,0.01599109637016509
2d5fb951368c57c8f7b704f8e5b61d137d4af5c9b2e2c05190809b93bbd174b6,2024,5084774,Zeke,Blake,DB,Youngstown State,Toledo,defensive_tot,2024,1,1,0.8820429311857296,0.8735440931780366,0.013913870083254516,0.01599109637016509
a7abf2e90a45a787f4f4fc5582e82d0bb76751f7b141169b1a4225294ed7c11a,2024,5151144,Lardarius,Webb Jr.,DB,Oklahoma State,South Alabama,defensive_tot,2024,1,1,0.7877763312094191,0.8735440931780366,0.045038885594934165,0.01599109637016509
cfd7aec29cfa625c0e3510eadeb909ca65acc3788eca0a6ba76de0ae6fa80655,2024,5086219,Jarvarius,Sims,DB,Central Michigan,UConn,defensive_tot,2024,1,1,0.943913463845085,0.8735440931780366,0.003145699537856586,0.01599109637016509
5fd3e1c254d9a6ad86bf4d0ccda82fa4e05450f3bab20561e5da23f89400b784,2024,4910798,Xavier,Smith,DB,Austin Peay,UTEP,defensive_tot,2024,1,1,0.8734177122595634,0.8735440931780366,0.016023075569602675,0.01599109637016509
6010ac942acc0ffdfbc3bf626936cd09fc9839a51577f8b0009bd1c6bf63f9b7,2024,5095116,Jam,Jackson,DB,Robert Morris,Virginia,defensive_tot,2024,1,1,0.8780230587716188,0.8735440931780366,0.014878374191431964,0.01599109637016509
5f42cbcb898480bcb6388a4745c00611f55d85f35e70fdd5b0c9ae515dc5cd06,2024,5150900,Kekoura,Tarnue,DB,Jacksonville State,West Virginia,defensive_tot,2024,1,1,0.9895149550867112,0.8735440931780366,0.00010993616683368402,0.01599109637016509
a16fd257e566f2e71077ae430d5211ca95c2de198a92ae7345f0924b96d61080,2024,4712326,Isaiah,Taylor,DB,Arizona,Miami,defensive_tot,2024,1,1,0.8911046917267016,0.8735440931780366,0.011858188163936693,0.01599109637016509
a42f05c898890c09810087f65d10309ac762746ad134911a4e5fbf49c9120cef,2024,5153732,Jevon,McIver Jr.,DB,Austin Peay,TCU,defensive_tot,2024,1,1,0.8957722453077053,0.8735440931780366,0.010863424848197165,0.01599109637016509
daa2b9bfe14d83a7563c3aabffe3924caef6ab03f4020236d4ab2101b9355ab2,2024,5088802,David,Spruiells,DB,Northern Arizona,North Texas,defensive_tot,2024,0,0,0.8793604713369398,0.8735440931780366,0.773274838549925,0.7630792827262383
37db9d87e74ce9be308ade1b7e90b80400b81d6c72d48dd39102a6817da38e2e,2024,4607937,Devin,Lafayette,DB,Northern Illinois,Troy,defensive_tot,2024,1,1,0.9094191523824194,0.8735440931780366,0.00820488995511935,0.01599109637016509
14bff7cb5d174302b31d0a2e2fc6c9028aaf8ccd044646a1db639cfa61b32a58,2024,4569308,Justin,Harris,DB,Cincinnati,Texas State,defensive_tot,2024,1,1,0.9660374319459551,0.8735440931780366,0.0011534560288256278,0.01599109637016509
215a46729f54d0f37940e81eade95bc52b111b578ccf8a94bc03c1609325b454,2024,4430550,Keyshawn,Swanson,DB,Troy,Western Kentucky,defensive_tot,2024,1,1,0.937278416579543,0.8735440931780366,0.003933997026769343,0.01599109637016509
00880eb78b05d31966e001cfb6dbfdbf07cd957e628e1cce8dfe467986608067,2024,4701950,Jaylen,Lewis,DB,Arkansas,Temple,defensive_tot,2024,1,1,0.8772760832243078,0.8735440931780366,0.015061159748767016,0.01599109637016509
d333b6db5d27f06cb99027adc164267562943989290439a080c4113c9509f06d,2024,4611517,Demarko,Williams,DB,Ole Miss,Western Kentucky,defensive_tot,2024,1,1,0.9172146449037523,0.8735440931780366,0.006853415018411831,0.01599109637016509
b84b113ec3570d10e5b8a5e7bef0c631ea90ef759314870d9c262d616d942d81,2024,5159134,Reggie,Akles,DB,New Mexico State,UConn,defensive_tot,2024,0,0,0.9656395333576154,0.8735440931780366,0.9324597083831133,0.7630792827262383
35b24eede545381149d756159571fc628ff53dd2c4bdf949eadfa3f6e40434e8,2024,5220758,Patrick,Smith-Young,DB,North Texas,Old Dominion,defensive_tot,2024,1,1,0.7829349136604956,0.8735440931780366,0.047117251707576496,0.01599109637016509
be97defdf78701a8cb4bb595450a7e3713428c3e297e46a2c5e5c74b382c2109,2024,4893798,Devonte',Mathews,DB,Nicholls,Western Kentucky,defensive_tot,2024,1,1,0.9659239627294878,0.8735440931780366,0.0011611763160613384,0.01599109637016509
903a6f9128fd4b0e3bdcde9e595cc9314527140cc39f6dcd0a74cb27ea284e56,2024,4427939,Darius,McClendon,DB,Florida Atlantic,Bowling Green,defensive_tot,2024,1,1,0.9549544535986974,0.8735440931780366,0.0020291012505919102,0.01599109637016509
1b02cae079a77b72c74729548bfb225a355ad0c16342945b2f5743e07aac943c,2024,4426710,Kenyatta,Watson II,DB,Georgia Tech,Georgia State,defensive_tot,2024,1,1,0.8799207144108023,0.8735440931780366,0.014419034827612096,0.01599109637016509
e00345b58f126e650d9a1dfc58facadc3f9fad535fafcea8f1eda6dd688b7fa5,2024,4691828,Daymon,David,DB,Oregon,Akron,defensive_tot,2024,1,1,0.8922474314107403,0.8735440931780366,0.011610616037583127,0.01599109637016509
8e98c9b88a2d20433ceb5f168c682a335f7d4e97dcd8d727f28fec1fcc5ef74c,2024,4706856,X'Avion,Brice,DB,Texas,North Texas,defensive_tot,2024,1,1,0.8918390774528795,0.8735440931780366,0.011698785166244202,0.01599109637016509
bebfed4538adce29f6182ac14c1c830de47be7e6d74adaecf1067fd90d0652b9,2024,4694483,Leonard,St. Gourdin,DB,Dartmouth,Massachusetts,defensive_tot,2024,1,1,0.7780141722245145,0.8735440931780366,0.0492777077331675,0.01599109637016509
ce2dce690b47dbc58c2323202e8df8d76ce6c98ed343f33ed8edd7070c00cd9f,2024,4578630,Jacorey,Benjamin,DB,Texas Southern,Bowling Green,defensive_tot,2024,1,1,0.9664278528142352,0.8735440931780366,0.0011270890666626584,0.01599109637016509
094a3c0ba93bac6f035dd489cb9e7d1773916cc519031b48dfdec31feda82096,2024,4571166,Paul,Lewis III,DB,Cornell,Akron,defensive_tot,2024,1,1,0.9005913023956904,0.8735440931780366,0.009882089159385068,0.01599109637016509
92ce9b1dcf905cb088b10d93f25613138d5b0d290123df7f5fb3e84b3363dff8,2024,4597334,Xamarion,Gordon,DB,USC,Coastal Carolina,defensive_tot,2024,1,1,0.7829349136604956,0.8735440931780366,0.047117251707576496,0.01599109637016509
091e48963524bc81f2acc7f7bc1ade1c0cab3c03c467a77f6a9f42cd623ae000,2024,4809893,Elijah,Mc-Cantos,DB,Illinois,App State,defensive_tot,2024,1,1,0.8858588529325583,0.8735440931780366,0.013028201453871359,0.01599109637016509
3de4f1c1fe82a86cb8d5d36c1d8bc64254afe37a46b5afb9f7452b05751b9fcd,2024,5085759,Dalesean,Staley,DB,Northern Iowa,San Diego State,defensive_tot,2024,1,1,0.9411418168376865,0.8735440931780366,0.003464285725168445,0.01599109637016509
fe0a0b91428740917a78aa72a793da9e1bf92923a38f1c34de75a0670be80aa8,2024,4877563,Andreas,Keaton,DB,Western Carolina,Temple,defensive_tot,2024,1,1,0.8822340963319169,0.8735440931780366,0.01386880806676024,0.01599109637016509
3c5c9592491a74bb0dfb8a6b314eb8f6d8969549a07259e702e5eb0168be169b,2024,4708240,Jordan,Mahoney,DB,Massachusetts,Arkansas State,defensive_tot,2024,1,1,0.9441875043114185,0.8735440931780366,0.003115034674987927,0.01599109637016509
2dba59bc6cc013388acbf55d49420ebafe2c03eb556f604da241a98f3d92b2f4,2024,4569121,Will,Jones II,DB,South Florida,Old Dominion,defensive_tot,2024,1,1,0.9081636082487495,0.8735440931780366,0.008433922849889145,0.01599109637016509
f065e0ece691325c2cee4bb6d224f1bea03ee465d46e92945435b16380140b61,2024,4875631,Jerrae,Williams,DB,UNLV,Washington State,defensive_tot,2024,0,0,0.8827988211197111,0.8735440931780366,0.7793337585703517,0.7630792827262383
2246461c81ef040c694f431d404a2b9b7dde51e385a20233da0686b5745fb6a4,2024,4565881,Jordyn,Morgan,DB,UNLV,Louisiana Tech,defensive_tot,2024,0,0,0.7780141722245145,0.8735440931780366,0.6053060521821966,0.7630792827262383
e0ee2bb9aa4cb6546d071bded263e37a6e9de55933fea6ad2850b1812a51e6e0,2024,4877892,Angelo,Rankin Jr.,DB,Richmond,Old Dominion,defensive_tot,2024,1,1,0.9071429739480907,0.8735440931780366,0.008622427287204956,0.01599109637016509
08d84a973f11323f2439f0633d27df92454fe4638f5c884bdd1240078353fe01,2024,4695118,Jordan,Vincent,DB,New Mexico State,Utah State,defensive_tot,2024,1,1,0.9285430136850349,0.8735440931780366,0.005106100893217111,0.01599109637016509
094c8e2c3afa0beff046a24be3919b488fde1921aa8762fa6dde788b54f9307d,2024,4920129,Jack,Tchienchou,DB,Troy,Tulane,defensive_tot,2024,1,1,0.8836072814189239,0.8735440931780366,0.013547264938693586,0.01599109637016509
0ff325e5cd2c39019b43029eb310fff97dfeb668f8f574bba4324bea15454302,2024,4912282,Carl,Fauntroy,DB,UAB,UL Monroe,defensive_tot,2024,1,1,0.7877763312094191,0.8735440931780366,0.045038885594934165,0.01599109637016509
1a6d0eb822f582a70c4e2f3fd5da788c286b529b438345793708de500e98740f,2024,5082935,Keyshawn,Cobb,DB,West Virginia,Nevada,defensive_tot,2024,1,1,0.8803349233234422,0.8735440931780366,0.014319730576006455,0.01599109637016509
b5f810d46bf11e9a2639722871e9f7a82d04b2f43f61d11fcdcc6e52dfbe33dd,2024,4567101,Brandon,Turnage,DB,Tennessee,Ole Miss,defensive_tot,2024,1,1,0.8986996622457436,0.8735440931780366,0.010261758429126425,0.01599109637016509
3764e036b2b986e53c560567a5e99a46973dd65333acfbecb699be00319e0418,2024,5151162,Mason,White,DB,TCU,Oregon State,defensive_tot,2024,1,1,0.8751761247927932,0.8735440931780366,0.015580999821744346,0.01599109637016509
ae95304783472ef4073faab9a3248a9f16dcb9418af37f9880f4681ffa34d0e4,2024,4921434,Collin,Gill,DB,Oregon,Georgia,defensive_tot,2024,0,0,0.7780141722245145,0.8735440931780366,0.6053060521821966,0.7630792827262383
61058ea0802d4969b4d8bac98490520e695b986a25d14815376fa94cd5abdc08,2024,4428129,William,Nimmo Jr.,DB,UCLA,San Diego State,defensive_tot,2024,1,1,0.8994695265898927,0.8735440931780366,0.0101063760840603,0.01599109637016509
74d02e40f36a77a1de384a408de5aa0089aaadcfcd3ae4d2b99563af8cc5cb42,2024,5095810,Jason,Chambers,DB,North Carolina Central,App State,defensive_tot,2024,1,1,0.980946005862449,0.8735440931780366,0.0003630546925938296,0.01599109637016509
1d5e65334621d2942b5693cdcd263b89ef9acbd045ae8d6fcf40646f3433be81,2024,5151473,Bennett,Walker,DB,Eastern Michigan,San Diego State,defensive_tot,2024,1,1,0.9737664828681898,0.8735440931780366,0.00068819742110498,0.01599109637016509
863f3d2d3481f4fe1bf7aa6ff8c9456f706abcd4b7109f9ae7d38cb6801518b8,2024,5081860,Treyveon,McGee,DB,Iowa State,Charlotte,defensive_tot,2024,1,1,0.8843208026654885,0.8735440931780366,0.01338167669595685,0.01599109637016509
8ca4c93f8849446a0725b4fe3b11c66571c4702d2026e5103f0d753b85067133,2024,5086247,Kent,Robinson,DB,Texas A&M,Western Kentucky,defensive_tot,2024,1,1,0.9370510956457285,0.8735440931780366,0.003962564559403218,0.01599109637016509
79f001f3a94ac4716fdee0c5f6479204f76f570d1f46b8f35c9afa9ba9720294,2024,5081859,Blake,Thompson,DB,Iowa State,Louisiana Tech,defensive_tot,2024,1,1,0.9176566997307618,0.8735440931780366,0.006780419099229923,0.01599109637016509
d9e94b7c885624e39d5773b621621d312a8d084e13ada972b4fb7b4c5f3d4fb5,2024,4572880,D'Marco,Augustin,DB,Youngstown State,South Florida,defensive_tot,2024,1,1,0.8820429311857296,0.8735440931780366,0.013913870083254516,0.01599109637016509
1bf865f6042c0220648d51e70e21249e3ac38c3581cad4199bed8d8e0750d85e,2024,4713357,Dillion,Williams,DB,North Texas,UTEP,defensive_tot,2024,1,1,0.7877763312094191,0.8735440931780366,0.045038885594934165,0.01599109637016509
dddc07b654fc1ddb27a21772cf6711ee6e23fe607af05f484a348c021cb4e763,2024,4428267,Cecil,Powell,DB,NC State,Troy,defensive_tot,2024,1,1,0.8844766490286613,0.8735440931780366,0.013345644619647103,0.01599109637016509
1d5a40d8683283a726304c92694e34df88bf4fb9fb50af15c406cfc8f07625d9,2024,4567157,Malik,Chavis,DB,Arkansas,UNLV,defensive_tot,2024,1,1,0.8508167696640689,0.8735440931780366,0.02225563621346346,0.01599109637016509
cdfb879d17eb36d7a0c95d6b7db9d404e96b76e649835ac8a7e6aaa59d1bbb6f,2024,4890893,Lu,Tillery,DB,UL Monroe,Tulane,defensive_tot,2024,1,1,0.9539281382200139,0.8735440931780366,0.002122616447874146,0.01599109637016509
e442a125f46293f79a7d0b16363851e50fa5bf65005f4b2254e949c0caa0536e,2024,4429155,Lejond,Cavazos,DB,North Carolina,Michigan State,defensive_tot,2024,1,1,0.7780141722245145,0.8735440931780366,0.0492777077331675,0.01599109637016509
0c720808592050159d0c8ea9c4164d7d0fb99d5d86b896a385906eb150a926de,2024,4683452,Herman,Smith,DB,Idaho State,Colorado,defensive_tot,2024,1,1,0.9010991908808218,0.8735440931780366,0.009781370044428122,0.01599109637016509
56625fe7459376dce333632063999fbc5184e383f11b1be997089d60de254106,2024,4696713,DJ,Warnell Jr.,DB,Arizona,Indiana,defensive_tot,2024,1,1,0.7789166669935723,0.8735440931780366,0.048877840133230994,0.01599109637016509
b8167f8d2fab3905b423d77a89da6f1c05670a46ca8aa88debfa6381cf848447,2024,5086869,Jamel,Johnson,DB,Charleston Southern,Temple,defensive_tot,2024,1,1,0.9018739880919162,0.8735440931780366,0.009628714212985402,0.01599109637016509
b9e302c1d1c1b994f98f1a2f5077a6fcd537edcdad92674cb02fd2e8d6991f75,2024,4912251,Jermarius,Lewis,DB,New Mexico,UTSA,defensive_tot,2024,1,1,0.9743511780282861,0.8735440931780366,0.0006578620685366748,0.01599109637016509
e6c1f54e0b8a65cc3f001d759aba4615152814abecd57b3edf74f37e43d37332,2024,4711115,J.J.,Dervil,DB,New Mexico State,Northern Iowa,defensive_tot,2024,1,1,0.9672661078192902,0.8735440931780366,0.0010715076972983321,0.01599109637016509
68ebbd374ebfa07ddf7d7c04e9864ae78c641cf8a98dd730453cf5e9150dd281,2024,4603086,Andrew,Wilson-Lamp,DB,West Virginia,East Carolina,defensive_tot,2024,1,1,0.8872266277636324,0.8735440931780366,0.012717833485562333,0.01599109637016509
7263cdfe776ecf25d9013b7d1631dd07c1aaa079913b1223a91c048b4d5dddf7,2024,4682916,Malcolm,Folk,DB,Syracuse,Kent State,defensive_tot,2024,0,0,0.8813172454317872,0.8735440931780366,0.7767200870954731,0.7630792827262383
952e4a39768af0923e162f60d34e9ef3b9cc7053652d00e526d6ac0286898d80,2024,4570448,Jaylon,Shelton,DB,Texas State,UTEP,defensive_tot,2024,1,1,0.8798875014499717,0.8735440931780366,0.01442701230793054,0.01599109637016509
23f1645254ac54fa65bbfecc829301f556f0c7dac6bae9b8797f449cdad3ef62,2024,4693215,Yessman,Green,DB,Jacksonville State,UTEP,defensive_tot,2024,0,0,0.884042673094315,0.8735440931780366,0.7815314478517418,0.7630792827262383
bf8d07c525cf5abc17e562bea1db178175c6ed914e16c50728b878e651fd57bf,2024,5150549,Charles,Yates Jr.,DB,Old Dominion,Liberty,defensive_tot,2024,1,1,0.7925383790804426,0.8735440931780366,0.04304032415457015,0.01599109637016509
67d82b068f261ec4159b892da009e057076599c2863052e0eff9261adc823b8b,2024,4876276,Dustin,Johnson,DB,Northern Colorado,Ohio,defensive_tot,2024,1,1,0.8827229224697751,0.8735440931780366,0.013753912914030376,0.01599109637016509
a8aa72bfbd9bfe410607f8474a8efe3eb8f6268eaf3fe6dc6dd126b92f267bcc,2024,5081095,Javier,Morton,DB,Nebraska,Temple,defensive_tot,2024,1,1,0.7877763312094191,0.8735440931780366,0.045038885594934165,0.01599109637016509
fc6b54115e508c57a14ca1fdbcd561320ba0f3499df25a5019ad626d7a35e153,2024,4567036,Isaiah,Essissima,DB,Nevada,Colorado State,defensive_tot,2024,1,1,0.9034139681533485,0.8735440931780366,0.009328861547882376,0.01599109637016509
f60648a044d92ecaa020f0c944b494c416b0ceba2a87da4ffb9b8251b45cf9ef,2024,4885090,Ryan,Raybuck,DB,Saint Anselm,Western Michigan,defensive_tot,2024,1,1,0.7925383790804426,0.8735440931780366,0.04304032415457015,0.01599109637016509
aec00a364d6887f208337327ce0cb93b7ad7dd79fffa0ee718ec817548cdaa0c,2024,5157389,Sterling,Smith,DB,Holy Cross,Purdue,defensive_tot,2024,0,0,0.8890307088034367,0.8735440931780366,0.7903756011955411,0.7630792827262383
594e785ad03bfc1809561d36b5b6f146cb93dd9e7de0984f42c048817e2b859a,2024,4563006,Seth,Robertson,DB,Georgia Southern,App State,defensive_tot,2024,1,1,0.9140385809383024,0.8735440931780366,0.007389365567100793,0.01599109637016509
f37daafcda2e38ed4c93e762714cfd40a2782f10ab5a6f12574dcec8f29fb612,2024,4432794,Jaylen,Dotson,DB,Monmouth,Kent State,defensive_tot,2024,1,1,0.8847218220990386,0.8735440931780366,0.013289058300165704,0.01599109637016509
e842a7230f7b2d15d433d08080166d303dc15418b17a07b0ae29ae52ac1b2a5a,2024,4695814,Kourtlan,Marsh,DB,Samford,Memphis,defensive_tot,2024,1,1,0.8963971658373513,0.8735440931780366,0.01073354724653329,0.01599109637016509
98a09627ad8f0ad8a3a00726d3ba1890be7f864605fea0ca3540304034cea842,2024,4874457,Robert,Rahimi,DB,Liberty,San José State,defensive_tot,2024,1,1,0.7925383790804426,0.8735440931780366,0.04304032415457015,0.01599109637016509
20083797ee564ae7394e06211767f3683b506885673a74449fbde9afd3497ab3,2024,5076959,AJ,Tisdell,DB,Wisconsin,Incarnate Word,defensive_tot,2024,0,1,0.7780141722245145,0.8735440931780366,0.6053060521821966,0.7630792827262383
3ba59341ba29bb8c2fb464f617ff2fe3a00002cd18d907823ddbacc05e24913f,2024,4565357,Brenden,Deasfernandes,DB,Iowa,Central Michigan,defensive_tot,2024,1,1,0.8910125122418414,0.8735440931780366,0.011878272487834768,0.01599109637016509
aa85af6b6fd66bc82ed9b1d1198ab204191e2bb097e63cac6d06104c4b2eaa52,2024,4362791,Brendon,Harris,DB,Wake Forest,Middle Tennessee,defensive_tot,2024,1,1,0.8798875014499717,0.8735440931780366,0.01442701230793054,0.01599109637016509
e11fb25ee3eb879b47f861114806786d23362e9e1ff177a808ce6a418f573d74,2024,4695286,Ivan,Yates,DB,Furman,Colorado,defensive_tot,2024,1,1,0.8831704709968711,0.8735440931780366,0.013649138847092944,0.01599109637016509
dce506409e5b0e9118589b3b3726b1aa7d7cb0fdbab66b8d2fad2cd53eddd347,2024,4428727,George,Udo,DB,Cincinnati,Ball State,defensive_tot,2024,1,1,0.882889941930911,0.8735440931780366,0.013714765700945404,0.01599109637016509
da74010963981f292dbcd3e827cfe3c2c22e27f8d4687dabab3cb5d1e4c9f764,2024,4690803,Jai'Onte',McMillan,DB,TCU,Minnesota,defensive_tot,2024,1,1,0.8740226852999137,0.8735440931780366,0.015870283819044588,0.01599109637016509
81984a85366b2d39f17e6d143dca82e35e16ff8c287bf95594ab814da6cb0368,2024,4694754,K-Shawn,Schulters,DB,Villanova,Monmouth,defensive_tot,2024,1,1,0.7623484754183979,0.8735440931780366,0.05647824713595983,0.01599109637016509
9be616890d7b3ca6b8c7aeeac66770c58fa5b33c0618bc526b7063cbbc18dba2,2024,4686804,CJ,Brown,DB,Northern Illinois,Bowling Green,defensive_tot,2024,1,1,0.8976403550805737,0.8735440931780366,0.010477496908031032,0.01599109637016509
f4862a412651710fdcf45df032c72ee1c3c3af34b177c4b0fb16a0f4c0658e62,2024,4877862,Kahzir,Brown,DB,Maine,Florida Atlantic,defensive_tot,2024,1,1,0.8309898286255729,0.8735440931780366,0.028564438028013214,0.01599109637016509
0541ef4bf0047a931fab12b5e4659c756410f1878110327c718008246bec1112,2024,5118340,D’Angelo,Ponds,DB,James Madison,Indiana,defensive_tot,2024,1,1,0.992601145533803,0.8735440931780366,5.474304741196382e-05,0.01599109637016509
d9929d430ec2c903f87876e6dbaae380adb693ca2c07f2a97efb446b2dc7261a,2024,4573450,Antonio,Carter II,DB,Notre Dame,Jacksonville State,defensive_tot,2024,1,1,0.8900685333871271,0.8735440931780366,0.012084927351657188,0.01599109637016509
4a648fea0fa8ee65026bf8a06cbed1eff10b5d2c5b4924bcc25305aca2ca40bf,2024,5082398,Brent,Austin,DB,James Madison,South Florida,defensive_tot,2024,1,1,0.9748352802585625,0.8735440931780366,0.0006332631196650954,0.01599109637016509
e7efaee2f4d25ca172a04aa3c11a699fe88b829f39cf4139825e3f8d446309d5,2024,5099542,Wydett,Williams Jr.,DB,Delta State,UL Monroe,defensive_tot,2024,1,1,0.7925383790804426,0.8735440931780366,0.04304032415457015,0.01599109637016509
f849dfaaf051231ac856b58e93d4d3a01023754c019f8e55a0043c7794712261,2024,4431240,Faybian,Marks,DB,Utah,Rice,defensive_tot,2024,1,1,0.903991983057195,0.8735440931780366,0.009217539317289938,0.01599109637016509
0e3515c8da09ab19df2c22f82dd099034a99179434a9312f43500d674bcdca14,2024,4882735,Ja'kai,Young,DB,Gardner-Webb,James Madison,defensive_tot,2024,1,1,0.9468012906029771,0.8735440931780366,0.0028301026815088894,0.01599109637016509
3b3eddef213b6bdeb8364bbab5ffb6f3df742aa6964668689a1602c8e0e45651,2024,4427414,Nyquee,Hawkins,DB,Virginia Tech,Sam Houston,defensive_tot,2024,0,0,0.7623484754183979,0.8735440931780366,0.5811751979727556,0.7630792827262383
e7a7eb5a965fc60dc0a292caaf424023d6abc9a3bcf11dd09b0ec3019d3208e8,2024,4430570,Dominic,Tatum,DB,Washington State,New Mexico,defensive_tot,2024,1,1,0.7925383790804426,0.8735440931780366,0.04304032415457015,0.01599109637016509
b6691c81eeac9e52ad0171a3a56d5e22f82194b4e1ff810be64802a2cb48f8e3,2024,4876754,Chance,Gamble,DB,Kennesaw State,Georgia Southern,defensive_tot,2024,1,1,0.7925383790804426,0.8735440931780366,0.04304032415457015,0.01599109637016509
b7a6e610ac2304459c5f463ebae45bdce144985ebbfe46d1d20aa48752095799,2024,5157272,Derrick,Maxey III,DB,Coastal Carolina,Georgia State,defensive_tot,2024,1,1,0.7972210773573407,0.8735440931780366,0.0411192914681176,0.01599109637016509
f80671c71742b78d351fde9c21151fa9a51b6a3d3fdcf4aa1b8217f95d9b3cf4,2024,4695280,Micah,Robinson,DB,Furman,Tulane,defensive_tot,2024,1,1,0.8819662285790905,0.8735440931780366,0.013931971195843522,0.01599109637016509
8008e75b49dadf33af132f6e46b8352f168ca44ad7399dd31a5a80e30afb96aa,2024,4578350,Jaylon,Jimmerson,DB,Liberty,Sam Houston,defensive_tot,2024,1,1,0.9090560179764314,0.8735440931780366,0.008270807866303163,0.01599109637016509
4d6b436519cf3cc9de8dab82a4dc37ba5384e00cb2ff9729e96af0fc4ade5d93,2024,4602899,RJ,Regan,DB,Arizona State,Fresno State,defensive_tot,2024,1,1,0.8837962453292083,0.8735440931780366,0.013503312599589543,0.01599109637016509
6722bca75084a486c951f59fa23499d41e72a33d32e1e55e10eaa6ad11ec305f,2024,4568507,Adrian,Cole,DB,Florida International,Arkansas State,defensive_tot,2024,1,1,0.9343961920118835,0.8735440931780366,0.004303859622541657,0.01599109637016509
f14a4bd66394836dc1dd6fdb10c0d8f2076e88cc434d04f537fd8ec2befddeb0,2024,4869254,Tariq,Watson,DB,Minnesota,UAB,defensive_tot,2024,1,1,0.8938301035653612,0.8735440931780366,0.011272046908941931,0.01599109637016509
4885ed13ca776b3f1fa01bd82f2b39cc6a758c395d42004f17999764c67f6c2b,2024,5159343,Trez,Moore,DB,UTEP,Texas State,defensive_tot,2024,1,1,0.9009489275967274,0.8735440931780366,0.00981111494423835,0.01599109637016509
5cd79e3a14cb29f2411729cded19d51f068a23280c78505503a26bf2f074c111,2024,4784594,CJ,Clinkscales,DB,Boston College,Charlotte,defensive_tot,2024,1,1,0.9039858980822528,0.8735440931780366,0.009218707767071541,0.01599109637016509
c1f709f162dd410a0caded7cbb77c1402084aa44dc6d8c50493e4530389358cc,2024,4923253,Jason,Duclona,DB,UCF,Liberty,defensive_tot,2024,0,0,0.7730142206972987,0.8735440931780366,0.5975509854002521,0.7630792827262383
76c739f92ee887341ccc5cfb313ae604e9469e946fa91a0df114e1c8ca3b60a5,2024,5084728,Edward,Rhambo,DB,Northern Arizona,Bowling Green,defensive_tot,2024,1,1,0.7780141722245145,0.8735440931780366,0.0492777077331675,0.01599109637016509
3ff8663b4a64d905a792f9fdee95ed00dc8dec97d1b0bdb1fb0fb05b34f2bc74,2024,4877252,Blake,Ruffin,DB,Eastern Illinois,Louisville,defensive_tot,2024,0,0,0.9773075277379228,0.8735440931780366,0.9551300037732108,0.7630792827262383
c18767f62fdb38a0c1895c560faa660051f0810a427ada9b97f7c75a565cade5,2024,4868341,Champ,Lewis,DB,TCU,Tulsa,defensive_tot,2024,1,1,0.7623484754183979,0.8735440931780366,0.05647824713595983,0.01599109637016509
023afccdb26c1731191332f4ce5bb8d7e369003005084d864b765c667551489a,2024,5151202,Da'Marcus,Crosby II,DB,Sam Houston,New Mexico State,defensive_tot,2024,1,1,0.9951091072884769,0.8735440931780366,2.3920831515629763e-05,0.01599109637016509
0b5fb768649dbc7aeb186e5e340d8be3c554181dffd0c55c9a6d982b818b1501,2024,4923291,Cameren,Jenkins,DB,UNLV,Baylor,defensive_tot,2024,0,0,0.9165567028674314,0.8735440931780366,0.840076189571217,0.7630792827262383
da8415dc4f9ad6d232fbf2f4896505513b1e4c8a8a7f618db1e49d424b0e6625,2024,4586334,Bryon,Threats,DB,Cincinnati,UCF,defensive_tot,2024,1,1,0.9868869878868658,0.8735440931780366,0.00017195108667920436,0.01599109637016509
f3518a2496ed6e291adce70b62f03878829b51431a5fb74417f619284abe5fbe,2024,5081861,Myles,Norwood,DB,New Mexico State,Ball State,defensive_tot,2024,1,1,0.7877763312094191,0.8735440931780366,0.045038885594934165,0.01599109637016509
caf783e1df7207c7f202ee1d9b3d9156c2b0d9cf462dc4683ed0f0c7d4582dbf,2024,5218970,Brennen,Bailey,DB,West Liberty,Massachusetts,defensive_tot,2024,1,1,0.7829349136604956,0.8735440931780366,0.047117251707576496,0.01599109637016509
e43c40a146094679a2d57f39364d10f0e3f1c71481f4a4876c9f973286960abc,2024,4831987,Jaden,Mangham,DB,Michigan State,Michigan,defensive_tot,2024,0,0,0.9878708066915651,0.8735440931780366,0.9758887307134436,0.7630792827262383
46d00b3f8261c4fd5ecd71eb82bb2e0c073e0d2db7b7437318a41f1aacf9688e,2024,5077694,Michael,Patterson,DB,Houston,Stephen F. Austin,defensive_tot,2024,1,1,0.7780141722245145,0.8735440931780366,0.0492777077331675,0.01599109637016509
5c34ac4064c9b6f79621327b0e5de7de0391ce14137465dd9e100715cf37d061,2024,4685371,Marquis,Groves-Killebrew,DB,Louisville,Arizona,defensive_tot,2024,1,1,0.7679352429451418,0.8735440931780366,0.05385405146693035,0.01599109637016509
3a0ae4524bfa1ccb61d6d3e88929571bd300b6b4631843dcf1f6f7448267d7c8,2024,4603193,Jardin,Gilbert,DB,Texas A&M,LSU,defensive_tot,2024,1,1,0.8531113216883572,0.8735440931780366,0.02157628381614127,0.01599109637016509
2ab26f4d1ff750c0db6d26c9bc6ea115a2553533d57b43711a1e25ee0f15d820,2024,4896318,Javan,Robinson,DB,Washington State,Arizona State,defensive_tot,2024,1,1,0.8802741872414542,0.8735440931780366,0.01433427024069436,0.01599109637016509
e46aea451634a0d4cbaa6a79ae9bd48eb8e6b88ba80fdd210ddd94c765cac512,2024,5089262,Brayden,Hall,DB,Notre Dame College,Coastal Carolina,defensive_tot,2024,1,1,0.8016514639188614,0.8735440931780366,0.039342141765530726,0.01599109637016509
96c639527c10f36f9455f6f2d3e9147c11ec989489cf3dabb7b5185456d932f6,2024,4794108,Austin,Ausberry,DB,Auburn,LSU,defensive_tot,2024,1,1,0.8704791458658265,0.8735440931780366,0.016775651655645842,0.01599109637016509
eed7bc4b49892918d1840f558a73b6896ed27ade8345843b75fa4a88f96fa455,2024,4870810,Jack,Luttrell,DB,Tennessee,Arizona,defensive_tot,2024,1,1,0.7730142206972987,0.8735440931780366,0.0515225440056546,0.01599109637016509
66bdd1a44ab4514c94fab06f70b776a85214f6c1bb1db3abc991a440558c5451,2024,4808758,Kajuan,Banks,DB,South Carolina,South Florida,defensive_tot,2024,1,1,0.9131931380511464,0.8735440931780366,0.007535431281407321,0.01599109637016509
757db4baf6da3350002e1a151f2ab07207195a4a34545f94a06c60c6da22106c,2024,5083172,Ormanie,Arnold,DB,Idaho,Cincinnati,defensive_tot,2024,1,1,0.9257736088652266,0.8735440931780366,0.005509557140892361,0.01599109637016509
942ce3545a80b49357948152bb5ddea1a3ca05081251e4ce88fb2a4f03044908,2024,4685294,Jyaire,Brown,DB,Ohio State,LSU,defensive_tot,2024,1,1,0.8654551597037389,0.8735440931780366,0.018102314050346412,0.01599109637016509
56aa40e62e799919200d4a2443ff120140223f54eaa35efb504af699552ee686,2024,4870821,Cole,Martin,DB,Oregon,Arizona State,defensive_tot,2024,1,1,0.8858824125800935,0.8735440931780366,0.013022823758540006,0.01599109637016509
3ebd258eaaa22ccbac448c36d4d897d545748772761e35c19013a9cb0f324d9a,2024,4891196,Jeremiah,Hughes,DB,LSU,Michigan State,defensive_tot,2024,1,1,0.874184804252605,0.8735440931780366,0.015829463480955312,0.01599109637016509
9e0bc620b05453e1a2c5c5affc732307985a7ddfd71585b7f020ad5e8c0617fb,2024,4430629,Jeremiah,Piper,DB,Western Michigan,Western Illinois,defensive_tot,2024,1,1,0.7896135694163601,0.8735440931780366,0.044262450173724745,0.01599109637016509
2ed6c20094758d7cb4c9ce1259ee948e790fd4a0687d26590ba995de18ab9d30,2024,4903471,Elijah,Reed,DB,Kentucky,Akron,defensive_tot,2024,1,1,0.8635849473345961,0.8735440931780366,0.018609066593704916,0.01599109637016509
1a1bdecbcac1012fa93ad76baa300eea993407c1fd502a2c3cf0dc4819bb3457,2024,4831962,Kye,Stokes,DB,Ohio State,Cincinnati,defensive_tot,2024,1,1,0.7679352429451418,0.8735440931780366,0.05385405146693035,0.01599109637016509
6274efa51969879798b05e31b570cace91d6a35ee57753c241a999d326470e62,2024,4880356,Kaleb,Hutchinson,DB,Coastal Carolina,Mercer,defensive_tot,2024,1,1,0.7896135694163601,0.8735440931780366,0.044262450173724745,0.01599109637016509
00d0b0639878571af489b661a0dd1a92608d2009174402b78c65d82d8508f530,2024,5218708,Danny,Saili,DL,BYU,Arkansas,defensive_tot,2024,1,1,0.8141398255523695,0.8817204301075269,0.03454400444570363,0.013990056653948434
c0ecd94be61e72811cbf2001d503cb8a9725759c698227e4a8e2efffcf9c340e,2024,4578889,Simeon,Barrow Jr.,DL,Michigan State,Miami,defensive_tot,2024,1,1,0.9778217978295657,0.8817204301075269,0.0004918726515126573,0.013990056653948434
3f6c92695f0c67d0cccec0c1e9a2f8271cd5edb7fdc5a4de18d6f29e505e2e09,2024,5091777,Eddie,Kelly,DL,Georgia Tech,Missouri,defensive_tot,2024,1,1,0.9659759475620072,0.8817204301075269,0.0011576361443032825,0.013990056653948434
36b0042f1863077c6cdcd0c3b94ddd80bc3c72d3fbf419d2c306a823e621952f,2024,4430782,Stephon,Wright,DL,SMU,Texas Southern,defensive_tot,2024,1,1,0.9165459095974672,0.8817204301075269,0.006964585204914121,0.013990056653948434
2b01c32951537fee6a51ecba5722c985ff9bc528f79dd795884dbcab99e01715,2024,4875369,Jernias,Tafia,DL,Washington State,Colorado State,defensive_tot,2024,1,1,0.8726400089089652,0.8817204301075269,0.016220567330708462,0.013990056653948434
ed1533abefdb5cea379a4a96b1a12bbd3561338091467141f4b5f00a583187cd,2024,4689267,Demarcus,Smith,DL,Ole Miss,UAB,defensive_tot,2024,1,1,0.8656987741509741,0.8817204301075269,0.01803681926455107,0.013990056653948434
a9477eb4bc8e624b2feb17b59c4115b91f256486b9ac06f0c605be8abdfede8f,2024,4698106,Stanley,Dennis II,DL,Rutgers,Sacred Heart,defensive_tot,2024,0,1,0.776934442120174,0.8817204301075269,0.6036271273525861,0.7774309168690022
63ae2d09617ad7df4ac1dea7bb83ec487396b928eb1384b2e39304d880e93838,2024,5081780,Zymir,Cobbs,DL,Temple,Houston Christian,defensive_tot,2024,1,1,0.9020443954174776,0.8817204301075269,0.009595300469127483,0.013990056653948434
a01ddb09a4495a817fe758fba08fc7844df26501f3ac074a31cb84818af55a88,2024,4875398,Denver,Warren,DL,New Mexico State,Sam Houston,defensive_tot,2024,1,1,0.8734876400325374,0.8817204301075269,0.016005377224536828,0.013990056653948434
5b881d99492d9549cfea33336ce4032054b04faa1d09bb5607f930e8ef80050b,2024,5089178,Jamaree,Caldwell,DL,Houston,Oregon,defensive_tot,2024,1,1,0.9786137150341088,0.8817204301075269,0.0004573731846423054,0.013990056653948434
1b4b9f07ad478ee644729d753e273e459744ecaf76adac42c553e88f7caf69c3,2024,4605861,Decarius,Hawthorne,DL,Florida Atlantic,South Florida,defensive_tot,2024,1,1,0.9298249460665122,0.8817204301075269,0.004924538194567918,0.013990056653948434
c78d73f999e5f71b69b911c81d798b2654b0f418966db5e6471227ef6102f608,2024,4892325,Joey,Slackman,DL,Pennsylvania,Florida,defensive_tot,2024,1,1,0.9346098689330863,0.8817204301075269,0.0042758692409481545,0.013990056653948434
9a0e1fa5a19357528de3134d2039e68604ab168d1522e0437bc6cf580e774558,2024,4429279,Marquis,Black,DL,Western Kentucky,Gardner-Webb,defensive_tot,2024,1,1,0.7759925827632592,0.8817204301075269,0.05017932297707527,0.013990056653948434
2fdd94e60400b2cef47a20a9c52f3f56791a0d2a7913ff5fb40288572fd39b6b,2024,4702919,Quincy,Wright,DL,Oregon State,Sam Houston,defensive_tot,2024,1,1,0.8692568108726252,0.8817204301075269,0.0170937815031965,0.013990056653948434
4b55758174f80cfd7a15225477b653f9ff84506f87c810827491072dd580f982,2024,4685582,Damonic,Williams,DL,TCU,Oklahoma,defensive_tot,2024,1,1,0.9853834769952855,0.8817204301075269,0.00021364274474734815,0.013990056653948434
059de4d8388ed9c182021d81a88f6ccf7058011c5a9c21104ed65f5df08e008e,2024,4869659,Corey,Warren,DL,Georgia State,Samford,defensive_tot,2024,1,1,0.88704807684802,0.8817204301075269,0.012758136943730795,0.013990056653948434
d4dfac4b8738b4932bbc9d1d085130aa6c681e1633ff3b18cac76369a43701b5,2024,4687092,Myles,Winslow,DL,Georgia Southern,McNeese,defensive_tot,2024,1,1,0.5221385413486925,0.8817204301075269,0.22835157366435524,0.013990056653948434
10df4ed7c3ec3ffabfe3c511db420aae08c4847e882226124326ba93c39ddf6f,2024,4433861,Xavier,McIver,DL,East Carolina,UT Martin,defensive_tot,2024,1,1,0.882765060324159,0.8817204301075269,0.013744031080798073,0.013990056653948434
b8e7f4188c469ca102347364bbf80c97a765114bb2168b32f887cd0ccd75a6aa,2024,4698572,Derrick,Shepard Jr.,DL,Cincinnati,UAB,defensive_tot,2024,1,1,0.8758149557772843,0.8817204301075269,0.015421925208597854,0.013990056653948434
acb38c32b931da892021ea9d60b0fc0f22f754dd3f886b4cd634c7da1accacf6,2024,4683645,Mike,Jarvis,DL,Wisconsin,Liberty,defensive_tot,2024,1,1,0.7759925827632592,0.8817204301075269,0.05017932297707527,0.013990056653948434
9092d00fae4402647f50df6969f64ae62375165e89277feb466e04a2b13f5e4d,2024,4572901,Chris,Fitzgerald,DL,Youngstown State,James Madison,defensive_tot,2024,1,1,0.8667271310339665,0.8817204301075269,0.01776165760243754,0.013990056653948434
5fe02c12f05982f802cba04b46dfff09cf816444d538112fb8c9ef75bc0528a6,2024,5151786,Sosefo,Moeaki,DL,Nevada,Portland State,defensive_tot,2024,1,1,0.7571239637927839,0.8817204301075269,0.05898876896372894,0.013990056653948434
1d4827c8183a3f51317a0ea4e1e1c3e0cb9dd2008293e36a342ab0d010efce81,2024,4597527,Poukesi,Vakauta,DL,Utah State,Colorado State,defensive_tot,2024,0,0,0.8724091954664637,0.8817204301075269,0.7610978043344424,0.7774309168690022
5e3b2d61d6fbd569a42352f30435646b64528e0ecb211dcd46396f66d909f6de,2024,5082028,Will,Prendergast,DL,Florida International,Colorado State,defensive_tot,2024,1,1,0.8895555461744917,0.8817204301075269,0.012197977380814828,0.013990056653948434
edd5f0b78da7b39502c991a97a9a7d1a62f0d96c9a7fb85608f03cc67ed95808,2024,5121424,Ty,Gordon,DL,Syracuse,William & Mary,defensive_tot,2024,1,1,0.7759925827632592,0.8817204301075269,0.05017932297707527,0.013990056653948434
dd52cf965f3f68977004a15014e44711055269701cfdf053e3b626de9312f833,2024,5150791,Rodney,Green Jr.,DL,North Texas,Northern Iowa,defensive_tot,2024,1,1,0.5221385413486925,0.8817204301075269,0.22835157366435524,0.013990056653948434
1d7f4b03474349b6f385685912eecce11e0cea66038776d7cf00556ac53bc685,2024,4682630,Donovan,Green,DL,Northwestern State,Eastern Michigan,defensive_tot,2024,1,1,0.8815335582678889,0.8817204301075269,0.014034297816667667,0.013990056653948434
fee44b90c84cf91e3266ebce2300fb6df61fed741cbcf38f0322f32bd0ff52b8,2024,4373912,Matt,Lawson,DL,Northwestern,New Mexico State,defensive_tot,2024,1,1,0.8723674164251631,0.8817204301075269,0.016290076389987716,0.013990056653948434
a6a443816681ca7bc83ca29d4a6b29ce229b1746a16acf93130ccf1964f37a8b,2024,4877134,Davion,Hood,DL,Temple,Austin Peay,defensive_tot,2024,1,1,0.9212885958377303,0.8817204301075269,0.006195485145196174,0.013990056653948434
2a34e22be438b5a11d7c92ba35c18545372fb7ac9430809044dd84f7b64229f8,2024,5220672,Collin,Vaughn,DL,Limestone College,Utah State,defensive_tot,2024,0,0,0.776934442120174,0.8817204301075269,0.6036271273525861,0.7774309168690022
81de0daf218da5fbfffc7f31bacec4ad91a925b32d53b08281688f43aa2459ea,2024,4574833,Devonta,Davis,DL,Jackson State,Florida Atlantic,defensive_tot,2024,1,1,0.8746300889687075,0.8817204301075269,0.015717614591994188,0.013990056653948434
3ef74511f82ff1b5291c958307d188c35c28c34a881ec4fef1c23b9fa06ab4b4,2024,4575679,Jalen,Rudolph,DL,UTEP,Grambling,defensive_tot,2024,1,1,0.9082806819653453,0.8817204301075269,0.008412433300742138,0.013990056653948434
e6eacb97e08f874fb4f4aaeaff0bc4b702934c799be7d92ff74d85dcc94244da,2024,5089193,Gabe,Kirschke,DL,Wisconsin,Colorado State,defensive_tot,2024,1,1,0.872970392886244,0.8817204301075269,0.016136521083475207,0.013990056653948434
ace51e828f0db81798876918c8f617c39a36cde94466c1f425692cb855e14dd8,2024,4428660,RaQuan,Thompson,DL,UTEP,Marshall,defensive_tot,2024,1,1,0.8946280250884325,0.8817204301075269,0.011103253096764003,0.013990056653948434
de83407413a7a08fa249851b8fa584a884cae61742af135911983ea061934557,2024,4568513,Drew,Tuazama,DL,South Carolina,UCLA,defensive_tot,2024,1,1,0.8698722907441799,0.8817204301075269,0.01693322071616724,0.013990056653948434
209cba40b69096e76606e5ddde4ae41700d480cd8668b86c4179bcec2d51851d,2024,4427049,Terrell,Dawkins,DL,South Carolina,North Texas,defensive_tot,2024,1,1,0.7759925827632592,0.8817204301075269,0.05017932297707527,0.013990056653948434
24bbf82cbc134123842ed0381e32fb64cc851c562533ecb699100eb8d6cea905,2024,4685503,Walter,Nolen,DL,Texas A&M,Ole Miss,defensive_tot,2024,1,1,0.9959457540460127,0.8817204301075269,1.643691025542231e-05,0.013990056653948434
91b1965a0f4af450825d907dff4306da101d4590fada8e50d4851f058bc71316,2024,4833366,Syncere,Massey,DL,Abilene Christian,Texas Southern,defensive_tot,2024,1,1,0.7759925827632592,0.8817204301075269,0.05017932297707527,0.013990056653948434
5dec912f679faed8a90103fff4a535c32d36b943caf455e33b215a66ee3aa880,2024,5083077,Kitione,Tau,DL,Bowling Green,Nevada,defensive_tot,2024,1,1,0.8679213984117352,0.8817204301075269,0.017444756997511583,0.013990056653948434
bcf3ea88626433724bf765fe400fdf5a46d910912c1ea4e6c598cd6aef93fed0,2024,4589681,Garrison,Walker,DL,Auburn,New Mexico,defensive_tot,2024,1,1,0.776934442120174,0.8817204301075269,0.04975824311223798,0.013990056653948434
f9267a154136747d26d8536e9ab8c2193eeda73ad9435c82bd5548d78a10dce5,2024,4877338,Savio,Frazier,DL,Mercer,Miami (OH),defensive_tot,2024,1,1,0.8711966127385917,0.8817204301075269,0.01659031257001231,0.013990056653948434
7eac77699a5e35bef4a6becb11c15a8e2f3e1de3e2f61731fcb713563c13cb97,2024,4613006,Logan,Wilson,DL,Western Michigan,Indiana State,defensive_tot,2024,1,1,0.8692568108726252,0.8817204301075269,0.0170937815031965,0.013990056653948434
49769f3d0b0237d56f20206c6ffe422cdc2dbabe542f2b0e118493a526d9629d,2024,4429895,Latrell,Jean,DL,Florida Atlantic,Temple,defensive_tot,2024,1,1,0.9358293475819119,0.8817204301075269,0.0041178726317630705,0.013990056653948434
1b711b3d74ebf254ea99dec222eda70ec79175657bfa136e027f827dd0766c16,2024,4870688,Wilky,Denaud,DL,Mississippi State,Florida Atlantic,defensive_tot,2024,1,1,0.7759925827632592,0.8817204301075269,0.05017932297707527,0.013990056653948434
a342623ce5110bbf1693822912c0a84e5aa896cfe3d78bb8d11368ec6d66e43b,2024,4595344,Terion,Sugick,DL,Arkansas State,Murray State,defensive_tot,2024,1,1,0.8743034000627725,0.8817204301075269,0.015799635235779416,0.013990056653948434
ea4274aa3d7baa56ef94d3f5327ed52f3e9513975f70086bb8b38c84e8690ef8,2024,4432539,Jamar,Sekona,DL,USC,Hawai'i,defensive_tot,2024,1,1,0.7759925827632592,0.8817204301075269,0.05017932297707527,0.013990056653948434
907741f7f843d255472d69fe7469ef1006c775d1699f872d2b989f9c61c2beae,2024,4880050,Keelan,Cox,DL,Wyoming,Texas Southern,defensive_tot,2024,1,1,0.776934442120174,0.8817204301075269,0.04975824311223798,0.013990056653948434
484b2abd3d5d2291bdb9fff4a461e4281944ecd66f4376360187d5f12e653553,2024,4875374,Alec,Eckert,DL,Washington State,Montana State,defensive_tot,2024,1,1,0.6973954104298823,0.8817204301075269,0.0915695376288994,0.013990056653948434
4d1124b83fa3aea87377fcefc6766cdd1f373e2d1a4e754ee259a65c54b36633,2024,5081077,Ayo,Tifase,DL,Georgia Tech,Charlotte,defensive_tot,2024,1,1,0.7759925827632592,0.8817204301075269,0.05017932297707527,0.013990056653948434
b011a36c83d548a5b216dfb007fa9c975a9c0e13e66e3185b45166e6f48c1631,2024,5151138,Ricardo,Williams,DL,Georgia State,Old Dominion,defensive_tot,2024,1,1,0.8809502852614558,0.8817204301075269,0.014172834579328749,0.013990056653948434
62cf3a844824b40a50f24e3b353b6672cf6ca2be1bed964b627d3b504dcb3192,2024,4702749,Fitzgerald,West Jr.,DL,LSU,Louisiana,defensive_tot,2024,1,1,0.8910652847393599,0.8817204301075269,0.011866772188916743,0.013990056653948434
6d1862dca894e024bf611e6e8f90f5642a9c698a9aa04046b93cf59c58e77eae,2024,4687041,JJ,Hawkins,DL,Colorado,Marshall,defensive_tot,2024,1,1,0.8825197515559938,0.8817204301075269,0.013801608774465415,0.013990056653948434
b941ba386c7ae386a4edd6d16e142e4bd51c09538a57bb103236660ebb817c21,2024,4905690,Samuel,Okunlola,DL,Pittsburgh,Colorado,defensive_tot,2024,1,1,0.9677057329291239,0.8817204301075269,0.0010429196856450741,0.013990056653948434
3fe0f480132ea923695e161c12da75e764ec229899a5a7e355a4566d24f5f9c1,2024,4870960,LT,Overton,DL,Texas A&M,Alabama,defensive_tot,2024,1,1,0.9842362760009722,0.8817204301075269,0.0002484949943175254,0.013990056653948434
f8f2ec932871e670fb87247c3fbb04c729ae74ceafa2833b4e7668018507e80e,2024,5083525,Anton,Juncaj,DL,UAlbany,Arkansas,defensive_tot,2024,1,1,0.9624688755587321,0.8817204301075269,0.0014085853018259396,0.013990056653948434
fe9d71d61e2c04db8158d9f3f2533a243d7d89a26d1c48bd138fcecd7fa9edd2,2024,4686308,CJ,West,DL,Kent State,Indiana,defensive_tot,2024,1,1,0.9797839900836257,0.8817204301075269,0.0004086870569389436,0.013990056653948434
2f9c6355dce8725c49640c13a4b81cc936d4d7fcaa524d202e1b856a6fec036a,2024,5091737,Maxie,Baudoin IV,DL,Tulane,Louisiana,defensive_tot,2024,1,1,0.7759925827632592,0.8817204301075269,0.05017932297707527,0.013990056653948434
80f107537c8857e42d238c0b122f5bf13c1408871fdf30aaee2e4816661f8528,2024,4427650,DeAndre,Jules,DL,Pittsburgh,South Carolina,defensive_tot,2024,1,1,0.9862585600043444,0.8817204301075269,0.00018882717315420284,0.013990056653948434
7a4b20ca68eba38a72741e3497b5deb40d25f80a42e738baa2f3f67243449b71,2024,4430121,Aidan,Keanaaina,DL,Notre Dame,California,defensive_tot,2024,1,1,0.9039273101900204,0.8817204301075269,0.009229961727324563,0.013990056653948434
fd84d963bbe39ed43b6ac8d95b146bec7b304f9ea91974c8390eaa1b5e863bc5,2024,4426968,Marley,Cook,DL,Middle Tennessee,Miami,defensive_tot,2024,1,1,0.9856864557292032,0.8817204301075269,0.00020487754959205948,0.013990056653948434
15afc1baa7d5ae0f3ee3ac6e6c3544edefc71dae8c343eb025a5500b4e249a9c,2024,4608863,Kendy,Charles,DL,Liberty,Duke,defensive_tot,2024,1,1,0.9822172756979939,0.8817204301075269,0.00031622528360115884,0.013990056653948434
14e783b4bf400cc43ac29dc92324d9e9dd78dbea6b08309c6860eafde62eb319,2024,5083307,Rayyan,Buell,DL,Ohio,Colorado,defensive_tot,2024,1,1,0.9868871835607558,0.8817204301075269,0.00017194595496931357,0.013990056653948434
c0a6bc95aedef454f8af7bed19ad47009a6a257f478a4ee41040935fe034adec,2024,4567546,Nate,Clifton,DL,Vanderbilt,USC,defensive_tot,2024,1,1,0.9862874111955102,0.8817204301075269,0.0001880350917210184,0.013990056653948434
629f29cdfb8a01b8c91c55885c602fff9e258827f8d7e09c694be1f2d6cf01bd,2024,4431393,Jonathan,Jefferson,DL,Georgia,SMU,defensive_tot,2024,1,1,0.9010853628422989,0.8817204301075269,0.009784105444039664,0.013990056653948434
ddabdf62cb28802116479ba864b35ab8020f7c5b0de528e8d7ab258e2e7f1059,2024,4870896,Xzavier,McLeod,DL,South Carolina,Georgia,defensive_tot,2024,1,1,0.9635608570081512,0.8817204301075269,0.001327811141980404,0.013990056653948434
a4d67a210e5c493cb0e81496ec370de5bbf179fdad84ab926628618c90f8ce40,2024,4431231,Sione,Lolohea,DL,Oregon State,Florida State,defensive_tot,2024,1,1,0.996682034043766,0.8817204301075269,1.10088980867279e-05,0.013990056653948434
f34b515561dbf9d57cea3fc07643eef6ef12ff3696889e5ffb42cda3bc9b6252,2024,4429285,Philip,Blidi,DL,Indiana,Auburn,defensive_tot,2024,1,1,0.9644525977688756,0.8817204301075269,0.0012636178053813483,0.013990056653948434
e32de257b54dad7e24bcf13ea287756eac28e4b4fc9077abe6882361977cbcff,2024,4686148,T.J.,Jackson,DL,Troy,West Virginia,defensive_tot,2024,1,1,0.9636316609105297,0.8817204301075269,0.0013226560881266969,0.013990056653948434
c4ba07adfec4e52852d9d39c86c19533a2644a67bb83f4569ae597d129a54051,2024,4426401,Bill,Norton,DL,Arizona,Texas,defensive_tot,2024,1,1,0.976251855144755,0.8817204301075269,0.0005639743840657001,0.013990056653948434
a988f13c104926b2c567b432117d83255457ab79752ad8978f158b658547e550,2024,4682980,Derrick,Harmon,DL,Michigan State,Oregon,defensive_tot,2024,1,1,0.9903316649988437,0.8817204301075269,9.34767016945834e-05,0.013990056653948434
cf456d9247928c80feaa27f6698db90fe525bf95debe4592de959df4980adcb1,2024,4775220,Sebastian,Valdez,DL,Montana State,Washington,defensive_tot,2024,1,1,0.9339030716393547,0.8817204301075269,0.0043688039387122755,0.013990056653948434
c834aa928b3d1b70ce84f27fe0dfd108933c600f4afaaf8f7f67ca51a42b8162,2024,4565311,Aeneas,Peebles,DL,Duke,Virginia Tech,defensive_tot,2024,1,1,0.970174299134765,0.8817204301075269,0.0008895724321024768,0.013990056653948434
d8490c3e028393714ffcfb1bcb0dbe2834f4b03466a712f85dd72362f54a1b26,2024,4685505,Khurtiss,Perry,DL,Alabama,Virginia Tech,defensive_tot,2024,0,0,0.8150088851014876,0.8817204301075269,0.6642394827943698,0.7774309168690022
1c9a199dee32b3aebf104ab3de3f2317da6a04d7eab291cb089a524d44724757,2024,4878232,Tomiwa,Durojaiye,DL,West Virginia,Florida State,defensive_tot,2024,1,1,0.9776532978453745,0.8817204301075269,0.0004993750971875454,0.013990056653948434
025f6dc98215c8420d80276fe13c3ba5d79bd1f5220a8336016a471a6e85b5bf,2024,4820574,Chris,McClellan,DL,Florida,Missouri,defensive_tot,2024,1,1,0.9408851623765725,0.8817204301075269,0.0034945640272442003,0.013990056653948434
35f490519cad8b44e268219fdb4c44b6062894142c641b5d0bfbd0ee29cb755d,2024,4694352,Deamontae,Diggs,DL,Youngstown State,Coastal Carolina,defensive_tot,2024,1,1,0.8912796453492836,0.8817204301075269,0.011820115515377549,0.013990056653948434
5f32d39f21d1a7455a97c2ed10339aa5ec97ce142c60570c21fc4ebe2f43668f,2024,4791223,Jaxson,Moi,DL,Stanford,Tennessee,defensive_tot,2024,1,1,0.936210762463256,0.8817204301075269,0.004069066825519154,0.013990056653948434
989fd0e1660f5703e059d4aeb0bafb086807a6e62234add8da2a4c64f1f6e399,2024,4569496,Anthony,Booker Jr.,DL,Arkansas,SMU,defensive_tot,2024,1,1,0.9390483939937853,0.8817204301075269,0.003715098274736833,0.013990056653948434
a87d08caf533186bdae5a9a83d6b57f8186301a01612ca961656346c8b668b45,2024,4900374,Isaiah,Hastings,DL,Alabama,Syracuse,defensive_tot,2024,1,1,0.8158748000581865,0.8817204301075269,0.03390208925361281,0.013990056653948434
21cfbaf77ab1e3ea93f2e790aaa3f70b8452bbaacec1334cd70aa2a6d35d68dd,2024,4695752,Thor,Griffith,DL,Harvard,Louisville,defensive_tot,2024,1,1,0.8158748000581865,0.8817204301075269,0.03390208925361281,0.013990056653948434
0fbdd509f1afba3bee02a09028a78e13ba41307403725a5a59956685041de18d,2024,4917053,Sterling,Webb,DL,New Mexico State,Missouri,defensive_tot,2024,1,1,0.9333278775193133,0.8817204301075269,0.004445171916079683,0.013990056653948434
8eeb502226c3d49da62cd79a548b02d82f7edf37c38805b9b1551dbf80036a96,2024,4579591,James,Carpenter,DL,James Madison,Indiana,defensive_tot,2024,1,1,0.9895869357825546,0.8817204301075269,0.0001084319063966411,0.013990056653948434
1ca0d33dbc2553dd87b177232f56f8cf60e6dd8ffc0be22a21a684e2e83e1fb9,2024,4697761,Dion,Wilson Jr.,DL,New Mexico State,Syracuse,defensive_tot,2024,1,1,0.9493877925216594,0.8817204301075269,0.002561595545830597,0.013990056653948434
1ed5e68c9ce70345ab870a8e84581b1e2d5a0f8670ff53d6ab343fc29a08a3f5,2024,4431541,Tiaoalii,Savea,DL,Arizona,Texas,defensive_tot,2024,1,1,0.9520977968274256,0.8817204301075269,0.0022946210687866,0.013990056653948434
224bd4d8a4bad9c83a8528db5ea5cd9278a6c26e4c6b49baf0d35a764afd2c9e,2024,4427472,C.J.,Clark,DL,NC State,Miami,defensive_tot,2024,1,1,0.9521309348569678,0.8817204301075269,0.002291447397667864,0.013990056653948434
87e924d0a6be2c845dc803c2af10c1ad0595409d84b1a355f9104aaf83f51be4,2024,5197001,Luke,Schuermann,DL,Johns Hopkins,UCLA,defensive_tot,2024,1,1,0.8141398255523695,0.8817204301075269,0.03454400444570363,0.013990056653948434
5e09fd9951083b4878462640e62555c604617ff0a8de1c804c8fb2e3d049ce32,2024,4712462,Keith,Cooper,DL,Tulane,Houston,defensive_tot,2024,1,1,0.9623706631741824,0.8817204301075269,0.001415966989950832,0.013990056653948434
696d90a88a94f38e8a758b11edd938ca594a11d9dc7fded0ea12f10e8177afca,2024,4887523,Elijah,Hills,DL,UAlbany,Wisconsin,defensive_tot,2024,1,1,0.9119607746291444,0.8817204301075269,0.007750905203900309,0.013990056653948434
eea1b60e8d0257ab9957a79197b5bfb72fd8d343f1aa542b7bbe75fed3d6e5fa,2024,4683459,Sedarius,McConnell,DL,Illinois,Boston College,defensive_tot,2024,1,1,0.943596985954725,0.8817204301075269,0.003181299993391493,0.013990056653948434
d290fe61c87ee8792f4b8596f3d794d00db8845faa0a01ca3ff20129483d3746,2024,4875381,Jordan,van den Berg,DL,Penn State,Georgia Tech,defensive_tot,2024,1,1,0.9301208884797421,0.8817204301075269,0.004883090226860646,0.013990056653948434
7acfdf460e801045fa45fc9eff445602141b3bafc6b23ccd2443fa9c1066076b,2024,4875686,Quindario,Lee,DL,Central Michigan,Houston,defensive_tot,2024,1,1,0.9638482669858339,0.8817204301075269,0.0013069477999275454,0.013990056653948434
6705b8cc4ccaf61cc7d6507fc225d004f90c538a6f8d9f3bc47ad0597d8f087f,2024,4429544,D'Quan,Douse,DL,Georgia Tech,Michigan State,defensive_tot,2024,1,1,0.9471134711253955,0.8817204301075269,0.00279698493640438,0.013990056653948434
8c0143b324bef6db9ff7caf6189d15a7390db05ae632753832db302e1c46f0c1,2024,4427823,Mike,Lockhart,DL,West Virginia,SMU,defensive_tot,2024,1,1,0.9353996774742406,0.8817204301075269,0.00417320167043214,0.013990056653948434
8de3156cd5bab44a1392f2b00b77e8e0ed72e90e33fd3457a4523ebd6312f057,2024,4568509,Kevon,Darton,DL,Syracuse,Arizona,defensive_tot,2024,1,1,0.9718089387512064,0.8817204301075269,0.0007947359343332298,0.013990056653948434
1b70af12166e3fa58665d29a9440f3f4acf564c8b1e968f93294e74e46fbe299,2024,4427060,Javier,Derritt,DL,North Dakota State,Kansas,defensive_tot,2024,1,1,0.8141398255523695,0.8817204301075269,0.03454400444570363,0.013990056653948434
49917f1f09260f2e7591f31ae716090af75bf265d558da1ca827b030035eda76,2024,4427401,Jared,Harrison-Hunte,DL,Miami,SMU,defensive_tot,2024,1,1,0.946470272005914,0.8817204301075269,0.0028654317791208294,0.013990056653948434
9a46375171a381caef6e4b58993c077c0ca0f610efbb2bd69007e2dde6e8c060,2024,4429381,Trill,Carter,DL,Texas,Auburn,defensive_tot,2024,1,1,0.8951678136879145,0.8817204301075269,0.010989787286971798,0.013990056653948434
04c277e0ea9c609ec0383274c4f6e29759effa308e1a488bdb84518e0f0546f8,2024,4431162,T.J.,Bollers,DL,Wisconsin,California,defensive_tot,2024,1,1,0.8141398255523695,0.8817204301075269,0.03454400444570363,0.013990056653948434
5f55e14caecc70c35862f71b5152faeb1169f6697b7ba9585204a92db946169d,2024,4428925,Zaylin,Wood,DL,Middle Tennessee,Vanderbilt,defensive_tot,2024,1,1,0.9417338518934694,0.8817204301075269,0.0033949440151721634,0.013990056653948434
baf22e65d915c597fe17b98ff25c1e87ab4112a54b91dc8017341fbae074839f,2024,4431288,Monkell,Goodwine,DL,Alabama,South Carolina,defensive_tot,2024,1,1,0.8141398255523695,0.8817204301075269,0.03454400444570363,0.013990056653948434
03db69a6128688c1794fa4d90cdbc96a676a93fd2a142de40c5fdd1abfa37135,2024,4432459,Chidozie,Nwankwo,DL,Houston,Colorado,defensive_tot,2024,1,1,0.9470382117867756,0.8817204301075269,0.0028049510107424343,0.013990056653948434
5c273e989c4cf0372824017a4b405ab7303268ac17a25e917eef2029db608fbb,2024,4430281,Gio,Paez,DL,Wisconsin,LSU,defensive_tot,2024,1,1,0.9451961367784273,0.8817204301075269,0.0030034634240088502,0.013990056653948434
d94106a7eed9d087e678cfc4a8c79b09fff516825edbd2a6e5fdf934a16f2a1f,2024,4427310,Thomas,Gore,DL,Miami,Georgia Tech,defensive_tot,2024,1,1,0.9029704003663527,0.8817204301075269,0.009414743205065893,0.013990056653948434
d228c79726398f3059f71bc27852750165a358ec0979ffe7285ac060b2d75fea,2024,4431345,Isaiah,Raikes,DL,USC,Auburn,defensive_tot,2024,1,1,0.8141398255523695,0.8817204301075269,0.03454400444570363,0.013990056653948434
5d312d3e91a7fe0bf6b2151f06f68af7b112ed94f35b5e8d3ae709d582aeade8,2024,4427612,Rodas,Johnson,DL,Wisconsin,Texas A&M,defensive_tot,2024,1,1,0.9356723977155182,0.8817204301075269,0.004138040415670462,0.013990056653948434
24df2da2b5512f48ceb1a73d03784378eb48e5790a3cc071b0dda12876130ce8,2024,4430246,DeShawn,Lynch,DL,Sacramento State,Washington,defensive_tot,2024,1,1,0.8919551996778362,0.8817204301075269,0.011673678876656246,0.013990056653948434
981e8f39a4dc9a3c8793fd4c44a1d49350603f9f770e0d29fa938b2fddf07ce5,2024,4426872,De'Braylon,Carroll,DL,Rice,Texas Tech,defensive_tot,2024,1,1,0.9785706941118231,0.8817204301075269,0.00045921515084905445,0.013990056653948434
6df39837ffe5a0f9f3334f9095aa30ed16cc0239e5c32b8779a178d3eb10f100,2024,4710679,Jordan,Guerad,DL,Florida International,Louisville,defensive_tot,2024,1,1,0.9700759518702059,0.8817204301075269,0.0008954486564742338,0.013990056653948434
32381635359440c48a86d3aa41c7ecdf2098eb3494b8c2fa5a8cd0ab4fd212ad,2024,4565197,Gage,Keys,DL,Kansas,Auburn,defensive_tot,2024,0,0,0.965008125889262,0.8817204301075269,0.9312406830323057,0.7774309168690022
67564398efc7ccddd387100d6948ff1276daf5ef11375a185592ed0e3bb5d633,2024,4683309,Grady,Kelly,DL,Colorado State,Florida State,defensive_tot,2024,1,1,0.9454214952492254,0.8817204301075269,0.0029788131808303297,0.013990056653948434
bcbb327122b7b1e30ffdfbd4839617b0fd9660df683f7be3cb56bd24f9315c98,2024,4573701,Clay,Patterson,DL,UNLV,Stanford,defensive_tot,2024,1,1,0.8132676187138662,0.8817204301075269,0.034868982220790046,0.013990056653948434
ca5d10d548d8f70a5c3e0c4e6bfb5f3d7c83800dd1fb307bd060a7000231bda9,2024,4605792,Adin,Huntington,DL,UL Monroe,Tulane,defensive_tot,2024,1,1,0.9825496599794545,0.8817204301075269,0.0003045143668326506,0.013990056653948434
88e731584e0d050195047eda03bf14d18e6ad47f337bd3dfc4426dcd753bb409,2024,4686933,James,Hansen,DL,Nevada,Texas Tech,defensive_tot,2024,1,1,0.9483817736875851,0.8817204301075269,0.0026644412876396777,0.013990056653948434
3288295c120ce5308976b065fc7b714d3d24dd72e21103648bacdf649b1f579b,2024,4685318,Jacarius,Clayton,DL,Mississippi State,Marshall,defensive_tot,2024,1,1,0.8132676187138662,0.8817204301075269,0.034868982220790046,0.013990056653948434
4b47d9681b0bc5e00ba266cd8156e3d142a88db6bdb61731ef9e5bf24bd7c4e6,2024,5192952,Anquin,Barnes,DL,Alabama,Colorado,defensive_tot,2024,1,1,0.8132676187138662,0.8817204301075269,0.034868982220790046,0.013990056653948434
8c4e459635af528b3d35cd1783a8beb6c0db3dac8bdab83b72a7ae3649b6873c,2024,4685395,Tygee,Hill,DL,LSU,Oregon State,defensive_tot,2024,0,0,0.9008881859336624,0.8817204301075269,0.811599523554845,0.7774309168690022
93a724eaaa3d6938bc79a78fffdf7a0b912f950d30fac7fab375a68519e720c6,2024,4433896,Everitt,Rogers,DL,Tulsa,Houston,defensive_tot,2024,1,1,0.9512034002218331,0.8817204301075269,0.002381108149910594,0.013990056653948434
b3dbdae0e3d15deeadc88a9040ae6631b8bcf9b7a743af22518d60ecad16415f,2024,5158453,Tevita,Pome'e,DL,Oregon,Oregon State,defensive_tot,2024,1,1,0.8132676187138662,0.8817204301075269,0.034868982220790046,0.013990056653948434
ced92f73e29feb93f974eebe26d31a04910289f67adf46cbdd5c669c22fb7d86,2024,5102814,Deijon,Laffitte,DL,USC,Fresno State,defensive_tot,2024,1,1,0.8132676187138662,0.8817204301075269,0.034868982220790046,0.013990056653948434
e3a3965ad5c8809d5b2c535def817ad44826b9d8de38236c821ad4972fd789c8,2024,4912358,Tyrique,Tucker,DL,James Madison,Indiana,defensive_tot,2024,1,1,0.9575787113307616,0.8817204301075269,0.001799565732358858,0.013990056653948434
961afc429eba603156e21162d175090f4ee60fe9dee9ace7edbab4b1257e3882,2024,4428307,Malcolm,Ray,DL,Florida State,Rutgers,defensive_tot,2024,1,1,0.9494366002146509,0.8817204301075269,0.0025566573978530386,0.013990056653948434
d736eba3376e3207d98bd93cd7e72c2dbf49da9ab55de581a3726a320df2d874,2024,4698109,Rene,Konga,DL,Rutgers,Louisville,defensive_tot,2024,1,1,0.9290596372956703,0.8817204301075269,0.00503253506062185,0.013990056653948434
35654e1ce64c75012ce51b04406b4a0645a1b030230c0e1a739111696a47fab7,2024,5091814,Brandon,Lane,DL,Stephen F. Austin,Wisconsin,defensive_tot,2024,1,1,0.9053732127797405,0.8817204301075269,0.008954228859628271,0.013990056653948434
424c90386ba71397574e610b312c98d33ab961ad9b5b726ac9309a3798ef4af0,2024,4603083,Jamarius,Dinkins,DL,Kentucky,Purdue,defensive_tot,2024,1,1,0.9311661236750225,0.8817204301075269,0.004738102529922299,0.013990056653948434
331743ab1b5a4bf0e691de84ba4f53249ec00f7dad4116f3a7e23ae3b0257c33,2024,4431547,Kelvin,Gilliam Jr.,DL,Oklahoma,Virginia Tech,defensive_tot,2024,1,1,0.8916225323175603,0.8817204301075269,0.011745675501258266,0.013990056653948434
5ea0cb8db90f14d852b54ec5f6e070d2640ba6dd189d67a9d1be87fa2fc0a527,2024,4613038,Mikah,Coleman,DL,Eastern Michigan,Cincinnati,defensive_tot,2024,0,0,0.9831465241690039,0.8817204301075269,0.9665770879855938,0.7774309168690022
4144ced5552a7508079dec925f2547e6cc1df443285e14436019419444854f8e,2024,5081641,Keenan,Landry,DL,Florida,Kent State,defensive_tot,2024,1,1,0.8115137528065965,0.8817204301075269,0.03552706538105279,0.013990056653948434
3d88ef31302932c830104f936980e16bd0b60b0a0bdac80e6fd10d8c2e983695,2024,4689085,Dre,Butler,DL,Michigan State,Charlotte,defensive_tot,2024,1,1,0.9059901322592222,0.8817204301075269,0.008837855232638534,0.013990056653948434
624b33d9a876a5a47d99be9e72e96de0e41e3b178a059a2e3479c37aa4d340e2,2024,5077200,Caleb,Bryant,DL,Mississippi State,Southern Miss,defensive_tot,2024,1,1,0.8123922619740122,0.8817204301075269,0.03519666336722769,0.013990056653948434
21704f9ad051658484beb73c570b463b11975d23ad42e11a9fdd6b41f8fd566f,2024,4573407,Nathan,Kapongo,DL,New Hampshire,Akron,defensive_tot,2024,1,1,0.9032547540549148,0.8817204301075269,0.009359642612975016,0.013990056653948434
8f9abc097edb5188da3f6a50093aefd79b0f3c8364eec38449d83dd40f8f0320,2024,4427965,Jaden,McKenzie,DL,Ohio State,East Carolina,defensive_tot,2024,1,1,0.9154139494105987,0.8817204301075269,0.007154799954312752,0.013990056653948434
7549ffb46f03054abe61938d79a66da7063990e7802246e154d8b7d806d9e4d0,2024,5084455,Joshua,Donald,DL,Troy,App State,defensive_tot,2024,1,1,0.8106320887719182,0.8817204301075269,0.03586020580288668,0.013990056653948434
3255801dd5f0de7d6274b68d473a53fc5f2c1c11228200db4e4a7c54cd411ebc,2024,4812383,Tawfiq,Thomas,DL,Louisville,Colorado,defensive_tot,2024,1,1,0.9019315131098546,0.8817204301075269,0.009617428120922611,0.013990056653948434
ca00ac1e3caa5c8561fb5d455740510d12c87a1741dd4869d6b6fceb617e38dd,2024,4602021,Ru'Quan,Buckley,DL,Nebraska,Michigan State,defensive_tot,2024,1,1,0.9053337617679655,0.8817204301075269,0.008961696661004303,0.013990056653948434
4c233cddd2a85968a94a22cc59499c60b24100df46f33d29bb6a8809dfcdaf8d,2024,4686332,Zac,Swanson,DL,Texas,Arizona State,defensive_tot,2024,1,1,0.8123922619740122,0.8817204301075269,0.03519666336722769,0.013990056653948434
e4d81e0bdc47e1e305e1bf64f083486bcfdfbe51a144de22ac6de76658bf59cb,2024,4883835,Naejuan,Barber,DL,South Carolina State,Coastal Carolina,defensive_tot,2024,1,1,0.9049522574170343,0.8817204301075269,0.009034073370117706,0.013990056653948434
2f6144fcfba0b1422bc26b59cccb2337e923fc9d9c840c3ba0e4210a1faaad57,2024,4696117,Carlos,Allen Jr.,DL,Kennesaw State,Houston,defensive_tot,2024,1,1,0.8123922619740122,0.8817204301075269,0.03519666336722769,0.013990056653948434
3fea3cba2f6cf92966c8128e5341acb4d228f573e8d0b581e9921b907bbcc0d1,2024,4694356,Anthony,Johnson,DL,Illinois,Pittsburgh,defensive_tot,2024,1,1,0.8123922619740122,0.8817204301075269,0.03519666336722769,0.013990056653948434
9e62eada7da2197400e015556ede4f4451efbde8fef5c424940cd9d9859ec889,2024,4683170,Macyo,Williams,DL,Kent State,Utah State,defensive_tot,2024,1,1,0.9377213182038778,0.8817204301075269,0.003878634206262639,0.013990056653948434
406cc607ecdd97fa6af1f569e6d2dbeebf553c0107b00a74d2ac9c0690a1fe27,2024,4699036,Amieh,Williams,DL,Angelo State,Tulsa,defensive_tot,2024,1,1,0.8115137528065965,0.8817204301075269,0.03552706538105279,0.013990056653948434
808eeeb37655da23fc1651e91fc9be5ba23b2fecc2ccbe7d185673ad091db19d,2024,4428330,Etinosa,Reuben,DL,Georgia Tech,Massachusetts,defensive_tot,2024,1,1,0.8934872166322055,0.8817204301075269,0.011344973020754712,0.013990056653948434
23287e1d4f8b7da1ed3ccaf80ee49ff36b566b363786a1b14cb6574590e2f546,2024,5222767,Riley,Tolsma,DL,Hillsdale College,Ball State,defensive_tot,2024,1,1,0.8106320887719182,0.8817204301075269,0.03586020580288668,0.013990056653948434
13b123aca980596c64d30023d70ad8d58273853f7a4bd4d63d77d69fe647788e,2024,4683794,Davon,Townley,DL,Penn State,Missouri State,defensive_tot,2024,1,1,0.8925991802530119,0.8817204301075269,0.011534936082325033,0.013990056653948434
224e13509973db1a7fe5c10dce8b0de71ac08e0a2e85a22705b642f1b3d1374a,2024,4427993,Alex,Merritt,DL,Eastern Michigan,Texas State,defensive_tot,2024,1,1,0.9592683235271559,0.8817204301075269,0.0016590694682884453,0.013990056653948434
6c714fd01143793fce85c50d6fa5e934eb356aa97f50eef316abd8115ddfc4af,2024,4833619,J.P.,Deeter,DL,Purdue,Arizona State,defensive_tot,2024,1,1,0.8106320887719182,0.8817204301075269,0.03586020580288668,0.013990056653948434
bd5580af122ac7dd9ef2269515775f96a79b28b9d94cfbf075a91173283eec93,2024,4360463,Jermayne,Lole,DL,Louisville,Texas,defensive_tot,2024,1,1,0.9321602300629012,0.8817204301075269,0.004602234385118499,0.013990056653948434
d772694b9043bacfdf558163556f45a8c705e84b4c47e59d956609be17a27a54,2024,4567490,Hakeem,Ajijolaiya,DL,Houston,TCU,defensive_tot,2024,1,1,0.9348535752651026,0.8817204301075269,0.004244056655739652,0.013990056653948434
758b5ff9cd037b50f36f280e6d0675e161fde6751b2cb15936c227aa84641851,2024,4363040,Dennis,Briggs Jr.,DL,Florida State,Illinois,defensive_tot,2024,1,1,0.9095615941299989,0.8817204301075269,0.008179105256307044,0.013990056653948434
386c85c8be68985b5d01760cb90b3f48dd37eee08cb299bb298f9287595da446,2024,4683921,Jalen,Satchell,DL,Old Dominion,Michigan State,defensive_tot,2024,1,1,0.9140038221280077,0.8817204301075269,0.0073953426085913414,0.013990056653948434
43270612e7a9e899c1dad4d6be3024d1f37dd4a77ed4e3ebc7f7324033c12e26,2024,4874626,Blake,Burris,DL,Texas Tech,SMU,defensive_tot,2024,1,1,0.899855949262391,0.8817204301075269,0.010028830898136809,0.013990056653948434
1ffc64beb94037ce76e3bba9f8ad876e6b3adc450a9e8b3b07fdd26212bb4439,2024,4567189,Taurean,Carter,DL,Arkansas,Colorado,defensive_tot,2024,1,1,0.9446307418422698,0.8817204301075269,0.0030657547489373717,0.013990056653948434
d6bb073555559c1c8a396d4cbd76cbc07ae4c82e409266de2f332285c67909ae,2024,4429244,Jevon,Banks,DL,Kansas State,UConn,defensive_tot,2024,1,1,0.913409670521606,0.8817204301075269,0.007497885159176821,0.013990056653948434
02b1fa9b7805c332ade03df9f339b545b6ff079b34995d0514ec2f6824c0eeb7,2024,4917177,Jalil,Rivera-Harvey,DL,Marshall,Western Kentucky,defensive_tot,2024,1,1,0.9381372372065083,0.8817204301075269,0.0038270014204438182,0.013990056653948434
63e8ea386f170082508153928f6360513654874421b2ba92e1ee91b8d41304c6,2024,4696051,Mikail,Kamara,DL,James Madison,Indiana,defensive_tot,2024,1,1,0.985008875070814,0.8817204301075269,0.00022473382664246113,0.013990056653948434
93eb90938eb5017fc760c2bc4eb201e39c2612473e89b04a829592638cd35b68,2024,4427848,Patrick,Lucas Jr.,DL,Indiana,Memphis,defensive_tot,2024,1,1,0.9267609283051095,0.8817204301075269,0.005363961622729314,0.013990056653948434
17580778a6da0852208cacf92e181640731ebbd50b2bb5368380af7c408eb514,2024,4565774,Chazz,Wallace,DL,Colorado,NC State,defensive_tot,2024,1,1,0.9022381000442021,0.8817204301075269,0.009557389082967431,0.013990056653948434
9fc2a530269e00f02830aab7f97995310f09bccf67fa1b4d8885d24c94ccde16,2024,4429960,Gentle,Hunt,DL,Florida A&M,Illinois,defensive_tot,2024,1,1,0.8983988185064549,0.8817204301075269,0.010322800080884298,0.013990056653948434
b9beda70e0212390ef82c45148d833eaba9c4227affe499c699e86db7bd1f683,2024,4917090,Jairus,Satele,DL,San José State,Fresno State,defensive_tot,2024,1,1,0.892739857073742,0.8817204301075269,0.011504738260561287,0.013990056653948434
025167e005461253415fe03deb6ae4e58084d12f8bb288bfe73f69ae37a2fb56,2024,5081328,Nick,James,DL,Indiana,Pittsburgh,defensive_tot,2024,1,1,0.8978787528206709,0.8817204301075269,0.010428749125461639,0.013990056653948434
29efe44496e43dd6451e52b537f207cb28003ba86749045d604b475e84b90f4a,2024,4429509,Javon,Denis,DL,Georgia State,Memphis,defensive_tot,2024,1,1,0.9671201948718355,0.8817204301075269,0.0010810815852660702,0.013990056653948434
e478992fd7a94003c6a0c46b060132d88bbc8f0ff3d111ab4a5f651f50d08d47,2024,4877096,Elinus,Noel III,DL,Texas Southern,Baylor,defensive_tot,2024,1,1,0.9249470947413535,0.8817204301075269,0.005632938587763367,0.013990056653948434
be2e660f8b8c8661c2494e1f72f91b44f23bc46de473fb92c7a77b0b971a8fc4,2024,4877321,Harris,Adams,DL,Southeast Missouri State,Cincinnati,defensive_tot,2024,1,1,0.8115137528065965,0.8817204301075269,0.03552706538105279,0.013990056653948434
5ada30f9475b43c5d0d3b81a4c5a43ebeb5e8193a8295effaa58912faf701761,2024,5150660,Anterio,Thompson,DL,Iowa,Western Michigan,defensive_tot,2024,1,1,0.8920463463339697,0.8817204301075269,0.01165399133984521,0.013990056653948434
dfdef186afc0ef372eefc29338400d223f9fc5ddf7e719aac9aebf035cefc3f1,2024,4426695,De'jon,Benton,DL,USC,New Mexico,defensive_tot,2024,0,0,0.9289043617331081,0.8817204301075269,0.8628633132467929,0.7774309168690022
94dac39c48b640da6c7cd6238bb7f61170ddb7334dafa3bbcc280fea2a5a92be,2024,4430571,Stanley,Ta'ufo'ou,DL,USC,Arizona,defensive_tot,2024,1,1,0.9227371419578921,0.8817204301075269,0.005969549232834911,0.013990056653948434
910588237bb95394219c29dd91da5dba6f525310e8b6aa38dda6cc43c69102ed,2024,4838534,Felix,Hixon,DL,South Carolina,Middle Tennessee,defensive_tot,2024,1,1,0.8115137528065965,0.8817204301075269,0.03552706538105279,0.013990056653948434
5ca8e379aa850c93e5e95c5972f1a98b2ea9fa255365b2986de749517b612854,2024,4426614,Devin,Baldwin,DL,Jacksonville State,Memphis,defensive_tot,2024,1,1,0.9370462011682767,0.8817204301075269,0.00396318078734508,0.013990056653948434
a3a378a45ddd5af827c9e729e22ac74fc4a7e27addbd3b9737233e2da4809ab4,2024,4693810,Gabriel,Iniguez Jr.,DL,New Mexico State,Utah State,defensive_tot,2024,1,1,0.9376813598800924,0.8817204301075269,0.0038836129063945595,0.013990056653948434
4218453b6bd0d455e2a8628d7f89d00042a7dcec5c8538145cc6f981cf23a27d,2024,4568317,Joshua,Harris,DL,Ole Miss,North Carolina,defensive_tot,2024,1,1,0.9156981294755177,0.8817204301075269,0.007106805373926586,0.013990056653948434
a7a92aaaf94b377b838c4708a18fe84a63746c2ca3e1ce20d72856e2ae8f8ae9,2024,5081486,Amipeleasi,Langi,DL,Houston,Texas State,defensive_tot,2024,1,1,0.8969187705638824,0.8817204301075269,0.010625739862061525,0.013990056653948434
faa9e1574d262ff4f1bcb94e64159286df8873aac5c78299d8ee2661b45b396b,2024,4430007,Sulaiman,Kpaka,DL,Purdue,Mississippi State,defensive_tot,2024,1,1,0.9141275634936745,0.8817204301075269,0.007374075351532901,0.013990056653948434
405b7791e655b109bee30f0eb2ee601dbe705769881881ecbc685ff92e2815cd,2024,5121889,Sam,Benjamin,DL,Arizona State,San Diego State,defensive_tot,2024,1,1,0.9130470321726281,0.8817204301075269,0.00756081861398798,0.013990056653948434
d92adbacb95f297f07077db8500adc2aa357a39eb8cf177b2c1205e4c717f83d,2024,5220064,Dylan,Shelton,DL,Indianapolis,Eastern Michigan,defensive_tot,2024,1,1,0.809747267517539,0.8817204301075269,0.03619610221704287,0.013990056653948434
c06e86f88aed000470b3b56537d9e0cfc7508b919340fa79cd949a2907c7169e,2024,4685343,Dylan,Frazier,DL,SMU,Sam Houston,defensive_tot,2024,0,0,0.8878889526426575,0.8817204301075269,0.7883467922248754,0.7774309168690022
3bbdd7071078bf1a9328357ec5617cfa3a66d67fadd046ab30a72d2474498912,2024,4427468,NaNa,Osafo-Mensah,DL,Notre Dame,TCU,defensive_tot,2024,1,1,0.9450843274243494,0.8817204301075269,0.003015731094436058,0.013990056653948434
c2d4559272ada0d1896c4fcb74b37a415da2c32e1344a0df2c8cd7e034b68ec6,2024,5150929,Quinzavious,Warren,DL,Jacksonville State,UTEP,defensive_tot,2024,1,1,0.8952439010526593,0.8817204301075269,0.010973840266665041,0.013990056653948434
e217e351b3c9d61f8a962b9a1a640337a8bd26de10df46939381aa2231d56433,2024,4684945,Olasunkonmi,Agunloye,DL,Virginia,Marshall,defensive_tot,2024,1,1,0.8820252859147371,0.8817204301075269,0.013918033163499538,0.013990056653948434
53ce798ef3bb8e2757e7dc9f6e3f0070f86b259d63fd7a7cabba9f2bc04954cb,2024,4427161,Naki,Fahina,DL,UNLV,New Mexico State,defensive_tot,2024,1,1,0.8943687792828364,0.8817204301075269,0.011157954790198127,0.013990056653948434
8fdad36f11ed0a2406826167724bd0f9cde91797416977fcc2e11552d7598dc0,2024,4896030,Lucas,Banks,DL,Mississippi Valley State,Arkansas State,defensive_tot,2024,1,1,0.8106320887719182,0.8817204301075269,0.03586020580288668,0.013990056653948434
5d3a409b3ab455b58a47966fd1e9ed4c282593c5b8491680a681c51b0d4ef14f,2024,4682676,Terry,Lockett Jr.,DL,Syracuse,James Madison,defensive_tot,2024,1,1,0.9667820075795224,0.8817204301075269,0.001103435020446909,0.013990056653948434
3992ded2130188a4e136cabf45f517b61501fd13ce6c02d3f0ccd1d98d00c142,2024,4697637,Tristan,Souza,DL,Washington State,Buffalo,defensive_tot,2024,1,1,0.809747267517539,0.8817204301075269,0.03619610221704287,0.013990056653948434
a0edfa2e107a933ecd2f2464ec29a29c8d80826ef396e7ba073cd339df74d9b8,2024,5084944,Christian,Lorenzo,DL,Illinois,Georgia State,defensive_tot,2024,1,1,0.8079681443807626,0.8817204301075269,0.03687623357256764,0.013990056653948434
8c42fe3f582382d35890e4cf54f04fc8512b7a3eb23ddef394c6dab4c084701e,2024,5213029,Jay'viar,Suggs,DL,Grand Valley State,LSU,defensive_tot,2024,1,1,0.8141398255523695,0.8817204301075269,0.03454400444570363,0.013990056653948434
511d72755b562aede52d08777088284654da49f78b3f8904f479a4b25742777a,2024,5161773,DJ,Cotton Jr.,DL,West Virginia,James Madison,defensive_tot,2024,1,1,0.8088592867790381,0.8817204301075269,0.03653477225061801,0.013990056653948434
876cd51fa0968f3a368b44b67e95d6cef433526b57791765e0ced530f6083e3b,2024,4428495,Jayden,Simon,DL,Tulsa,UConn,defensive_tot,2024,1,1,0.9181114711987267,0.8817204301075269,0.006705731149236964,0.013990056653948434
d87a1416dada9fa115abe8dd8401dac57d980a01387ccf413e6062334282d3a7,2024,5151188,Dimitri,Madden,DL,UTEP,Akron,defensive_tot,2024,1,1,0.9011201601598985,0.8817204301075269,0.009777222726804126,0.013990056653948434
952960913acb3c52fc47a7123cdd441980acd3f0144a5a822613631dce578414,2024,4690355,Jason,Shuford,DL,East Carolina,Marshall,defensive_tot,2024,1,1,0.896533438866704,0.8817204301075269,0.010705329272750077,0.013990056653948434
ae63c945a208c75d8b4818551195e44c0b7e185b301fd9860288bb10eabff629,2024,5154531,Tyrell,Martin,DL,Delaware State,Eastern Michigan,defensive_tot,2024,1,1,0.8873149341720489,0.8817204301075269,0.012697924060649679,0.013990056653948434
48737c19b06c491d4215b7ddfbb28e723ce91b4ad542cfc0f600205d88feaaff,2024,4432724,Bryce,Langston,DL,LSU,Florida Atlantic,defensive_tot,2024,1,1,0.8882411924248138,0.8817204301075269,0.012490031070627494,0.013990056653948434
fae30a3d225115ea8dd976274b18fea81ca9da2fe07a70de74aaeb75d3f7163f,2024,4571433,Will,Seiler,DL,Pennsylvania,Duke,defensive_tot,2024,0,0,0.8079681443807626,0.8817204301075269,0.6528125223340928,0.7774309168690022
002f6179e042ef663942d1452215f07496ccee08d11c3aafb9edcb608bd577c1,2024,4869604,Enyce,Sledge,DL,Auburn,Illinois,defensive_tot,2024,1,1,0.8123922619740122,0.8817204301075269,0.03519666336722769,0.013990056653948434
d083e7a3681340738476b758d280c0c6d9a2fac8d63bea11ef58e486be9f4484,2024,4892218,Eric,O'Neill,DL,LIU Post,James Madison,defensive_tot,2024,1,1,0.8115137528065965,0.8817204301075269,0.03552706538105279,0.013990056653948434
64ea64c073fad158235ff2275b3ce14ec70fad7e04eb47f91000e6664863a93c,2024,4710015,Dion,Washington,DL,Nevada,Hawai'i,defensive_tot,2024,1,1,0.9441592556885627,0.8817204301075269,0.003118188725255313,0.013990056653948434
414b0131fb58869d03650e7d492ada58615d3332ab74fd8c9ebcee721704e285,2024,4869649,Ben,Roberts,DL,Oregon,Michigan State,defensive_tot,2024,1,1,0.8934872166322055,0.8817204301075269,0.011344973020754712,0.013990056653948434
7cff673eb0a72f5dc51c0f58d6aeb4465ca8fe3abde9c9ff673bac5ffa998034,2024,4686286,Nick,Campbell,DL,NC State,App State,defensive_tot,2024,1,1,0.8918463439254575,0.8817204301075269,0.01169721332229043,0.013990056653948434
e0e530b887bef631c109847232e0fc986b7cb0c0cc64863661531ed56b0cf8cd,2024,4432409,Gavin,Meyer,DL,Wyoming,USC,defensive_tot,2024,1,1,0.95801432097658,0.8817204301075269,0.001762797243057649,0.013990056653948434
748f1f789d275d015a5d0d7fa6e0e2ef019b023ccd6c380d00eb30c98cc9290f,2024,4886808,Tim,Grant-Randall,DL,Eastern Michigan,Massachusetts,defensive_tot,2024,1,1,0.9762779269308767,0.8817204301075269,0.0005627367506968263,0.013990056653948434
35a7506e3d029c833332463d3000b954e6a3aa2287efc0094388a3bed6460432,2024,5088585,Jarra,Anderson,DL,Memphis,Arizona,defensive_tot,2024,0,0,0.9166899618597227,0.8817204301075269,0.8403204861743799,0.7774309168690022
8a670ee0da6a39242963738a3f039b159d4889b4895dfb1d77d5ab172f1464b9,2024,4742092,Bishop,Thomas,DL,Colorado,Georgia State,defensive_tot,2024,1,1,0.9397235061190171,0.8817204301075269,0.003633255714584167,0.013990056653948434
1e411de30e6bcdbd4cc5b5e2d85b5bbb4e874c64402c66ee9378dbfcbbe1f378,2024,4432655,Tunmise,Adeleye,DL,Michigan State,Texas State,defensive_tot,2024,1,1,0.9189051553047151,0.8817204301075269,0.006576373836152384,0.013990056653948434
f5a785fe4658b1e8e3c610a95712a9bdef0a62eefc2b35a793385c324c0d9c16,2024,4430884,Kedrick,Bingley-Jones,DL,North Carolina,Mississippi State,defensive_tot,2024,1,1,0.9105275111763159,0.8817204301075269,0.008005326256304273,0.013990056653948434
75ceea09749670106896d2f1e961ab877064f93219639b032b39437fa59fd957,2024,4696094,Dorian,Royal,DL,Maine,Georgia State,defensive_tot,2024,1,1,0.8106320887719182,0.8817204301075269,0.03586020580288668,0.013990056653948434
02e7a9d7268caf2a164b9a31b55334cf9a8751b7eba25a260f9f08aa6fa71b32,2024,4598576,Nick,Dimitris,DL,UNLV,Florida A&M,defensive_tot,2024,1,1,0.7759925827632592,0.8817204301075269,0.05017932297707527,0.013990056653948434
7f9415161d5c431854f6dcb5e225e53c3ec91753bac60f11731ddcc9c1dd8b37,2024,4871045,Stantavious,Smith,DL,South Florida,Florida A&M,defensive_tot,2024,1,1,0.8726400089089652,0.8817204301075269,0.016220567330708462,0.013990056653948434
cd4ecf7e2fcaa187256a83b48549e187ca9f07c3e78d7ff87e2c7340c6b35c04,2024,4690121,Kervins,Choute,DL,UCF,UConn,defensive_tot,2024,1,1,0.8923871072028026,0.8817204301075269,0.011580534696181108,0.013990056653948434
1d3d9c96d0a4ca1174d6363106402693bc2bce06aa0df4a7541d65d9f8e397a8,2024,5056145,Ricky,Lolohea,DL,Oklahoma State,Utah State,defensive_tot,2024,0,0,0.8088592867790381,0.8817204301075269,0.6542533458086941,0.7774309168690022
caa98adb7e7fdf54842da576a739e35fff8b2d9629538043d85e544e5ca88ffe,2024,5221086,Ibrahim,Diawara,EDGE,Shippensburg University,Coastal Carolina,defensive_tot,2024,1,1,0.8079874518411784,0.8723404255319149,0.036868818650443794,0.016296966953372558
36a851114d1d1c9159b3bc408ad54c0b174fd494dabb0ad91f6c12a6e3db61d7,2024,4900746,Josh,Hardy,EDGE,Boston College,North Carolina A&T,defensive_tot,2024,1,1,0.780838513670953,0.8723404255319149,0.04803175708995704,0.016296966953372558
1053fa912c8377c754ae27611f5aed676f6f81736779498e27e7a0f70aa20280,2024,4880478,Anthony,Dunn Jr.,EDGE,Florida A&M,Toledo,defensive_tot,2024,1,1,0.8711660089856202,0.8723404255319149,0.016598197240693283,0.016296966953372558
48dd7b19cbaa82113a16755eae548d4199cf298369cda4c2ea1a0e2572eb3979,2024,4573158,Steven,Parker,EDGE,Incarnate Word,Texas State,defensive_tot,2024,1,1,0.8633788033090792,0.8723404255319149,0.01866535138525926,0.016296966953372558
ea21c5638e0a84c6d7cd283af93a3080cdfcd33ee599fb9d104a0d0030b93501,2024,4570949,Chris,Hardie,EDGE,Jacksonville State,Ole Miss,defensive_tot,2024,1,1,0.9747142076168062,0.8723404255319149,0.0006393712964459836,0.016296966953372558
42cac31301686190d3a18fbe0c58464a5984559f681de8015d9eea772efae4da,2024,4709380,Lawrence,Falatea,EDGE,Washington State,Utah State,defensive_tot,2024,1,1,0.780838513670953,0.8723404255319149,0.04803175708995704,0.016296966953372558
ef345343d34a175f421ae2e556e07626f3113c919d8cefd7633db196f34a2bd5,2024,4726151,Nyjalik,Kelly,EDGE,Miami,UCF,defensive_tot,2024,1,1,0.9090540759610134,0.8723404255319149,0.00827116109930512,0.016296966953372558
bf7a3a2369977eaa9abea6173a0d8def57015269dc91c8cbe5eeb44a97984caa,2024,4878108,Paul,Fitzgerald,EDGE,Utah State,Utah,defensive_tot,2024,1,1,0.9566205527565503,0.8723404255319149,0.0018817764431472328,0.016296966953372558
e38db14a3432091bc31e6ef128329b56b78da9b79ca5b330b1a9f390bc8a060d,2024,4878164,Malin,White,EDGE,Cornell,Buffalo,defensive_tot,2024,1,1,0.7741677611489326,0.8723404255319149,0.051000200104485555,0.016296966953372558
dbb6c3daebce91d8dd6403771d543aaa2ab0505091d681cb29fa17427e8a65a1,2024,4429166,Princely,Umanmielen,EDGE,Florida,Ole Miss,defensive_tot,2024,1,1,0.9785096031731503,0.8723404255319149,0.00046183715577547264,0.016296966953372558
13707a8ba3908b75c89e8b79b414d03cb3ba1a35764282c3ba2cb48b73d78847,2024,4570909,Kale,Edwards,EDGE,Montana,New Mexico State,defensive_tot,2024,1,1,0.780838513670953,0.8723404255319149,0.04803175708995704,0.016296966953372558
f4a08540ec7cff9873af5ca2a8f5ae28ff07824012b8a55ed23f91d0591c0277,2024,4360997,Antonio,Colclough,EDGE,Monmouth,Buffalo,defensive_tot,2024,1,1,0.8279803916134739,0.8723404255319149,0.029590745669453793,0.016296966953372558
97b96277891a134deb6090b818e7fdcef5d87060439b38b8980a2d1c4c72c62e,2024,4432337,Marlon,Krakue,EDGE,Florida Atlantic,North Alabama,defensive_tot,2024,1,1,0.8462312490645066,0.8723404255319149,0.02364482876426179,0.016296966953372558
e97705ca5a62f4cdb4a842bcc0e5db03aacc10951c0f73adf1908d8889487763,2024,4592578,Kevon,Haigler,EDGE,App State,Murray State,defensive_tot,2024,1,1,0.8690667271867797,0.8723404255319149,0.017143521929581178,0.016296966953372558
2361088345b6c225f8f48fd8c453af2d1911ca741f9a8c1f1ab294e96be69e4e,2024,4710752,Cashius,Howell,EDGE,Bowling Green,Texas A&M,defensive_tot,2024,1,1,0.9747286849659276,0.8723404255319149,0.0006386393635513351,0.016296966953372558
41f37d27f608ed208fc05a128b1773d504c6fdc37c0f82d2763a837adbab9361,2024,4432333,Kyle,Kennard,EDGE,Georgia Tech,South Carolina,defensive_tot,2024,1,1,0.9717845537921053,0.8723404255319149,0.0007961114047106014,0.016296966953372558
6b4fdf2d459a4003729d88fba48c95d039ecfcf7573809fd85a79c7f5da415ac,2024,5193085,Obi,Ezeigbo,EDGE,Gannon,Oklahoma State,defensive_tot,2024,1,1,0.7862114809101902,0.8723404255319149,0.04570553089461396,0.016296966953372558
fa09ffb86ba5b782fb60ee19ea9e36525a621fbf4bd8c902bc09de304ead81b7,2024,4839501,Zion,Young,EDGE,Michigan State,Missouri,defensive_tot,2024,1,1,0.9116230698505439,0.8723404255319149,0.007810481782641849,0.016296966953372558
12dd667d2d46751f91765348ba11edb8177d80938190f9d65802f004e434c846,2024,4689265,Devean,Deal,EDGE,Tulane,TCU,defensive_tot,2024,1,1,0.9638574604585266,0.8723404255319149,0.0013062831645069678,0.016296966953372558
92600e132de4da65b5ae5fc9a0b0c7c801e8d43dec3fb372a05d0e1f1c491002,2024,4708355,Darris,Smith,EDGE,Georgia,Missouri,defensive_tot,2024,0,0,0.9139277079503805,0.8723404255319149,0.8352638553594359,0.7609778180172024
e4474e1fb852908664527ee40ae2a90986866c501d39de652551f30c72ff1f82,2024,4694997,Daylan,Dotson,EDGE,UT Martin,UCF,defensive_tot,2024,1,1,0.8379397169424341,0.8723404255319149,0.02626353534469839,0.016296966953372558
359e2ec1b65bffa91b151d9b5a25f3cb77c9448bd65a4b3e4e1848e2bd1673c2,2024,4427814,Steve,Linton,EDGE,Texas Tech,Baylor,defensive_tot,2024,1,1,0.9078998769617345,0.8723404255319149,0.00848243266366365,0.016296966953372558
a66617f6729da704566b855974598010d585f87b182dad24c795d86f2b315dc5,2024,5196996,Jireh,Ojata,EDGE,Franklin College,Purdue,defensive_tot,2024,1,1,0.7907062846385562,0.8723404255319149,0.04380385928979706,0.016296966953372558
78d32b6a5f0c575883f0eab4370a6fe544be02eb8f0986d4e8f3b69257018fe3,2024,4685236,Omari,Abor,EDGE,Ohio State,SMU,defensive_tot,2024,1,1,0.8428788428763215,0.8723404255319149,0.024687058015883657,0.016296966953372558
d446a6c5fca839c25d4310b479097a6a478447716fb2a1784229b516dc70e15e,2024,4816094,Russell,Davis II,EDGE,Arizona,Washington,defensive_tot,2024,1,1,0.9170059255039531,0.8723404255319149,0.006888016401455382,0.016296966953372558
dc5190ce7e1ab9dec14dc9c4e69abbe2d9c3da91a74aa070f86eb134e31f8697,2024,4427408,Jahfari,Harvey,EDGE,Miami,SMU,defensive_tot,2024,1,1,0.9010576491573833,0.8723404255319149,0.009789588790263455,0.016296966953372558
d510ca745b0e3fc295ad2b5870fce80e813aaa61e4cf45a0180d7bd8df9efefb,2024,4911674,Isaiah,Ward,EDGE,Arizona,Washington,defensive_tot,2024,1,1,0.9430175591489333,0.8723404255319149,0.0032469985653453197,0.016296966953372558
7293a2d345d2d32fa2bc47a5715f7089ba05da07d77c65341c20cddf7d1c2268,2024,4870872,David,Ojiegbe,EDGE,Clemson,Pittsburgh,defensive_tot,2024,1,1,0.7862114809101902,0.8723404255319149,0.04570553089461396,0.016296966953372558
3763252764136ba89b7d546acd80c1a70139880f8c2ecc9d20e93f8b5fd48b22,2024,4610702,Gilber,Edmond,EDGE,Florida State,South Carolina,defensive_tot,2024,1,1,0.884117169875383,0.8723404255319149,0.013428830317690836,0.016296966953372558
a905068d1f1e58f75ed77ca7997099673df6e4ac60c714e7122e67e5520e8067,2024,5104035,Travis,Bates,EDGE,Austin Peay,Kansas State,defensive_tot,2024,1,1,0.8471174884707862,0.8723404255319149,0.0233730623314802,0.016296966953372558
b05e42568d7e76280246050b57b34872d6c31349640fc7ff2cbb7e4940e2c127,2024,5160962,John Henry,Daley,EDGE,BYU,Utah,defensive_tot,2024,1,1,0.8440038269035415,0.8723404255319149,0.02433480602074025,0.016296966953372558
d7bce90ac3b9da21e400ae0a1deb7af558b4c46db91a8a1924589608e065bcf8,2024,5079341,Eric,Brantley Jr.,EDGE,Colorado,Florida Atlantic,defensive_tot,2024,1,1,0.7951312120634076,0.8723404255319149,0.04197122027060845,0.016296966953372558
99965f018a54e7ddec5e2bb768360f82ed1b05369d44deed2f4b2501f8581e05,2024,4879430,Syrus,Webster,EDGE,Utah Tech,Washington State,defensive_tot,2024,1,1,0.8672341798955702,0.8723404255319149,0.017626762988001823,0.016296966953372558
441878c34efe3b8a957f2726ed21f778694ec33341f54581d6cad98eb486e662,2024,4722881,CJ,Madden,EDGE,Georgia,Purdue,defensive_tot,2024,1,1,0.8457036471280149,0.8723404255319149,0.023807364509596134,0.016296966953372558
56bc0c3cf99ff877d66a3bb633f302ddb7376dfc3e0390d5b9fe765ebaa92b04,2024,4711228,Anthony,Jones,EDGE,Indiana,Michigan State,defensive_tot,2024,1,1,0.8692895177165492,0.8723404255319149,0.017085230178772316,0.016296966953372558
bceff99ac227c5b88666ee06c4e3e910810fa392ba84ace70ad17f9de547b7d2,2024,4685606,Keaten,Wade,EDGE,Kentucky,Colorado,defensive_tot,2024,1,1,0.9147183811228943,0.8723404255319149,0.007272954518299916,0.016296966953372558
d4ad12aa72a3380be458a949929255a9b283101cf0f22295757c49e42d062804,2024,5082487,Kenard,Snyder,EDGE,UL Monroe,Iowa State,defensive_tot,2024,1,1,0.9714778849815179,0.8723404255319149,0.0008135110451275233,0.016296966953372558
b6cacc445258c340a11d710c124590b27989a9b5b64b42e40dc96f4f9af0ae63,2024,4921441,Jordan,Mayer,EDGE,Wisconsin,Penn State,defensive_tot,2024,1,1,0.7994863106716226,0.8723404255319149,0.04020573960807706,0.016296966953372558
562b7102a7e75ce26392d9c3de535c6429410b0e173916612c2826490a30044c,2024,4430886,Kaden,Johnson,EDGE,Wisconsin,Nevada,defensive_tot,2024,1,1,0.8625067911212654,0.8723404255319149,0.01890438248777135,0.016296966953372558
21ac489c02694c5fb4a68f084047a47175b97e78b03f23885c3fb201a9c4a13b,2024,4428484,Shitta,Sillah,EDGE,Boston College,Purdue,defensive_tot,2024,1,1,0.8983071360815479,0.8723404255319149,0.01034143857193682,0.016296966953372558
12bb263d80dbbeadadf03e8183e6ce30e0b2dc2d0190534115009db962fe549b,2024,4573465,Marlem,Louis,EDGE,Richmond,San Diego State,defensive_tot,2024,1,1,0.855557463724993,0.8723404255319149,0.02086364628555672,0.016296966953372558
883ffa6209cd5ed0be27361061b2d784a697017a32725b247c482d491ee2edf8,2024,4692668,Antonio,Doyle Jr.,EDGE,Jackson State,UNLV,defensive_tot,2024,1,1,0.8469475150032372,0.8723404255319149,0.023425063163684312,0.016296966953372558
bcb14f3202d2d8d2c796f9de15eab6bbea61bc7db1a2dc5097a608896489f87d,2024,4572900,Dylan,Wudke,EDGE,Youngstown State,Kansas,defensive_tot,2024,1,1,0.8527338013575906,0.8723404255319149,0.02168733326258559,0.016296966953372558
0de9afc60333551ea3d43fadf9c1a24b6bc5f7b1f15575b3f77d254d57724e03,2024,5088324,Sinn,Brennan,EDGE,San Diego State,Ohio,defensive_tot,2024,1,1,0.8079874518411784,0.8723404255319149,0.036868818650443794,0.016296966953372558
3ab462513b410f1d0453714bb5ea377d13299e547a53150adf2e06f00d83d3a8,2024,4686150,Cam,Williams,EDGE,Jacksonville State,Georgia State,defensive_tot,2024,1,1,0.901322269716936,0.8723404255319149,0.009737294453817134,0.016296966953372558
d6f8af32815f34e9c4b2cb889ebd39076809d0d2c48f17326f501de43f2399f3,2024,4692646,Devin,Goree,EDGE,Missouri State,UTEP,defensive_tot,2024,1,1,0.8121338248896527,0.8723404255319149,0.03529369975059168,0.016296966953372558
7cf8ea022f34e7da50d81f2bb0bde0900cc005c98223b8b3a8414fed80495a25,2024,4685618,Popeye,Williams,EDGE,Louisville,Western Michigan,defensive_tot,2024,1,1,0.8464949489218991,0.8723404255319149,0.023563800706490355,0.016296966953372558
86cf6004e1e359ccf7436134177ce69412af1159d0330898755c5a8edda832d9,2024,4877425,Kobe,Stewart,EDGE,Samford,Buffalo,defensive_tot,2024,1,1,0.8554157299058247,0.8723404255319149,0.02090461115866543,0.016296966953372558
a7b26fd18dd8e93b2e28e36d39d6a7cf0e8c29d5774650ef1c34d1fc2f92f2e4,2024,4708238,George,Gumbs Jr.,EDGE,Northern Illinois,Florida,defensive_tot,2024,1,1,0.9330915689590252,0.8723404255319149,0.004476738144364876,0.016296966953372558
318fb8f0d3921247eb5dd0edbc983d148c39d40da8670e8eded4a97f70aa6ecf,2024,4698137,Brice,Bass,EDGE,Gardner-Webb,Texas State,defensive_tot,2024,1,1,0.884294781798669,0.8723404255319149,0.013387697519017607,0.016296966953372558
2c54a4bb1a450b106c53a4ee859af23d235759b3ca71c703ef3ced2eff01ade6,2024,4890603,Michael,Daley,EDGE,BYU,Rice,defensive_tot,2024,1,1,0.8121338248896527,0.8723404255319149,0.03529369975059168,0.016296966953372558
dd5241216d296ac9b91cff2183f682a80ccd5d6ad7acfb847b38f11ee3e771fa,2024,5094038,Ezekiel,Larry,EDGE,Yale,San Diego State,defensive_tot,2024,1,1,0.7994863106716226,0.8723404255319149,0.04020573960807706,0.016296966953372558
e6cabcd73a51836554d5266ee6fe3c06518df04d3f000f8e4fb4bec0921f7b62,2024,5094689,Nikhil,Webb Walker,EDGE,New Mexico State,Colorado,defensive_tot,2024,0,0,0.9225174440457131,0.8723404255319149,0.8510384345686355,0.7609778180172024
77d691a08134840242ec0ca1a25096a9abeaf2f5d104217fca41b5ae2b2449f4,2024,4428923,Tavion,Woodard,EDGE,Ball State,Boise State,defensive_tot,2024,1,1,0.8899408666038027,0.8723404255319149,0.012113012843921958,0.016296966953372558
fb5bb6afef6ff1891f208668c8d27b677c849204886e3bcf5f03d92343d77729,2024,4596947,Noah,Collins,EDGE,Georgia Tech,Arkansas State,defensive_tot,2024,1,1,0.8770486263602507,0.8723404255319149,0.015117040279901236,0.016296966953372558
5d68a9369696aabc6c419695f1d10ad6fb1b5da68bc4482d7d53f6a6847abbbf,2024,5032145,AJ,Thomas,EDGE,Tulane,McNeese,defensive_tot,2024,1,1,0.780838513670953,0.8723404255319149,0.04803175708995704,0.016296966953372558
2c0c66567f787a6cf0988679bc6d6e5cea9b1f96efbcad09a9a760e9d0b170d1,2024,5219669,Chisom,Ifeanyi,EDGE,Shippensburg University,Florida Atlantic,defensive_tot,2024,1,1,0.8121338248896527,0.8723404255319149,0.03529369975059168,0.016296966953372558
c4774c9faa4629717cb101084d76cb2f6899fadadb9c12f6a05b64eddc6a0a68,2024,4574565,Kamari,Stephens,EDGE,Jacksonville State,Arkansas State,defensive_tot,2024,1,1,0.9253479111478375,0.8723404255319149,0.005572934369991158,0.016296966953372558
0137074840fdae8abe703413d9e782a90fe6f1256439b6314fe703729d01a1f5,2024,5162400,Bryan,Whitehead,EDGE,Liberty,Arkansas State,defensive_tot,2024,1,1,0.8885266559797378,0.8723404255319149,0.01242630642705973,0.016296966953372558
76a2d0a22cdfdf0b7580d20592e072efe86c03cbae07cd8ba28c89e10fd7848a,2024,4941014,Ezra,Odinjor,EDGE,Georgia Tech,UAB,defensive_tot,2024,1,1,0.8162110267517667,0.8723404255319149,0.033778386687639814,0.016296966953372558
c89b0a68bb74113041553c8dade246c98f1e5ced5b72da297f6852e089064780,2024,4911904,Keyron,Crawford,EDGE,Arkansas State,Auburn,defensive_tot,2024,1,1,0.9651460302970623,0.8723404255319149,0.0012147992040533024,0.016296966953372558
f489b62c28d7615064ae75788f30a92e004012c2d70dc25d670ae88ecb7965f5,2024,4688560,Jah-Mal,Williams,EDGE,Cincinnati,Troy,defensive_tot,2024,1,1,0.857957984793342,0.8723404255319149,0.020175934083968474,0.016296966953372558
08c4d60808c2c416a8f1bec9134cbfc554eef1732fb34b2fd4f36458f8d8f676,2024,4921273,Billy,Walton III,EDGE,Texas,SMU,defensive_tot,2024,1,1,0.7907062846385562,0.8723404255319149,0.04380385928979706,0.016296966953372558
f64462290aae3ff6bf686b6a776d18e1b3b7f812831e8ac0d23c3bdce34e1d0f,2024,4431065,Solomon,DeShields,LB,Pittsburgh,Texas A&M,defensive_tot,2024,1,1,0.9249826659731955,0.8945578231292517,0.005627600404489168,0.01111805266324217
9dbba088781f160b31b2a27b0f9785c1b06c7c0627bf0f8cbbda8b680b8c8281,2024,4573530,Aidan,Kaler,LB,Stony Brook,Charlotte,defensive_tot,2024,1,1,0.8921724441276219,0.8945578231292517,0.011626781805410828,0.01111805266324217
c6b90d5d50e4673727bebc22b611f60915a3c7932ff15d897dc7a7c2f3cc3ef5,2024,5160961,Naseri,Danielson,LB,BYU,San José State,defensive_tot,2024,1,1,0.8687023903960971,0.8945578231292517,0.0172390622876989,0.01111805266324217
28e59fb8d3cbb59bdda034a068631dd40744ef6bc97b4701c6ad0cf4f9080e96,2024,4685185,Corey,Flagg,LB,Miami,Missouri,defensive_tot,2024,1,1,0.912292925790236,0.8945578231292517,0.007692530866437046,0.01111805266324217
74fcef97e3e5aeb8c96b37ba2f6d05bf7521ae203552be7346499e172884b98f,2024,4427079,Lance,Dixon,LB,West Virginia,Toledo,defensive_tot,2024,1,1,0.8972545548121402,0.8945578231292517,0.010556626506851498,0.01111805266324217
d4b471d62936050ed0a320796495a0f7cfd7fcb2df47f28353d622966ea26b18,2024,5124132,Austin,Ackel,LB,New Mexico,UL Monroe,defensive_tot,2024,1,1,0.859790690240967,0.8945578231292517,0.019658650543104467,0.01111805266324217
388e5762424b709db3056533b1ca49cf025f73f99ea4eb7ed918acfca371d1f5,2024,5076043,Olan,Robinson,LB,Liberty,Alabama A&M,defensive_tot,2024,1,1,0.8687023903960971,0.8945578231292517,0.0172390622876989,0.01111805266324217
83981c5bcacce1766a4de204f975b635de8db604169a7b6b06003a491847f20e,2024,5151041,Brian,Bates,LB,Charlotte,Delaware State,defensive_tot,2024,1,1,0.8675298415001287,0.8945578231292517,0.017548342892981027,0.01111805266324217
ae6a9c47714b3982472052d57d9c2dbc298f688af653c79efafbb0f945144de3,2024,4431360,Cam,Riley,LB,Auburn,Florida State,defensive_tot,2024,1,1,0.9155299660308035,0.8945578231292517,0.007135186638757211,0.01111805266324217
0e1d19eedb9158418d00b5c3685767a3199a995e1a652d7fd5a20badef44d65d,2024,5095867,Jamari,Young,LB,East Carolina,Gardner-Webb,defensive_tot,2024,1,1,0.8675298415001287,0.8945578231292517,0.017548342892981027,0.01111805266324217
47eaadb7cd8762759d509a61417c181f4b2ed8f493a74d4c44227916a5af59bc,2024,5095820,Jayden,Flaker,LB,North Carolina Central,Memphis,defensive_tot,2024,1,1,0.8906203358040545,0.8945578231292517,0.011963910939617795,0.01111805266324217
6987a27dfc48c35579b811685f40589acfb025f378a08e214836043a078ca577,2024,4372043,Ahmad,McCullough,LB,Washington State,Morgan State,defensive_tot,2024,1,1,0.8929584837417822,0.8945578231292517,0.011457886202858302,0.01111805266324217
8e265ed3b52b77f119de067f6acbf2804813dcf8ded5a0a119273da6f6d45c4d,2024,5079303,Jeremiah,Beasley,LB,Michigan,Missouri,defensive_tot,2024,1,1,0.8808463737758324,0.8945578231292517,0.014197586642368637,0.01111805266324217
72eb157fd9fdf404d17cf3d17649fa41aa7b60410cda5f9f2c1d4d4d12f97640,2024,4686474,Shane,Whitter,LB,Oklahoma,North Texas,defensive_tot,2024,1,1,0.8981053356213846,0.8945578231292517,0.010382522628830671,0.01111805266324217
278e3c657ad813d1b29c317ea04853978a8c9dacbc4bb5a11a87572c537898a1,2024,4683885,Justice,Cross,LB,Florida Atlantic,Murray State,defensive_tot,2024,1,1,0.8687023903960971,0.8945578231292517,0.0172390622876989,0.01111805266324217
1a46f8b059de3e94d4c1e04ac39d3b8f4e74811816579c7e9262ea69eca2157c,2024,4608397,Khalib,Gilmore,LB,Syracuse,Ball State,defensive_tot,2024,1,1,0.8913674958149829,0.8945578231292517,0.011801020965507765,0.01111805266324217
44984895208919e02271a6c4309547b50e8bb1507b4cb93519f2c5d8f3e0647a,2024,4710735,Jaden,Moore,LB,Tulsa,UT Martin,defensive_tot,2024,1,1,0.8687023903960971,0.8945578231292517,0.0172390622876989,0.01111805266324217
fb775ff44c56f59398d887a01e968a808a494595429f2edd1175c9e0c4ea3039,2024,4870659,Tackett,Curtis,LB,USC,Wisconsin,defensive_tot,2024,1,1,0.9213881557727888,0.8945578231292517,0.006179822052803325,0.01111805266324217
be6eef406ee0343dfe52e9c3408e5da28d4ca19d3beefc9b0cf0815e9c7478af,2024,4431617,Aaron,Willis,LB,Houston,Delaware State,defensive_tot,2024,1,1,0.8963101595217404,0.8945578231292517,0.010751583018406919,0.01111805266324217
6ccd863af775cb15940e62f9f5b8b25a3302b3b4830afe16721ad5a574653f3d,2024,4565544,Clyde,Washington,LB,Purdue,Utah State,defensive_tot,2024,1,1,0.8942243183448365,0.8945578231292517,0.01118849482961449,0.01111805266324217
f056ebc9a806d295796a75a86ea126550f34aee34dadacdbf288198c625e662f,2024,5152228,Dontavius,Burrows,LB,Texas State,UL Monroe,defensive_tot,2024,0,0,0.8687023903960971,0.8945578231292517,0.7546438430798931,0.8002336989217456
229b6e5393d7f690a43d069d47dcdc7a5f125442df379bd7f9100175500707fd,2024,4427729,Demetrius,Knight Jr.,LB,Charlotte,South Carolina,defensive_tot,2024,1,1,0.9422013397974652,0.8945578231292517,0.0033406851212080765,0.01111805266324217
1d69f23c5341e96306d5cb8f29f05aab5d610ff6ad8a9e20362b8e32c6bd7ca5,2024,4363418,Jalen,Rayam,LB,Middle Tennessee,UTEP,defensive_tot,2024,1,1,0.8922116567452215,0.8945578231292517,0.01161832694160995,0.01111805266324217
c85a782613d6028eb15865c96f66800535dd812074ace641646ae98f7dbed16a,2024,4567477,Mannie,Nunnery,LB,Florida,Texas State,defensive_tot,2024,1,1,0.9054334735559414,0.8945578231292517,0.008942827923694836,0.01111805266324217
98556dcf2248a4d9035c8f08f192c4591a60004acae61ecee96a1acec06d25eb,2024,4433877,Tyson,Meiguez,LB,Georgia Tech,Murray State,defensive_tot,2024,1,1,0.892057626580916,0.8945578231292517,0.011651555979344965,0.01111805266324217
08421cd2d3b348eb51a52fb46db1d41ad7cd9c9b3d258a827123c60a10c72a0d,2024,4838688,Blake,Matthews,LB,Troy,Delaware,defensive_tot,2024,0,1,0.8934064263282425,0.8945578231292517,0.7981750426046015,0.8002336989217456
04a2a9f7eac192ccad5d8fd855c30a9736ea36ef8507b8af92546c1daf039ef5,2024,4429080,Jackson,Bratton,LB,UAB,North Alabama,defensive_tot,2024,1,1,0.9255621995013681,0.8945578231292517,0.005540986143074125,0.01111805266324217
ca74b9f0271b54d843be1dfcd9818a6464e1853b4ee8a0ebdf65b051640fa279,2024,4816103,Taylor,Love,LB,Tulane,Tennessee Tech,defensive_tot,2024,1,1,0.8687023903960971,0.8945578231292517,0.0172390622876989,0.01111805266324217
19f81af03d9191d2d5536eba9ffe30ba3c6b8e72ec24e3751a81dfa730aa1113,2024,4779142,Darius,McKenzie,LB,Maine,South Alabama,defensive_tot,2024,1,1,0.8675298415001287,0.8945578231292517,0.017548342892981027,0.01111805266324217
05d308362390e2c6ce8b00aa134b35f470e7d570ed22d2065ff3d60af88773ee,2024,4696036,John,Miller,LB,Oregon State,Utah State,defensive_tot,2024,1,1,0.8994995862116998,0.8945578231292517,0.010100333171619564,0.01111805266324217
8df4fe143a0334eb23a15399df942d732a06fbc27b744087a4e887cbccac88ba,2024,4682651,Diego,Neri,LB,Bowling Green,Western Illinois,defensive_tot,2024,1,1,0.8940146166827838,0.8945578231292517,0.011232901476897247,0.01111805266324217
27158531ff5ac2469f64aecf0a133b81d0347b95b4d38318bf59a48badeca230,2024,4608923,Davion,Blackwell,LB,Nevada,Austin Peay,defensive_tot,2024,1,1,0.9021353086045923,0.8945578231292517,0.009577497821918378,0.01111805266324217
0ebfe9293a8a441d6252f008eebba041c6791d63e43087f280a1b6d180123ac3,2024,4688819,Jalen,Brooks,LB,North Carolina,Campbell,defensive_tot,2024,1,1,0.8910674964310308,0.8945578231292517,0.011866290333803492,0.01111805266324217
1a2f1b903c5247604b7cb5eeff832ad9bb5ed9e8add01cf5703112e0e558e68b,2024,4594476,Elijah,Wood,LB,San José State,Utah Tech,defensive_tot,2024,1,1,0.8687023903960971,0.8945578231292517,0.0172390622876989,0.01111805266324217
db2d26bd8ce2652e31fbd12730da2709f7e94dd962440a94c6a6d85760ca6fc9,2024,4565910,Quinton,Cannon,LB,Western Michigan,Gardner-Webb,defensive_tot,2024,1,1,0.8896900151407229,0.8945578231292517,0.012168292759653948,0.01111805266324217
200f15ffcfca282b28affdce9689f3c54cdb04a415a53824c7b0d57db0870d21,2024,4685965,CJ,Harris,LB,Kent State,Louisiana Tech,defensive_tot,2024,1,1,0.9114134635983304,0.8945578231292517,0.00784757443164433,0.01111805266324217
e12153fd3d3a2e7b4820c5223366471cc5e7bbe33a7a346cae978b513127eece,2024,4587976,Malcolm,Britt,LB,Old Dominion,Norfolk State,defensive_tot,2024,1,1,0.8925088852314693,0.8945578231292517,0.011554339754181435,0.01111805266324217
f0abc602df46b47a4bb3a40343fc025a5bfdc8d399ed8c5355758feadab2f64e,2024,4569680,Jamon,Dumas-Johnson,LB,Georgia,Kentucky,defensive_tot,2024,1,1,0.9328008507747205,0.8945578231292517,0.004515725656601379,0.01111805266324217
256f6ad2f4616fc734aad60aebfd2296629be12cc7ba49e49203a9d28a8737c9,2024,4714256,Ammon,Allen,LB,Arizona,Northern Arizona,defensive_tot,2024,1,1,0.8687023903960971,0.8945578231292517,0.0172390622876989,0.01111805266324217
e8e354b298be030e9aa24bf560f5ddb4fde167186a60c87774705bea0b19ed3e,2024,4613048,Avery,Morris,LB,New Mexico State,Charlotte,defensive_tot,2024,0,0,0.8687023903960971,0.8945578231292517,0.7546438430798931,0.8002336989217456
d07205d7b770e48ab439ecf7f8834e57cc3f9fadebac618eb69d9e351f229cad,2024,5082363,Reise,Collier,LB,UAB,Ohio,defensive_tot,2024,1,1,0.8923552285636259,0.8945578231292517,0.011587396817589217,0.01111805266324217
828561e2c8962afe9b46a0ac0ad3cc2a11cdaeac29cbf8c5b4e25d892c3dddb4,2024,4870828,Grayson,Howard,LB,South Carolina,Florida,defensive_tot,2024,1,1,0.908534866969954,0.8945578231292517,0.00836587056020401,0.01111805266324217
25b655e88b2b4192964f5456b76d52558a1828270853613a3bbdb38aea3bf6ae,2024,5085888,Easton,Mascarenas-Arnold,LB,Oregon State,USC,defensive_tot,2024,1,1,0.9358548950311067,0.8945578231292517,0.004114594491470334,0.01111805266324217
dcbbbf4ea7be4277a9adf3835afb1854c0d8ce4262a75ba7bb49abcd2b77e1c6,2024,4769988,Jayren,Fox,LB,Mississippi Valley State,Florida A&M,defensive_tot,2024,1,1,0.8675298415001287,0.8945578231292517,0.017548342892981027,0.01111805266324217
c23aaed9b5f8ad40e8443b01aa4c4ad1f861bcad73fc6fe164e595cc95322d13,2024,4693848,Shaun,Dolac,LB,Utah State,Buffalo,defensive_tot,2024,1,1,0.8675298415001287,0.8945578231292517,0.017548342892981027,0.01111805266324217
eda14b7a20ee83a80b28b9303ee6521e724cd5054133fbeaeebac29201f5e8e7,2024,5082472,Tristan,Driggers,LB,UL Monroe,McNeese,defensive_tot,2024,1,1,0.8986962310886057,0.8945578231292517,0.010262453595653169,0.01111805266324217
b96ba6fe5988d2855e0864c03bcd976e3bee7d19cba9333e12fd98409d59e236,2024,4683320,Trevor,Moffitt,LB,App State,Gardner-Webb,defensive_tot,2024,1,1,0.8954701779354932,0.8945578231292517,0.01092648370083745,0.01111805266324217
c8dab01a02321fdd46f5c9441e5768edc8d4ad833f9447430c251b5db4a86d5c,2024,4602943,Chris,Paul Jr.,LB,Arkansas,Ole Miss,defensive_tot,2024,1,1,0.9315696987750195,0.8945578231292517,0.004682706125741568,0.01111805266324217
114c76ae04cbf5a0bb0a47ed19670c417599ebb5222bb2ad70fc84943aa344e0,2024,5087700,Vincent,Genatone,LB,Montana,Nebraska,defensive_tot,2024,1,1,0.8675298415001287,0.8945578231292517,0.017548342892981027,0.01111805266324217
c3e1d9f3e42addff3b6fd3f8498494d2baf9c27427377fe65b45bdb0ed50f914,2024,4698244,Teddye,Buchanan,LB,UC Davis,California,defensive_tot,2024,1,1,0.8987106816957569,0.8945578231292517,0.010259526002538285,0.01111805266324217
aa4244cc4feac74bd4b5d1b96053ff6c62b989dcf6878612af1caf6837b02ccb,2024,4685500,Shawn,Murphy,LB,Alabama,Florida State,defensive_tot,2024,1,1,0.9046682137373693,0.8945578231292517,0.009088149472023908,0.01111805266324217
fc2708be3321f488bfce8a029d76460587253de53f18ce0335d22b74f1526773,2024,4612825,Davian,Mayo,LB,Bowling Green,Central Arkansas,defensive_tot,2024,1,1,0.9023106963613942,0.8945578231292517,0.009543200045395729,0.01111805266324217
d9f541fb9ef2008d06b644981362e0a9fd16f76ec11d8ebf73a8f34840d1a520,2024,4683630,Corey,Platt Jr.,LB,Tulane,Houston,defensive_tot,2024,0,0,0.9088259721117248,0.8945578231292517,0.8259646475848216,0.8002336989217456
4e278e91b23de321c7a2211316cabc908da57ed2ef20d73c7598c2eec63c6c30,2024,4685266,Jaishawn,Barham,LB,Maryland,Michigan,defensive_tot,2024,1,1,0.9257055415654488,0.8945578231292517,0.005519666554083253,0.01111805266324217
e91b9959523709a2a69807969b28cbc1085ceb6825398574075aa0dd22e17cfe,2024,4684963,Wayne,Matthews III,LB,Old Dominion,Michigan State,defensive_tot,2024,1,1,0.9456334904638107,0.8945578231292517,0.0029557173591485586,0.01111805266324217
62e6c4704c46cb4b2d1d21a4760cc5380336b9a3ae65f7fc5ebec61b75dab6c9,2024,4594321,Kaleb,Elarms-Orr,LB,California,TCU,defensive_tot,2024,1,1,0.9493121581120982,0.8945578231292517,0.0025692573152529285,0.01111805266324217
c9330c024f0cd62b2a3f156280641ef7991979616519f7dc7e53ba7ccd800290,2024,4432325,Bangally,Kamara,LB,Pittsburgh,South Carolina,defensive_tot,2024,1,1,0.9250251439675445,0.8945578231292517,0.005621229037087423,0.01111805266324217
66f3f510c070f87991a57768b3a2fd08ad53d0c546dc60d7261f21b9ae0b74ef,2024,4912116,Khalil,Jacobs,LB,South Alabama,Missouri,defensive_tot,2024,1,1,0.9189151535203176,0.8945578231292517,0.0065747523286336625,0.01111805266324217
bbff0d453be863273ad0e549baa5a3efa2bac5609903fba21581cdc08bbc6802,2024,4875181,Scooby,Williams,LB,Florida,Texas A&M,defensive_tot,2024,1,1,0.9231707434767531,0.8945578231292517,0.005902734657914877,0.01111805266324217
a5e915ffc0d0eb6289becd4bc2fa9d3ad52592136e57f301771abf56b26786fd,2024,4432357,Leon,Lowery,LB,Syracuse,Wisconsin,defensive_tot,2024,1,1,0.9255283520296167,0.8945578231292517,0.005546026351424696,0.01111805266324217
d51e89321de3d4a5001a6804d64dd2389f8677dc357ff9104d06863fd5fae0fb,2024,4431570,Xavian,Sorey Jr.,LB,Georgia,Arkansas,defensive_tot,2024,1,1,0.9149871886702402,0.8945578231292517,0.007227178090189336,0.01111805266324217
823960e20dffdb0a284328710004863a588da9c8efbbd0ec1d9ee7084fbdc916,2024,4701943,Elijah,Herring,LB,Tennessee,Memphis,defensive_tot,2024,1,1,0.9239957360896704,0.8945578231292517,0.005776648132551023,0.01111805266324217
b44e79cafb389a21e5bba2e64e56cf22bdbd203bbc4ffc17dd0ff82fcf53b8bc,2024,4430901,Jaheim,Thomas,LB,Arkansas,Wisconsin,defensive_tot,2024,1,1,0.935183117600305,0.8945578231292517,0.004201228244015887,0.01111805266324217
8db054591e29c8ee591d786fa2d891c2864fef050543905eae7a8c0567c990dc,2024,4684217,Bryun,Parham,LB,San José State,Washington,defensive_tot,2024,1,1,0.9383578236662075,0.8945578231292517,0.0037997579031663732,0.01111805266324217
614528bea997e339d384498d539393a1bd3ca66b7f1360b400eb8bc0968df8df,2024,4427247,Kendre,Gant,LB,Louisiana,Houston,defensive_tot,2024,1,1,0.9400485856523787,0.8945578231292517,0.003594172082280173,0.01111805266324217
a1a1cd2b2ca6dbe330ee138c50fd27e35a1d434ceb0dc8b1d9baa66b1de49cd6,2024,4685270,Stone,Blanton,LB,South Carolina,Mississippi State,defensive_tot,2024,1,1,0.926252077477491,0.8945578231292517,0.005438756076385982,0.01111805266324217
d1c530c9327254d324011e35287558343b8384ec81d151e9c4e17ce2ad0ecd06,2024,4689779,Sam,Howard,LB,Austin Peay,Tulane,defensive_tot,2024,1,1,0.9007326809072109,0.8945578231292517,0.009854000639869607,0.01111805266324217
fcd1c07b305fe8142eea923f9cc9bb7c14c3a1d075e0dd0ce1ac8a2adc72a12c,2024,4870637,Christian,Brathwaite,LB,LSU,Houston,defensive_tot,2024,0,0,0.8952220856878362,0.8945578231292517,0.8014225827032796,0.8002336989217456
f7908727890420c21acc929a51b990c176849f50cb8a380f93f6412c80b18724,2024,4893791,Ozzie,Nicholas,LB,Princeton,Duke,defensive_tot,2024,1,1,0.8722754169889079,0.8945578231292517,0.016313569105357365,0.01111805266324217
59450477d128365e2e40e117c36121851ef38a07a2f5883d9a5d3c71016f2ac9,2024,4431500,Kendrick,Blackshire,LB,Texas,UTSA,defensive_tot,2024,1,1,0.8722754169889079,0.8945578231292517,0.016313569105357365,0.01111805266324217
4b75419e0e073cb5d7dc66cbffd7662bd12205f0bb8f85908ed0f825778a6fc5,2024,4567826,Cooper,McDonald,LB,San Diego State,TCU,defensive_tot,2024,1,1,0.92641577873713,0.8945578231292517,0.005414637618863011,0.01111805266324217
d301188cde40194402c0e79b7abff9ff4287f6ef85ed6b0c326fe0e574efa5ad,2024,4877817,Jailin,Walker,LB,James Madison,Indiana,defensive_tot,2024,1,1,0.9314353066131474,0.8945578231292517,0.0047011171792331035,0.01111805266324217
b357a06987162f5c280731ec1cf349612728835c5d85e4c9954f7e2fbd0def42,2024,4877652,Jake,Golday,LB,Central Arkansas,Cincinnati,defensive_tot,2024,1,1,0.8967189813124943,0.8945578231292517,0.010666968821128907,0.01111805266324217
8167b1a6fdadaadead62242fd6a2d4b1226d796d7fb5efb7b1930523057eb7c1,2024,4911952,Keyshaun,Elliott,LB,New Mexico State,Arizona State,defensive_tot,2024,1,1,0.9503635577325973,0.8945578231292517,0.002463776400965203,0.01111805266324217
2ff5cd3b4ea0655115af7f5230134c9fc40e0ac579e95e771c0c65e356b4c9b0,2024,4693373,Jordan,Turner,LB,Wisconsin,Michigan State,defensive_tot,2024,1,1,0.9294961037054458,0.8945578231292517,0.004970799392713257,0.01111805266324217
f8d835e93245da37b3eb658f321a93da763a4b04b9977ca8337da6aa9ecbad74,2024,4870641,Semaj,Bridgeman,LB,Michigan,Michigan State,defensive_tot,2024,0,0,0.8722754169889079,0.8945578231292517,0.7608644030831732,0.8002336989217456
ab9b22d12790d80b76e031d358bc3d3a0ebf8de63d26a4294afe89b8e81c7be4,2024,4684956,Stefon,Thompson,LB,Syracuse,Nebraska,defensive_tot,2024,1,1,0.9154371324333693,0.8945578231292517,0.007150878571091518,0.01111805266324217
2e5041abe93f7629434f6bec7445f7da7b8332e83327438c69cdfe3c788d73a5,2024,4427085,Jacob,Dobbs,LB,Holy Cross,James Madison,defensive_tot,2024,1,1,0.8992892645119867,0.8945578231292517,0.010142652242536592,0.01111805266324217
7f968f8502a366777806290fc96d6ae711c68b61115aabeabaa6eca6585ad1df,2024,5092245,JJ,Jean-Louis,LB,Iowa State,North Texas,defensive_tot,2024,1,1,0.8845204128438997,0.8945578231292517,0.013335535049743365,0.01111805266324217
e5eee37769435fd1a8698ebb8e1150207acf9f8995327333c98801cb38742b7b,2024,4578909,Monroe,Beard III,LB,Tennessee State,Marshall,defensive_tot,2024,1,1,0.8952346712060008,0.8945578231292517,0.010975774117314768,0.01111805266324217
1dc79447705f65237506cf35beede23800feeef804efdcbd16b3132c53b7294d,2024,4572704,Branson,Combs,LB,Southern Illinois,Wake Forest,defensive_tot,2024,1,1,0.8927015322374957,0.8945578231292517,0.011512961184181172,0.01111805266324217
9b7529076ceb6a14961165fd041e752b9bb09fbca9fc89e4c1488f5a30b6262f,2024,4362317,Keye,Thompson,LB,Ohio,Pittsburgh,defensive_tot,2024,1,1,0.9349195591330609,0.8945578231292517,0.004235463783435156,0.01111805266324217
9ce5acf44d870f8d2ca55cac5f3347a48f92defc630d59c4477ed0f668e539b8,2024,5193687,Dorian,Mausi Jr.,LB,Duke,Auburn,defensive_tot,2024,1,1,0.8702626349627987,0.8945578231292517,0.016831783886796035,0.01111805266324217
019e6db6c31a191468e55e8e9e7785c2018d1039e51afb74e02bc5567623fb01,2024,4799985,Jaylen,Wester,LB,Florida Atlantic,Colorado,defensive_tot,2024,1,1,0.9240721886032267,0.8945578231292517,0.005765032543503976,0.01111805266324217
5149dd08f8908d192a538dcc1b26c28b8bcbade585c794b468976b90d19b37d6,2024,4431494,Dameon,Wilson,LB,Missouri,East Carolina,defensive_tot,2024,1,1,0.8936942150053415,0.8945578231292517,0.011300919923330556,0.01111805266324217
50d1b9210201439a5c5df476dd7b9cbfa0560b5221fd1defddaeeeccf6b9993a,2024,4567407,Jesiah,Pierre,LB,Texas Tech,UCF,defensive_tot,2024,1,1,0.9135467369176591,0.8945578231292517,0.00747416669758445,0.01111805266324217
4ada492a32663d6bbbe0adfe35a404e28fdcabca5ac015a264987ba659c59667,2024,4892239,Liam,Johnson,LB,Princeton,California,defensive_tot,2024,1,1,0.8693011163022474,0.8945578231292517,0.017082198199838666,0.01111805266324217
c1a28102d1984efebbee27fd772bd7513f3a71fe5391b5e27a636d55fe64503f,2024,4685314,Sebastian,Cheeks,LB,North Carolina,Wisconsin,defensive_tot,2024,1,1,0.8933743998101795,0.8945578231292517,0.011369018615839445,0.01111805266324217
75c7a0678043f4e815ae54cf32ad03d46e3be4fc17fe239896b2ce0d582de048,2024,4702747,Jordan,Crook,LB,Arkansas,Arizona State,defensive_tot,2024,1,1,0.9013565207983583,0.8945578231292517,0.009730535989004726,0.01111805266324217
be85db0fb7f948ab72bd59b8b5bd28286944d9ea94f1bf78a0ee49be27bdfbfa,2024,5085761,Jahsiah,Galvan,LB,Northern Iowa,Stanford,defensive_tot,2024,1,1,0.8925377428587558,0.8945578231292517,0.0115481367098909,0.01111805266324217
0d12c7ccd2c58509f3d77758b790537e581da74e3b8898fbcc1a38dca188d582,2024,4685113,Jaylin,Alderman,LB,Louisville,Miami,defensive_tot,2024,1,1,0.922572066177181,0.8945578231292517,0.005995084936070836,0.01111805266324217
53f1d750adc020f7a1e1769a04677969dad0b35694c37c7ffbae45fd1b043bde,2024,4429008,Wesley,Steiner,LB,Auburn,Washington State,defensive_tot,2024,1,1,0.8986517732747348,0.8945578231292517,0.010271463060355764,0.01111805266324217
323999211267f31cac45ac816e5e59cab40b78b86bebd40f15ad8beccf168fb2,2024,4912338,Aiden,Fisher,LB,James Madison,Indiana,defensive_tot,2024,1,1,0.9457594664771308,0.8945578231292517,0.0029420354768454945,0.01111805266324217
6c0927a0d3dfed578e1c99391a0d0dc98b2790d6511da7de3496c19763767408,2024,4921269,Kaleb,Spencer,LB,Miami,Virginia Tech,defensive_tot,2024,1,1,0.8916528119677173,0.8945578231292517,0.011739113154502826,0.01111805266324217
4414ce3afbd7b5774de83f359a575c8578c7ce0a69a429da73d75587e74ddd0e,2024,5151008,Sam,Brumfield,LB,Middle Tennessee,Virginia Tech,defensive_tot,2024,1,1,0.9302078786720189,0.8945578231292517,0.00487094019945963,0.01111805266324217
c650e92325732387446dc2d852b65494f5ad00c54291fa9a0d048ad157ead29a,2024,4875806,Jurriente,Davis,LB,Texas A&M,Louisville,defensive_tot,2024,1,1,0.895197358120137,0.8945578231292517,0.010983593744998812,0.01111805266324217
4dc67760b1c8e7f0f9ff062ba3b82d0f78dde48ce9173a7a9d277d5f300e38ae,2024,4921508,Nigel,Glover,LB,Ohio State,Northwestern,defensive_tot,2024,0,0,0.8682229258446043,0.8945578231292517,0.7538110489621652,0.8002336989217456
f69e40a4139e4527c639942ffd22c4c1542a296a4bf7fedfc714b032f2b2770f,2024,4432673,Reid,Carrico,LB,Ohio State,West Virginia,defensive_tot,2024,1,1,0.8916528119677173,0.8945578231292517,0.011739113154502826,0.01111805266324217
3f3bfe5e20a472632137f5cf2880f1bb141064ce7bfc2a994ce02696547f6d84,2024,4918441,Marcellius,Pulliam,LB,Miami,Michigan State,defensive_tot,2024,1,1,0.8911305087922726,0.8945578231292517,0.011852566115829428,0.01111805266324217
fcab3f6833b83ef03e503f09f4804a77e6987f51eecaac390151f2d6d6906a79,2024,4572884,Alex,Howard,LB,Texas A&M,Duke,defensive_tot,2024,1,1,0.8702626349627987,0.8945578231292517,0.016831783886796035,0.01111805266324217
cb15350848e0362d0ba08de1efd31a3bbaa11f07519fb7c7032d5752d74a1fcc,2024,4877393,Johnny,Chaney Jr.,LB,Florida A&M,Colorado,defensive_tot,2024,1,1,0.8978852667210414,0.8945578231292517,0.010427418752632853,0.01111805266324217
3cbed81812420163d1bd81cc089dd8060adcb69dbb468b95226015e56f327ba3,2024,4875669,Kyle,Moretti,LB,Central Michigan,San Diego State,defensive_tot,2024,1,1,0.9315557692206651,0.8945578231292517,0.004684612726974858,0.01111805266324217
b046ca720bbc51947c92c3638a0c4a856e4c7e261a85067e8fe08fd383aaefad,2024,4683724,Zyrus,Fiaseu,LB,San Diego State,Arizona State,defensive_tot,2024,1,1,0.9438598243894931,0.8945578231292517,0.003151719317578552,0.01111805266324217
9af258494cf42521960676e8b717916ebe694229be61ac34ac579198661c0621,2024,4432266,Nikhai,Hill-Green,LB,Charlotte,Colorado,defensive_tot,2024,1,1,0.9317880904652586,0.8945578231292517,0.00465286460237575,0.01111805266324217
ebbdd4f91ba98d380a51c2019a24094f1f0abde317106660d598b8870a6a74c5,2024,4430883,Stephen,Dix Jr.,LB,Marshall,Arkansas,defensive_tot,2024,1,1,0.9213428485290983,0.8945578231292517,0.006186947477516372,0.01111805266324217
de153ffabe31d64c59ccd172f982e8c8c2c6fdfb882beabc2c913224cfa30a07,2024,4688609,Alec,Marenco,LB,New Mexico,Kansas State,defensive_tot,2024,0,0,0.9245882022660877,0.8945578231292517,0.8548633437696359,0.8002336989217456
12f24fab98ca750ce66d7e4f8eca9c97d7c0ea0690e26a61f3a44e8d4121b516,2024,4698693,Parker,McKenna,LB,Portland State,Washington State,defensive_tot,2024,1,1,0.8897735795296625,0.8945578231292517,0.012149863769703634,0.01111805266324217
ff1c0a89afc2a30861d1f2f426aeea77c2557967970e9242d85e907b10bfff36,2024,4702916,Treylin,Payne,LB,Houston,Texas State,defensive_tot,2024,1,1,0.9008288926868637,0.8945578231292517,0.00983490852571359,0.01111805266324217
a34f910e01546cf6056ef442f02d4f629af4c6deb011102817cc1d26d646cf7d,2024,4921298,Ashton,Heflin,LB,Georgia Tech,Marshall,defensive_tot,2024,1,1,0.8884433492023042,0.8945578231292517,0.01244488633719905,0.01111805266324217
badbff32e406de0d1c441049a3183ef21afac3d5822bd9b66c033dc17d6146ed,2024,4875896,Desmyn,Baker,LB,Western Kentucky,Southern Miss,defensive_tot,2024,1,1,0.9105996047772756,0.8945578231292517,0.007992430665979317,0.01111805266324217
e7ff1205b1c9107f881fbdd21f8b9bd5e45ba57cab1d2be00ea8b83766cd81ab,2024,4694700,Evan,Eller,LB,VMI,Wyoming,defensive_tot,2024,1,1,0.8894907356438417,0.8945578231292517,0.012212297508539272,0.01111805266324217
89bf1f541a58c6c8936de41b28bc04b50b4af0e3b111222beed509047176f11a,2024,4427435,Daniel,Heimuli,LB,Arizona,Georgia State,defensive_tot,2024,1,1,0.898356350289697,0.8945578231292517,0.010331431526430788,0.01111805266324217
0d29d4382e98a78f134d1680e4529679c1726913855549e8c63bb436d118eba3,2024,4592570,Ian,Jackson,LB,Alabama,UTSA,defensive_tot,2024,1,1,0.8661560807232275,0.8945578231292517,0.0179141947273672,0.01111805266324217
ed4c0406676815e443efd1fc6d6f4ea33d41a3e4366e92b2e06db92b467c99cb,2024,4685621,T.K.,Wright,LB,NC State,Temple,defensive_tot,2024,1,1,0.8903659977142525,0.8945578231292517,0.012019614457191286,0.01111805266324217
3159573d98f685be5022b8c89b121d6139eda46f4079bc37ee055d540951b721,2024,4677297,Langston,Long,LB,Virginia,South Florida,defensive_tot,2024,1,1,0.895368015171107,0.8945578231292517,0.010947852249233699,0.01111805266324217
d976c6e2b6c2efcee10f43a7734fee3e253b9655c2d71761e05b3a6d0d1616b6,2024,4433854,Nahji,Logan,LB,Massachusetts,Indiana,defensive_tot,2024,0,0,0.9128013909753873,0.8945578231292517,0.8332063793666018,0.8002336989217456
e0b9c0df0d99750df86b93f8b48b41bbbe1737e9a337f4de02a5959f7ee41c0a,2024,4694079,Blake,Leake,LB,Bucknell,Ohio,defensive_tot,2024,1,1,0.8895410335693901,0.8945578231292517,0.01220118326491861,0.01111805266324217
f26a4d274f76ff21e46651cf1c8b0f48221f46436c6dd53594e022ddd154faf7,2024,4360501,Jayden,McDonald,LB,Indiana,UConn,defensive_tot,2024,1,1,0.8661560807232275,0.8945578231292517,0.0179141947273672,0.01111805266324217
191f982f5ac04885c9ac09d47cc22e0ca3cde73c27be3ba67e89614f00867c8f,2024,4428262,Gavin,Potter,LB,Arkansas State,Tulsa,defensive_tot,2024,1,1,0.9024123185412454,0.8945578231292517,0.00952335557249536,0.01111805266324217
8a3d1c735e6fb4e8086d4cb7e64dd45a47cf82adb8097f563efd578d229e5a0d,2024,4430917,Tirek,Austin-Cave,LB,West Virginia,New Mexico,defensive_tot,2024,0,0,0.8887993880139818,0.8945578231292517,0.7899643521340286,0.8002336989217456
c7ed44a3206a94e29a7c0394ceff5054a268fd7c3c87a843f150372e9c47d2b6,2024,5218985,Dan,Foster Jr.,LB,Texas State,Louisville,defensive_tot,2024,1,1,0.8640618939474568,0.8945578231292517,0.01847916867715248,0.01111805266324217
4abe7e2f5185101b7fb5286dce75695617f470026ae6645351aeb8c1e562517d,2024,4709449,Domanick,Moon,LB,Purdue,Western Michigan,defensive_tot,2024,1,1,0.8863408850164425,0.8945578231292517,0.01291839441884555,0.01111805266324217
dd92a1011b7ba76d610ad6862547b4b568ea9899b7360a0682ab2daa01ccd068,2024,4685520,Xavier,Simmons,LB,Missouri,Charlotte,defensive_tot,2024,0,0,0.861940163311047,0.8945578231292517,0.7429408451286743,0.8002336989217456
200a7a4e99aea48bf7fecf7c80d46cbea4741024f179c52fa661a0cfbb9b1b5d,2024,4427371,Marvin,Ham II,LB,Colorado,Arkansas State,defensive_tot,2024,1,1,0.9087187168874221,0.8945578231292517,0.008332272646678596,0.01111805266324217
c5aeeb317f22c6dc728fc3c53b93415b80a394fff79be4233f2e63ac7945a166,2024,4886005,Rodney,Dansby,LB,Houston Christian,Memphis,defensive_tot,2024,0,0,0.8939500595316167,0.8945578231292517,0.799146708936581,0.8002336989217456
792c056ca1a50a58f2896322bfafbc30d5a91527667575df757df9fd01755e8b,2024,5095072,Brendan,Jackson,LB,Gardner-Webb,Troy,defensive_tot,2024,1,1,0.8936912625944965,0.8945578231292517,0.0113015476487523,0.01111805266324217
acfca6d09c0d02ed49afa31bc86f84a720b56d5801efc5dad723e6a34e39b091,2024,5150322,Tano,Letuli,LB,Army,San Diego State,defensive_tot,2024,1,1,0.8900806474374162,0.8945578231292517,0.012082264067777595,0.01111805266324217
4b2409f6979a1f0462a973134a38d07fd43311f83d15aaa506410e3db9be02f2,2024,4694460,Macklin,Ayers,LB,Dartmouth,Massachusetts,defensive_tot,2024,1,1,0.8630616511303316,0.8945578231292517,0.018752111391151006,0.01111805266324217
3d0ef1dafd5c316ef296ddd396b5fec953da752121a1d6f777e65083a8fd2e16,2024,4429856,Dorian,Hopkins,LB,Tulsa,UTEP,defensive_tot,2024,1,1,0.9003289331928337,0.8945578231292517,0.00993432155847861,0.01111805266324217
4d3943294cb6c4868fafbe406d73c6d670c0cffc4933056ad6f84feb97b67515,2024,4430072,Zach,Marcheselli,LB,TCU,Tulsa,defensive_tot,2024,1,1,0.8883478145454448,0.8945578231292517,0.012466210516778396,0.01111805266324217
7427420f620d942b6755a3eda042fd941f174ed74087ed20c0945f4fcfa2d0e4,2024,4921290,Owen,Chambliss,LB,Utah,San Diego State,defensive_tot,2024,1,1,0.8884433492023042,0.8945578231292517,0.01244488633719905,0.01111805266324217
8dedc4a2b2863f2cce028f8f6efae321128d279fdff4fce42fe4a7c54cc5a1a0,2024,4360858,Raymond,Scott,LB,Fresno State,James Madison,defensive_tot,2024,1,1,0.9007608326168097,0.8945578231292517,0.009848412342908857,0.01111805266324217
fb2ab30fc4d12d6d48cac6fecbbdb146f503cebffe6e3b91a28f263743fdcb45,2024,4430632,Joseph,Vaughn,LB,Yale,UCLA,defensive_tot,2024,1,1,0.8663312427010103,0.8945578231292517,0.017867336677856224,0.01111805266324217
97d802e2ed883affc9a207412d93b8e1d96a03ef0872e7dc236118276f114a48,2024,5083768,Christian,Fuhrman,LB,Southeast Missouri State,Northern Illinois,defensive_tot,2024,1,1,0.8906034409490569,0.8945578231292517,0.01196760713218649,0.01111805266324217
cd3b8e262efb707e9d5e70b0b894cd655053c971f97ab04b5bec3eddf43d4d28,2024,5158129,Max,Harris,LB,UL Monroe,Texas State,defensive_tot,2024,1,1,0.9168288123865695,0.8945578231292517,0.006917446449028447,0.01111805266324217
2581134cff3e6d953ffe2dbe459e52bee5771ea5d6f0bca247e0bc6985493d4c,2024,4694413,Noah,Taylor,LB,Cornell,Northwestern,defensive_tot,2024,1,1,0.8640618939474568,0.8945578231292517,0.01847916867715248,0.01111805266324217
b9740e451888187906893787508954ca9352f7d6e244972258a01b07011534cf,2024,4612242,Davon,Hicks,LB,Washington State,Georgia Southern,defensive_tot,2024,1,1,0.861940163311047,0.8945578231292517,0.019060518506580387,0.01111805266324217
f00256946552c1a31bcc08070ed38b0e5772f3c7993642aa5cdc0eeffb5324f0,2024,4568288,Dorian,Jones,LB,Cincinnati,Virginia,defensive_tot,2024,1,1,0.9163281587644235,0.8945578231292517,0.007000977015751515,0.01111805266324217
f443ef78251b006e93cefb018297aae7ba38467e0d00c136c237182e3925d3fb,2024,4695751,Matt,Hudson,LB,Harvard,Memphis,defensive_tot,2024,1,1,0.8630616511303316,0.8945578231292517,0.018752111391151006,0.01111805266324217
30d5b367d29719e9b8c8276f740020e238020a43b0bd9afb4828397d519d939a,2024,4833031,Mani,Powell,LB,Arkansas,UNLV,defensive_tot,2024,1,1,0.8896852123686353,0.8945578231292517,0.012169352370153095,0.01111805266324217
a3c0c15442585440b2b311e38421604ddce0ac79c1414083c9b1d6f5975ce154,2024,4906884,Aidan,Vaughan,LB,Wisconsin,Liberty,defensive_tot,2024,1,1,0.861940163311047,0.8945578231292517,0.019060518506580387,0.01111805266324217
3acfc7702acff60d7e888a691696502112687199edddecb25ef14d1ad9e81f05,2024,4837387,Jordan,Perry,LB,Kansas State,Troy,defensive_tot,2024,1,1,0.8866522456290002,0.8945578231292517,0.012847713420948493,0.01111805266324217
6c42f9430c422a5ffb89778d4211de3f7187b7ff6661a2148956082818632eec,2024,4686634,Terreance,Ellis,LB,Alcorn State,Western Kentucky,defensive_tot,2024,1,1,0.8903999549682263,0.8945578231292517,0.012012169870966817,0.01111805266324217
9813e48426a15f61878aa786344e97a76f4201d160e2ebe221f06e6ba305d97f,2024,4688778,Michael,Batton,LB,UL Monroe,Houston,defensive_tot,2024,1,1,0.9136559795569807,0.8945578231292517,0.007455289866264527,0.01111805266324217
08ea58627e14854214000473e8829487e774fbf0de4c6e20e802b8347f3f688d,2024,4427707,JT,Killen,LB,Coastal Carolina,Eastern Michigan,defensive_tot,2024,1,1,0.9164882402050455,0.8945578231292517,0.0069742140240501805,0.01111805266324217
3544d672f5dbd23f38026b4b64829c4a6137d4d2a36a74189484ca1a1d2764c4,2024,5076124,Jayven,Hall,LB,Marshall,Georgia State,defensive_tot,2024,0,0,0.861940163311047,0.8945578231292517,0.7429408451286743,0.8002336989217456
ddaa9dda5cae941365f37f4faee78a9d4d526e644fa27b9ed34b042c6f93a4e2,2024,4702789,Justin,Medlock,LB,Utah,SMU,defensive_tot,2024,1,1,0.89241576095644,0.8945578231292517,0.011574368490581851,0.01111805266324217
10a9e54907ddbbd6d3137966521c6c576d7d8b5f148774099c7b5254856eb4bf,2024,4573848,Tray,Dunson,LB,Gardner-Webb,UTEP,defensive_tot,2024,1,1,0.8891585768775102,0.8945578231292517,0.012285821079818814,0.01111805266324217
2665e4dbffc4181ee0e53a4661b413aa9eb9f2b3b16368d7805facc092ac1183,2024,5093039,Chandler,Matthews,LB,Limestone College,Western Kentucky,defensive_tot,2024,1,1,0.859790690240967,0.8945578231292517,0.019658650543104467,0.01111805266324217
3381b8282d6d307eed73e37365736bed5beda4a84502b44fd2bdd8fccefb6023,2024,4700119,Jadon,Pearson,LB,Utah,Utah State,defensive_tot,2024,1,1,0.8859513532237838,0.8945578231292517,0.013007093831486126,0.01111805266324217
146b004e255bc2c5524ab8fb0160ea97874e37bd52a2e21b1f5531071418551c,2024,4578871,Brevin,Randle,LB,Louisiana Tech,UTSA,defensive_tot,2024,1,1,0.9234714507691063,0.8945578231292517,0.00585661884738532,0.01111805266324217
a20298b4c39c3f68b5255239406130f0288dc4e5a8eccfac8f81830fead72c70,2024,4882098,Tyquan,King,LB,East Carolina,Temple,defensive_tot,2024,1,1,0.8863408850164425,0.8945578231292517,0.01291839441884555,0.01111805266324217
ae6547c54b2e88afc1c936014356efc678ba068adc07f188ae81f5f7d2534219,2024,4605863,Aaron,Key,LB,Western Kentucky,UConn,defensive_tot,2024,1,1,0.8941410492795476,0.8945578231292517,0.011206117447635163,0.01111805266324217
a899fb6fca2f866bdf3b9356b6bfc1b6ddc59e6a92a3f82fd0e1057d85eafc96,2024,4426795,Jahmar,Brown,LB,Coastal Carolina,Liberty,defensive_tot,2024,1,1,0.888114395131857,0.8945578231292517,0.012518388576710232,0.01111805266324217
f810cfd979216bd46352da51ddad66e332e2beca830f9883d06ceedc54ada67b,2024,4431311,Tremayne,Mejia-Paster,LB,Colorado State,Bethune-Cookman,defensive_tot,2024,1,1,0.8951485988354885,0.8945578231292517,0.010993816326161329,0.01111805266324217
11125a62b88b4eb1138af79797145baf2608d9d1a69552f32d40b62b528c9df9,2024,4837472,EJ,Lightsey,LB,Georgia,Georgia Tech,defensive_tot,2024,1,1,0.8702626349627987,0.8945578231292517,0.016831783886796035,0.01111805266324217
af3a3c851e10c6803c4ce6372efa3d1c679f80dfb9dbe69dd4cd25d4112c952b,2024,5220685,Xavier,Robinson,LB,West Georgia,Georgia State,defensive_tot,2024,1,1,0.859790690240967,0.8945578231292517,0.019658650543104467,0.01111805266324217
99ea747482b3317619acccf906317e0cdc15912b3f8d77c0c8ccca31de812331,2024,4873012,Tre,Pinkney,LB,Coastal Carolina,Southern Miss,defensive_tot,2024,1,1,0.8850277524441281,0.8945578231292517,0.013218617708048686,0.01111805266324217
c0601d8fecd7fec14620cf01b85ba4219f3dca41f426c2199097a04b83f32eed,2024,4882082,Kyle,Taylor,LB,Tarleton State,Arkansas State,defensive_tot,2024,1,1,0.8900395080451937,0.8945578231292517,0.012091309790943017,0.01111805266324217
9cfb65b29d2835adebfea5e1ca6bf6940c82ccbc32d4d239687eefb77792135d,2024,4428022,Darryl,Minor Jr.,LB,Indiana,Memphis,defensive_tot,2024,0,0,0.859790690240967,0.8945578231292517,0.7392400310250384,0.8002336989217456
ca9d5e4ecf58d57e578824eacd0dbc3472d1594f9c8d4658e2484c3db08a4ac0,2024,4880871,Sifa,Leota,LB,North Texas,Louisiana Tech,defensive_tot,2024,1,1,0.859790690240967,0.8945578231292517,0.019658650543104467,0.01111805266324217
fd7d17d4b2106edfd3b13564ec2f12b820a1c4bc42fbdceeacc8c5693a10cad4,2024,5151660,Jamarcus,Jones,LB,UAB,Louisiana Tech,defensive_tot,2024,0,0,0.8826746419748424,0.8945578231292517,0.7791145235854161,0.8002336989217456
e4779e5edcbd380c99f2b7ac98085043116309f7a29f3faf865510aaa5542950,2024,5082195,Jax,Van Zandt,LB,North Texas,UAB,defensive_tot,2024,1,1,0.8554077418247404,0.8945578231292517,0.020906921124220913,0.01111805266324217
6ee5b695fcd7728b6de364dd6d55f5f473e96a5410f447d72105a73021fd46bc,2024,4431566,Julien,Simon,LB,Tulsa,UConn,defensive_tot,2024,1,1,0.9162198621006479,0.8945578231292517,0.007019111506434458,0.01111805266324217
a8fa784a23e51b5e1fa8a06c0ea2f6aa10142317cafb474af6feb34a64e37297,2024,4592781,Luke,Murphy,LB,Kent State,Eastern Michigan,defensive_tot,2024,1,1,0.859790690240967,0.8945578231292517,0.019658650543104467,0.01111805266324217
2e24bd5ad14479081d91166025b070f9ab052a8dd7ae9bafdedf2a97f58f012b,2024,4565447,Teylor,Jackson,LB,East Carolina,Liberty,defensive_tot,2024,1,1,0.9181146032091687,0.8945578231292517,0.006705218207591883,0.01111805266324217
9af1c635f2a97e6b3cfbfbf74459cc749e384bccadb43cb3d65a812835be81eb,2024,5165125,Xe'ree,Alexander,LB,Idaho,UCF,defensive_tot,2024,1,1,0.896832501428835,0.8945578231292517,0.010643532761431339,0.01111805266324217
863fdedac822cfd46d62683bb25c2cf1d65150d87a1e4af559ac6f104531e95e,2024,4612847,RaRa,Dillworth,LB,East Carolina,Baylor,defensive_tot,2024,1,1,0.9001893311233554,0.8945578231292517,0.009962169621603187,0.01111805266324217
cdb9547c53cc053fd2b41be1e6e55782d902c9920313df04aec9b17f2877a616,2024,5082673,Austin,Harnetiaux,LB,Washington,Nevada,defensive_tot,2024,1,1,0.8576132799887336,0.8945578231292517,0.02027397803556677,0.01111805266324217
3cfee993b7faef810b6eab36463f9d66f6147e3f869440c817ad4ce785b93b6f,2024,4917203,Carmycah,Glass,LB,Missouri,Louisiana,defensive_tot,2024,1,1,0.859790690240967,0.8945578231292517,0.019658650543104467,0.01111805266324217
b0336884f4b14cb30aa83ba3bd6c5cfbd93997f032c5adc0e6b858a990c45617,2024,4878142,Mason,Woods,LB,Towson,Kent State,defensive_tot,2024,1,1,0.8849591972159487,0.8945578231292517,0.013234386305198978,0.01111805266324217
a7ce249be96dab5bec476ac37994e6e88a23a5bb65d0bab2f6ca9e7577747eda,2024,4429028,Chris,Thompson Jr.,LB,USC,Tulsa,defensive_tot,2024,1,1,0.8923499559332747,0.8945578231292517,0.011588531987567898,0.01111805266324217
2b6315083157ff1fb07fe841ae78bfac388473bb1783cecdcc7c5bf36bda28cb,2024,4880661,James,Neal,LB,UTEP,Texas State,defensive_tot,2024,1,1,0.9163141511421398,0.8945578231292517,0.007003321299060627,0.01111805266324217
56269d939ab98d8cfde3963abad3cc4d60c01aa8d9345807f132d201d75051c8,2024,5091834,Chris,Pearson,LB,Houston,Arkansas State,defensive_tot,2024,1,1,0.8871339432664656,0.8945578231292517,0.012738746762577417,0.01111805266324217
f84bc8048fcca60b9830a4686337f3797d8e979ff1c733e32ddc53b4b627e495,2024,4869654,Justin,Eklund,LB,San José State,Bowling Green,defensive_tot,2024,1,1,0.8866629854666929,0.8945578231292517,0.012845278863323073,0.01111805266324217
a6279b298645f0d0647379fb78a821503ef33ecf9929704b592b9b7835ce3f1e,2024,4612846,Jackson,Hamilton,LB,Louisville,Georgia Tech,defensive_tot,2024,1,1,0.8967512317607957,0.8945578231292517,0.010660308142912914,0.01111805266324217
d6f014ae55ac163a0912d03c830a6148ca642077ac578c071e2bf36db88a8a4b,2024,4869598,Reginald,Hughes,LB,Ole Miss,Jacksonville State,defensive_tot,2024,1,1,0.888321747592083,0.8945578231292517,0.01247203206088641,0.01111805266324217
67ebd2e66d32317273860ace33fbaf7e62998c1d2bc5952ce3a775f3e376de0c,2024,4808997,Mekhi,Mason,LB,Syracuse,Louisiana Tech,defensive_tot,2024,1,1,0.8640618939474568,0.8945578231292517,0.01847916867715248,0.01111805266324217
a6b3b1ac1e8df6aa6c3c55bc7e690a59e2a4c60cec49d75d7cc5979610646311,2024,4904970,Javante,Mackey,LB,Arkansas State,Memphis,defensive_tot,2024,0,0,0.9271137775211606,0.8945578231292517,0.8595399564695562,0.8002336989217456
ef70bfd7ac2eefc90e012e6e7351b89745d7a4dca72a243997b410248aad5013,2024,4431200,Keith,Brown,LB,Louisville,Washington State,defensive_tot,2024,1,1,0.8899068526895436,0.8945578231292517,0.01212050108472185,0.01111805266324217
db87302efd5d0ac154f5b5f7ff61c7cc4e3d4d3189683e6234604007fae5ccb8,2024,5086188,Marc,Pretto,LB,Fordham,Northern Illinois,defensive_tot,2024,1,1,0.8905246392507218,0.8945578231292517,0.011984854611184606,0.01111805266324217
c4f74551773551c70bff6e295409c929aaf35f3bb9953ef40680a8c8cfd2e693,2024,4916436,E.J.,Warner,QB,Temple,Rice,passing_yds,2024,1,1,0.942884842884405,0.8435114503816794,0.0032621411723391027,0.024488666161645585
44691c102faf956794798e689ceb24ce64e1af168bad4fb3e4aaede78391f1f4,2024,4871092,Dylan,Wittke,QB,Virginia Tech,Minnesota,passing_yds,2024,0,0,0.7509458784862789,0.8435114503816794,0.5639197124155292,0.7115115669250044
f719028ec4787ed9687a93c7546b96877aebd7b0d34409bc188ead2eefc8d813,2024,4360689,Tyler,Shough,QB,Texas Tech,Louisville,passing_yds,2024,1,1,0.9328088975811787,0.8435114503816794,0.004514644244256535,0.024488666161645585
38e8143c002df21c56adec4b7b2f8aec3296e4d6101debbb076bccdbb94d1fe0,2024,5150426,Deljay,Bailey,QB,Ole Miss,Grambling,passing_yds,2024,1,1,0.6913256341219401,0.8435114503816794,0.09527986415022235,0.024488666161645585
608b3b3c6ddb4abb0658bddf45b50ffe94c95ef422596f54856e0a6fdfa26ba2,2024,4429120,Micah,Bowens,QB,Charlotte,Bethune-Cookman,passing_yds,2024,1,1,0.7476692688576144,0.8435114503816794,0.06367079787885087,0.024488666161645585
7bb80497c209ffe7951e4f85db5fa1b52d32f02c919306d85daff97dda1e038d,2024,4427238,Dillon,Gabriel,QB,Oklahoma,Oregon,passing_yds,2024,1,1,0.9945167894092198,0.8435114503816794,3.0065598382843747e-05,0.024488666161645585
86b3b46f3c1419804c12e19fbdfb78c89eb11fa1d4a4aaaf729f80404ea4b05b,2024,4432138,Mason,Garcia,QB,East Carolina,Austin Peay,passing_yds,2024,1,1,0.9362652764324491,0.8435114503816794,0.004062114988232134,0.024488666161645585
17e6464480edae0022db3243887e0ff7d8805796f67ad4b6b95ba354bc04c3dc,2024,4565355,Dexter,Williams II,QB,Indiana,Georgia Southern,passing_yds,2024,1,1,0.7552519566209465,0.8435114503816794,0.05990160473787507,0.024488666161645585
0653601ec766b8ffd5b4b79f78e8a9ec01c160bf076ae91ec8a23afa9750e224,2024,4570743,Santino,Marucci,QB,Wake Forest,New Mexico State,passing_yds,2024,1,1,0.8344283849409541,0.8435114503816794,0.02741395971326089,0.024488666161645585
9557131a0ba0b944a9e52200ca2baee35ff35aa5371aa52562fd1de9f0baad96,2024,5079653,Demond,Williams Jr.,QB,Arizona,Washington,passing_yds,2024,1,1,0.8588176786988646,0.8435114503816794,0.019932447847977028,0.024488666161645585
a5501ad5897cb6ead7eedb9e6eef630bef0fb6f769f656b2b15e2dea6a05b444,2024,4426499,Hank,Bachmeier,QB,Louisiana Tech,Wake Forest,passing_yds,2024,1,1,0.9536204973892601,0.8435114503816794,0.002151058262419626,0.024488666161645585
0a64ed47e800bfaeffb07f480b7cc1a4ad60aab6a224c90b7a46568455494e8e,2024,5075805,Aidan,Chiles,QB,Oregon State,Michigan State,passing_yds,2024,1,1,0.9681405686061026,0.8435114503816794,0.0010150233687424523,0.024488666161645585
c2cf74e20524b662adf74435a049ec95c1d1e546cacf4d1ef38672f133493bcc,2024,4683311,Sam,Vidlak,QB,Montana,Stephen F. Austin,passing_yds,2024,1,1,0.8687158538685336,0.8435114503816794,0.017235527025468236,0.024488666161645585
a442e5e0d9a185d7dc03aae351adb8f02ae442f99d4d20b1e3a5e355295c0173,2024,5193926,Cameran,Brown,QB,West Georgia,Texas Tech,passing_yds,2024,1,1,0.7552519566209465,0.8435114503816794,0.05990160473787507,0.024488666161645585
0a433aa1387b313a5c11ff863dd7a6cd0322fe6a9fca400cf9f8dfd91ee6b603,2024,4893657,Gavin,Wimsatt,QB,Rutgers,Kentucky,passing_yds,2024,1,1,0.9712896060320074,0.8435114503816794,0.0008242867217973445,0.024488666161645585
3ce62d6662b89501c517e6c5d396fed69e2ea922b54b9bb8ac522fadf6779bd3,2024,4427313,Ta'Quan,Roberson,QB,UConn,Kansas State,passing_yds,2024,1,1,0.9505698628022391,0.8435114503816794,0.0024433384633894663,0.024488666161645585
dbb2f3c3e435343288e295d44cd75f85a1f25424a6a9042d8566818feafe79af,2024,4884086,Jalen,Macon,QB,Arkansas-Pine Bluff,Northern Illinois,passing_yds,2024,1,1,0.9131136070008296,0.8435114503816794,0.007549245288406295,0.024488666161645585
8285f663f8ea1d6d763b258fc92248fe5d24da1d73489519ecc33129a58b7359,2024,5081925,General,Booty,QB,Oklahoma,UL Monroe,passing_yds,2024,1,1,0.7509458784862789,0.8435114503816794,0.06202795544297135,0.024488666161645585
d3cbbda355ce4c13e39b6e09eebe576f2b70cf0379252d4a8111446b48a27aae,2024,4686788,CJ,Harris,QB,Ohio,California,passing_yds,2024,1,1,0.8731698337039293,0.8435114503816794,0.016085891082688944,0.024488666161645585
61ef367109ff3d9d7e681b0152d79cc4acf1bf4a16047509ae943edb6c5149fb,2024,4685440,Kyle,Lowe,QB,Middle Tennessee,Georgia State,passing_yds,2024,1,1,0.9716823247058414,0.8435114503816794,0.000801890734065402,0.024488666161645585
8f716ec0738a272bc5d7b53614124ed1fb3e315127f2eb449e4505d806131947,2024,4571364,Hajj-Malik,Williams,QB,Campbell,UNLV,passing_yds,2024,1,1,0.9749911046250906,0.8435114503816794,0.0006254448478731626,0.024488666161645585
37167488b80c800d60980c76866faa415b5b45ccc0186a2d82c1490433c570ef,2024,4427354,Jarrett,Guest,QB,Coastal Carolina,Bryant,passing_yds,2024,1,1,0.8268601403146061,0.8435114503816794,0.029977411011877893,0.024488666161645585
6a7fdaa9f25f9b1132529e43925667e57c126e54da86590c4c956c0d93bde28c,2024,4695904,Matthew,Sluka,QB,Holy Cross,UNLV,passing_yds,2024,1,1,0.9913900983827851,0.8435114503816794,7.413040585811916e-05,0.024488666161645585
a37da0dd41a65d95fb07e370a223f9df0ab0cbf730ba7dfbbcd90ace36b627b8,2024,4683867,Xavier,Ward,QB,Sam Houston,San José State,passing_yds,2024,1,1,0.6913256341219401,0.8435114503816794,0.09527986415022235,0.024488666161645585
e7b8ddc9288db106eb7e4b317f344798b9cdc90f0eaf288272c86040d588e06d,2024,5152503,Adam,Damante,QB,Northern Arizona,Arizona,passing_yds,2024,0,0,0.8130413927156085,0.8435114503816794,0.6610363062689363,0.7115115669250044
6ea649ebbd0f444aff89da6aa43dbe9a557346885fe970253848390c9496e851,2024,4570048,Michael,Johnson Jr.,QB,Florida Atlantic,Syracuse,passing_yds,2024,1,1,0.8080010824153002,0.8435114503816794,0.03686358435369634,0.024488666161645585
4462d2062d6923b731e4881aa30f8bd07d331a6eab1eb8eca19e93b5a18f8257,2024,4801302,Julian,Calvez,QB,Grambling,UT Martin,passing_yds,2024,1,1,0.614953470051712,0.8435114503816794,0.14826083022521788,0.024488666161645585
b6258bd49c9a29f3bb835c41209f105b3d07a022e7e7d126cca9fac18ab5b88c,2024,4718525,Macloud,Crowton,QB,Utah,San José State,passing_yds,2024,0,0,0.6332319786217907,0.8435114503816794,0.400982738749268,0.7115115669250044
c52d8f6c80bbd655ddc5e8c960bf5744e74f17e3dcfc5eeaf7475546e1072d15,2024,4913758,Dijon,Jennings,QB,Akron,Weber State,passing_yds,2024,1,1,0.6913256341219401,0.8435114503816794,0.09527986415022235,0.024488666161645585
69a45ecbb4b1c2804a279b623b2050f16a1753ed8bb6d78f7c51ba1eb525a447,2024,5081856,Nate,Glantz,QB,McNeese,Lindenwood,passing_yds,2024,1,1,0.8310660445900915,0.8435114503816794,0.02853868129043696,0.024488666161645585
d6cdf47c64a60df74fd7f4facf6d3ff4ac7db0d72018970ee2e94c54bea51357,2024,4685186,Tyler,Van Dyke,QB,Miami,Wisconsin,passing_yds,2024,1,1,0.9700270075152622,0.8435114503816794,0.0008983802784901508,0.024488666161645585
3ce3a7ae8082fb409f946b39497128001fbac11250cde37b8397a3ab7be93aa5,2024,4682642,DC,Tabscott,QB,New Mexico,North Alabama,passing_yds,2024,1,1,0.6917084067768587,0.8435114503816794,0.0950437064520628,0.024488666161645585
c5acc8853e859a5d44ad27474c36bc0821ea230d5b2722ba207ba7b437a1e049,2024,4832789,Carson,Haggard,QB,Tulane,Abilene Christian,passing_yds,2024,1,1,0.6913256341219401,0.8435114503816794,0.09527986415022235,0.024488666161645585
96a8417b802cedd640c1796676007931e4d799c3f55dcbe633ca1d2b9ee55292,2024,4576189,Aveon,Smith,QB,Miami (OH),Alabama A&M,passing_yds,2024,1,1,0.8841432122676659,0.8435114503816794,0.013422795263655122,0.024488666161645585
c9536677f375180e793977420f9da6c96c6499a995f1ce11454c4ee347acdab8,2024,4920152,Steele,Wasel,QB,Akron,Oklahoma,passing_yds,2024,0,0,0.5662566141921487,0.8435114503816794,0.3206465531163559,0.7115115669250044
d6b48a979b3a134a6c39fa530c901de533e648a61616b2a1a03373bbc73430f8,2024,4428887,Davis,Beville,QB,Oklahoma,South Carolina,passing_yds,2024,1,1,0.7523914738469087,0.8435114503816794,0.06130998222370608,0.024488666161645585
202f81f1c73d2fb5bd3719e3e5cb88fa2a7a7b6d68fbd6178f0eff20602c75a1,2024,4570554,Chandler,Rogers,QB,North Texas,California,passing_yds,2024,1,1,0.9764865760644353,0.8435114503816794,0.000552881105173585,0.024488666161645585
3d9ac92f574b98a8a9402368625f3ce7589c6f572167deb97a68cfab2b8ac1b7,2024,4695706,Adryan,Lara,QB,Kansas State,Louisiana,passing_yds,2024,0,0,0.6913256341219401,0.8435114503816794,0.4779311323941027,0.7115115669250044
cb4e763c5a8294312e52ff5b1079916e7b0501a62e1e3369564b259e9bdd27bf,2024,4688380,Cam,Ward,QB,Washington State,Miami,passing_yds,2024,1,1,0.9918856053222387,0.8435114503816794,6.584340098648117e-05,0.024488666161645585
0b17900872271d55a073e8d4a771d553ba2fad12fb29eec7d1d3897d47cf3f78,2024,4683386,William,Haskell,QB,Washington,Portland State,passing_yds,2024,1,1,0.6913256341219401,0.8435114503816794,0.09527986415022235,0.024488666161645585
7f501d1c402e1922ac65f5b711c3521f410f7ae7262b7594df9412fbe2b959cb,2024,4431535,Jake,Rubley,QB,Kansas State,Illinois State,passing_yds,2024,1,1,0.9325378098879546,0.8435114503816794,0.004551147094713749,0.024488666161645585
67a40c58995158a6305fd5b596cf9c52e511403c0b6a02d903073a0ed4a419e4,2024,4697131,Bronson,Barron,QB,Western Kentucky,Southern Utah,passing_yds,2024,1,1,0.7908220975007196,0.8435114503816794,0.04375539489399844,0.024488666161645585
0152008dacc1bfa4a094545639b3c0c2ce69286d29249f4c12043bb953e2fa51,2024,4836471,Jackson,Stratton,QB,Colorado State,Iowa,passing_yds,2024,1,1,0.6913256341219401,0.8435114503816794,0.09527986415022235,0.024488666161645585
204ebad190dc7e3f38dc88c943c412e2693457546811a7f8dc74c7a4a8340acb,2024,4686096,Hunter,Helms,QB,Clemson,Rhode Island,passing_yds,2024,1,1,0.8375224938574086,0.8435114503816794,0.026398940002315817,0.024488666161645585
cbd1f4d6185dc6d94f4db633120df4a95af8293b5be88e26fbf4023345c74cd6,2024,4432782,Brock,Vandagriff,QB,Georgia,Kentucky,passing_yds,2024,1,1,0.9504509014205105,0.8435114503816794,0.002455113170039971,0.024488666161645585
0d63ceb9c34eaa6608de180f98c2d43e0f319a3ae572d2f5a87a5f12b4bb297d,2024,4680017,Lucas,Coley,QB,Houston,Prairie View A&M,passing_yds,2024,1,1,0.6913256341219401,0.8435114503816794,0.09527986415022235,0.024488666161645585
ba741874b9a5ed04441adb6725bbcbe3b2ddaf7785635df039f71fd36d33d6aa,2024,4731981,Carlos,Davis,QB,Massachusetts,Towson,passing_yds,2024,1,1,0.8336098439035728,0.8435114503816794,0.027685684045793395,0.024488666161645585
130021267ed66b22f0a11720bd84483193b2eaebdefb35fee95b00aeefa6df5a,2024,5081127,George,Hamsley,QB,LSU,Tennessee State,passing_yds,2024,0,1,0.6332319786217907,0.8435114503816794,0.400982738749268,0.7115115669250044
c291bede9339bbb5c6a8416dad779a8bde33b4f3b6bc505099da7e74d1b4b0ea,2024,4917305,Cam'Ron,McCoy,QB,Eastern Michigan,Jackson State,passing_yds,2024,1,1,0.7898960234597442,0.8435114503816794,0.04414368095802836,0.024488666161645585
1b6a666ea2b1a1f141745a56c5566a7e7527b600a11f6b579022dd12b30335c7,2024,4917421,Nevan,Cremascoli,QB,Northern Illinois,South Dakota,passing_yds,2024,1,1,0.6332319786217907,0.8435114503816794,0.13451878150568658,0.024488666161645585
273100d044f723f29b1e0d52a33ea8dd8aa88df44e91d419086d104791a5bbf0,2024,4597247,Austin,Smith,QB,Eastern Michigan,Austin Peay,passing_yds,2024,1,1,0.8747040580992826,0.8435114503816794,0.01569907305678794,0.024488666161645585
fb8f0e52463c2699256ffb855c4ed9d23d0262fc86d5836ce5aeb50853e6b19e,2024,4683471,Brady,Olson,QB,Massachusetts,Central Connecticut,passing_yds,2024,1,1,0.3991645645719074,0.8435114503816794,0.36100322046606564,0.024488666161645585
1251a4859c2b6f47134b0e1a73f39e9df35d8a361e42d4c0681082c4400073f5,2024,4430699,Jack,Salopek,QB,Western Michigan,Elon,passing_yds,2024,1,1,0.8954138899088886,0.8435114503816794,0.010938254423990075,0.024488666161645585
6fd42a6b3b3d048c52eede4122add8ca74330258f0c8b013e8855909c5803794,2024,4801301,Tevin,Carter,QB,Memphis,Tennessee State,passing_yds,2024,1,1,0.7264314247718984,0.8435114503816794,0.0748397653523335,0.024488666161645585
89ba83719e5ed42c70a7da877504dca0e26597aa33f1db53756a0fc8a293477c,2024,4923285,McCae,Hillstead,QB,Utah State,BYU,passing_yds,2024,0,0,0.9076074967410535,0.8435114503816794,0.8237513681405614,0.7115115669250044
a6836173511eccf9384138d0477486bb59c5ab5ebfd0ca3b7226316698b701ed,2024,4879190,CJ,Rogers,QB,Texas State,Houston Christian,passing_yds,2024,1,1,0.6332319786217907,0.8435114503816794,0.13451878150568658,0.024488666161645585
ab3d0ca32b1037a9b144af769b71f9568ca42de6d1478cc5df06dd6323e60c88,2024,4570259,Daniel,Richardson,QB,Florida Atlantic,Florida A&M,passing_yds,2024,1,1,0.8568126114688241,0.8435114503816794,0.02050262823437791,0.024488666161645585
60902c0fd97e64ef89a1d7360f844bfc7aa8ba6a41664f33b2f6c565dbd85a17,2024,4685497,Maalik,Murphy,QB,Texas,Duke,passing_yds,2024,1,1,0.9402135129606048,0.8435114503816794,0.0035744240325117646,0.024488666161645585
c96c18c9e0c25a9c3b5ad1ebf9d1d4e3ac3706909e7516ebc144590648ad309f,2024,4426687,Johnathan,Bennett,QB,Liberty,The Citadel,passing_yds,2024,1,1,0.5813981558975346,0.8435114503816794,0.1752275038859847,0.024488666161645585
4e6814008e46631538f3b874ca4e1ea0f12f7937df0b991d50dc7af151c2fa79,2024,4682688,Kaiya,Sheron,QB,Kentucky,UT Martin,passing_yds,2024,1,1,0.8526286078167981,0.8435114503816794,0.021718327234015115,0.024488666161645585
772de56ffdc28123e34b326b59a14c0fa165eb6dfb92fd7a23197c0d45f3581a,2024,4429620,Justin,Fomby,QB,Houston Christian,North Carolina A&T,passing_yds,2024,1,1,0.9100888553496789,0.8435114503816794,0.00808401393233097,0.024488666161645585
078dc4ae42feea6f17c7a8dba79a89e9b322441453735d69f6b04239bd9673e8,2024,5079712,Julian,Sayin,QB,Alabama,Ohio State,passing_yds,2024,1,1,0.9262528216750063,0.8435114503816794,0.005438646310898416,0.024488666161645585
f70c9de07db2a75658a450d033991bd483e968bef8c9397e0b83cbd6abd8ca3a,2024,4870928,Malachi,Nelson,QB,USC,Boise State,passing_yds,2024,1,1,0.8908609471836322,0.8435114503816794,0.011911332849653926,0.024488666161645585
878a053e131e03a6cc67b8d9ac095f44ae5b8e7334068da18c97b953d04df1ad,2024,4870932,Luke,Rucker,QB,Florida Atlantic,South Florida,passing_yds,2024,0,0,0.6913256341219401,0.8435114503816794,0.4779311323941027,0.7115115669250044
2abbddec6c4bbbb305d0f3ac3ee3120bf7e0112dbcf2cb0f8d6e0481c90e9fd8,2024,4429020,DJ,Uiagalelei,QB,Oregon State,Florida State,passing_yds,2024,1,1,0.9809453284443522,0.8435114503816794,0.0003630805080936123,0.024488666161645585
188b45f9c57569dd18ca989777ea02ecdb3befb850bc0419f0e10273f3ba9281,2024,4573398,Max,Brosmer,QB,New Hampshire,Minnesota,passing_yds,2024,1,1,0.9879881255743954,0.8435114503816794,0.0001442851272164935,0.024488666161645585
5750405a93945fe5e90acd351e3bbcbfc6916aa57036c8f8b3276b0f17f5c750,2024,5079508,Austin,Mack,QB,Washington,Alabama,passing_yds,2024,1,1,0.8643408935889275,0.8435114503816794,0.01840339315225069,0.024488666161645585
2181963974976fac5dc5f8784aba0f87df0841164609a5042bbd8cc18ea7d871,2024,4685454,Jayden,Maiava,QB,UNLV,USC,passing_yds,2024,1,1,0.9811251189925442,0.8435114503816794,0.0003562611330456166,0.024488666161645585
0e4914789c2c31e93c9c9ddbb5c082374db749fc6c7f3cca93b2f15c72196438,2024,4567149,KJ,Jefferson,QB,Arkansas,UCF,passing_yds,2024,1,1,0.9718928624125666,0.8435114503816794,0.0007900111833589136,0.024488666161645585
12614ed4cea2956b9ce2efb74dc4f8d0a5a0b072e5cf5b5d7594b0bfb51f48cf,2024,4683423,Riley,Leonard,QB,Duke,Notre Dame,passing_yds,2024,1,1,0.9762708446300781,0.8435114503816794,0.0005630728145698947,0.024488666161645585
7a10ad567c6c80143f9bdc6fb7494b893b79d3380cd0eb19eae6d607af425668,2024,4427191,Dequan,Finn,QB,Toledo,Baylor,passing_yds,2024,1,1,0.9900076862628545,0.8435114503816794,9.98463338215464e-05,0.024488666161645585
86bba79f044100a6e6e89957c529b5e6595625ba6a965ad7cbaa095667d262f9,2024,4870921,Dante,Moore,QB,UCLA,Oregon,passing_yds,2024,1,1,0.9414033569739629,0.8435114503816794,0.0034335665739208183,0.024488666161645585
fe2b398059666a12d61cfc5af9507c218ba80bca11fd845b8df2578bc0432769,2024,4433971,Kyle,McCord,QB,Ohio State,Syracuse,passing_yds,2024,1,1,0.9727292341062498,0.8435114503816794,0.00074369467243173,0.024488666161645585
39f6eb78e7be557ab8ab595108756f2f91c1922565e16b7861ee2e055fcdc114,2024,4429955,Will,Howard,QB,Kansas State,Ohio State,passing_yds,2024,1,1,0.9894540562740477,0.8435114503816794,0.00011121692907095269,0.024488666161645585
a7e1e28b970441e34626286ee46bdb06f9d07d54bf784c1dc0897a813474cd3c,2024,4430431,Kurtis,Rourke,QB,Ohio,Indiana,passing_yds,2024,1,1,0.9818471947320123,0.8435114503816794,0.0003295243390974813,0.024488666161645585
33713835c31607bc40bfabff79a8e378e54f97e053a298aa480f65b3cad57e1c,2024,4899046,Brendan,Sorsby,QB,Indiana,Cincinnati,passing_yds,2024,1,1,0.9774126738152402,0.8435114503816794,0.0005101873041767349,0.024488666161645585
f604b743741e7321f79b96132fef5b4fd6018dbc9146a2fce0d975ebdddf1dcc,2024,4427936,Grayson,McCall,QB,Coastal Carolina,NC State,passing_yds,2024,1,1,0.9678359228928999,0.8435114503816794,0.001034527856151482,0.024488666161645585
f5a3acba9f910148ba7c02a6b8d5c4c94dc00470b8750d778e520343c6b61806,2024,5078810,Sam,Leavitt,QB,Michigan State,Arizona State,passing_yds,2024,1,1,0.9194290415089486,0.8435114503816794,0.006491679352166735,0.024488666161645585
854de3048efa5ee7e5d1f3380b726586ae28ccb0a8f52881580f7fb86c75b7df,2024,102597,Will,Rogers,QB,Mississippi State,Washington,passing_yds,2024,1,1,0.9632324889448596,0.8435114503816794,0.0013518498691898733,0.024488666161645585
6c5b7482733f16691bb794d55f1722b91caacb522e8d70211f9a94754eba0b51,2024,5081405,AJ,Swann,QB,Vanderbilt,LSU,passing_yds,2024,1,1,0.9133654472765171,0.8435114503816794,0.007505545725597931,0.024488666161645585
ef62ce54c872f3ff6979bfe6c32c8d6e3f8cc49c734a66879d1983d036be66c5,2024,4360890,Jordan,McCloud,QB,James Madison,Texas State,passing_yds,2024,1,1,0.9849201132354215,0.8435114503816794,0.00022740298483250976,0.024488666161645585
4fbc45648fab0960f7a4066c6c753f47ee4d9156c99d44c01083a71f499da284,2024,4433886,Tate,Rodemaker,QB,Florida State,Southern Miss,passing_yds,2024,1,1,0.8913085242524268,0.8435114503816794,0.011813836900185296,0.024488666161645585
fbbde9d108501fe9fb46df179d6dea973f770f01af1a61382ca4cb2dfed66a38,2024,4579073,Tommy,Schuster,QB,North Dakota,Michigan State,passing_yds,2024,1,1,0.9626159063117133,0.8435114503816794,0.0013975704608945943,0.024488666161645585
6b376e433475a2b02a58128aa122f0f4d272ded1ab84eb24f0b14364830be3b6,2024,4697512,Robby,Ashford,QB,Auburn,South Carolina,passing_yds,2024,1,1,0.9318360062056978,0.8435114503816794,0.004646330049989663,0.024488666161645585
e2341e51f0b33098622c96314b454c335e0f6f18a5c74f9dd170d713aa4808c7,2024,5084180,Diego,Pavia,QB,New Mexico State,Vanderbilt,passing_yds,2024,1,1,0.9890099281104037,0.8435114503816794,0.00012078168013849547,0.024488666161645585
ea0185d78fc89619e6db6f780be9d7c91b354e03e04a5c87076382b71c2fffff,2024,4692530,Chandler,Morris,QB,TCU,North Texas,passing_yds,2024,1,1,0.9589991069805583,0.8435114503816794,0.0016810732283916994,0.024488666161645585
b98e89d828b3241fb20e6e16dc37a9f96746670744ed82c6f966e974d7f11350,2024,4870864,Gabarri,Johnson,QB,Missouri,Oregon State,passing_yds,2024,1,1,0.7678656405468808,0.8435114503816794,0.053886360838709964,0.024488666161645585
92f5b880c9896a61a87371ca2967c14295c7940a4b810b7cc958ed9821ca6287,2024,4875125,Max,Brown,QB,Florida,Charlotte,passing_yds,2024,1,1,0.9172646016002381,0.8435114503816794,0.006845146148367316,0.024488666161645585
a21cae153ec9b81da8f87020e01127a8945e4402f0fe16268d18e18ebfb75671,2024,4870819,Eli,Holstein,QB,Alabama,Pittsburgh,passing_yds,2024,1,1,0.7719680126139866,0.8435114503816794,0.051998587271214966,0.024488666161645585
3e2bd1938c2f599a220c07a13e6dd3c71c346ba89302e9e9609d99ea398c0d03,2024,4433969,Timmy,McClain,QB,UCF,Arkansas State,passing_yds,2024,1,1,0.9188851066502486,0.8435114503816794,0.006579625923141546,0.024488666161645585
f28adc182cb3e977b6af7f830e31f962500b3843ab379716c5185fd99ff54dda,2024,4431375,Ken,Seals,QB,Vanderbilt,TCU,passing_yds,2024,1,1,0.9331336250820044,0.8435114503816794,0.0044711120946739555,0.024488666161645585
c4a0c38a8c8f1d8342258371ef40cacee62f2bade7562b0a5dedcfbc5a2c588f,2024,4688540,Treyson,Bourguet,QB,Western Michigan,BYU,passing_yds,2024,0,0,0.9076486265773074,0.8435114503816794,0.8238260293276723,0.7115115669250044
c1015dc72a63a2fa59031036304359fd297c486298c620c5b39444a74e430f10,2024,5121691,Blaze,Berlowitz,QB,New Mexico State,Vanderbilt,passing_yds,2024,0,0,0.8761194189753162,0.8435114503816794,0.7675852363056457,0.7115115669250044
cd78046c6239aa02a94ab957d167ff944960724f975fc3de6d1cd84f1d8f0b15,2024,4565315,Blake,Shapen,QB,Baylor,Mississippi State,passing_yds,2024,1,1,0.9585926950814047,0.8435114503816794,0.0017145649006215303,0.024488666161645585
df19791131e34fc78f1bcc5a3bd2252510f0a503bd5116a0a031453204e2b3f6,2024,4755664,Nick,Evers,QB,Wisconsin,UConn,passing_yds,2024,1,1,0.7678656405468808,0.8435114503816794,0.053886360838709964,0.024488666161645585
fba005db97c26a0a10d740742343a8233fbaf7850b4bf90413954032723d6e4d,2024,4685334,AJ,Duffy,QB,Florida State,San Diego State,passing_yds,2024,0,0,0.8174048914513782,0.8435114503816794,0.6681507565686393,0.7115115669250044
4fbfedb95815cd5cecc8b58ca87bf818a53c6c0fa738fe2388d1a77fdecc878d,2024,4431325,Taylen,Green,QB,Boise State,Arkansas,passing_yds,2024,1,1,0.9679543823802221,0.8435114503816794,0.0010269216086330175,0.024488666161645585
2b18bff4c86a2e64e198bbb39b3e6f3eaade0b96e7d7c0fcee1859ebd78fb74a,2024,4887446,Gevani,McCoy,QB,Idaho,Oregon State,passing_yds,2024,1,1,0.9635349748504146,0.8435114503816794,0.0013296980591598945,0.024488666161645585
a5740b83c041670f1dd4807d4c8e24b0d452d66cd2bd2e2173dc838e332b6c4b,2024,4876066,Zevi,Eckhaus,QB,Bryant,Washington State,passing_yds,2024,1,1,0.9700002153768178,0.8435114503816794,0.0008999870774373192,0.024488666161645585
e9090c7df97a1581881f3fd03ca45d7f82d7932b4599a06eee1012e73e6bec06,2024,4600403,Braylon,Braxton,QB,Tulsa,Marshall,passing_yds,2024,1,1,0.8727349879467018,0.8435114503816794,0.01619638329292614,0.024488666161645585
e5f0ca21e901ee78c042b1f3d6a987ce543834af52815a071b3dfd77ff8ecaab,2024,4428439,Collin,Schlee,QB,UCLA,Virginia Tech,passing_yds,2024,1,1,0.9432644280240939,0.8435114503816794,0.0032189251274332173,0.024488666161645585
e39df50801aa675e87a3c574233d1bb01ef6324d086839838198b964e6e3f9ff,2024,5074245,Broc,Lowry,QB,Indiana,Western Michigan,passing_yds,2024,1,1,0.944113869530034,0.8435114503816794,0.003123259578906067,0.024488666161645585
e7318b30ba210c2e4d7f1e7cb5a1d376197fd42469f5079a49387ffe58939735,2024,4570057,Cole,Snyder,QB,Buffalo,Eastern Michigan,passing_yds,2024,1,1,0.9418101945220869,0.8435114503816794,0.003386053461557363,0.024488666161645585
bf6d50ffdeb621ddd035b8200a218a76dd059b24bf3ec4ca25922a909b54efe0,2024,4432703,Jake,Garcia,QB,Missouri,East Carolina,passing_yds,2024,1,1,0.7637120554461194,0.8435114503816794,0.05583199274149774,0.024488666161645585
e5c3056d989626bc212f2c2cf174322ee61f72d9e07ff342246f75d770ac7ff4,2024,4795295,Katin,Houser,QB,Michigan State,East Carolina,passing_yds,2024,1,1,0.9282431738153236,0.8435114503816794,0.005149042104097858,0.024488666161645585
e8504baf25195dc04aa7f9e038243422e76a50bae79638e9df9a8214c788c6e0,2024,4695600,Bryson,Barnes,QB,Utah,Utah State,passing_yds,2024,1,1,0.9477217969917324,0.8435114503816794,0.002733010509773637,0.024488666161645585
ad8a1d12e0b2331bd534be6b5a88a557a3eaf109c3ea1769aaf5caddc919bc94,2024,4429463,Jacolby,Criswell,QB,Arkansas,North Carolina,passing_yds,2024,1,1,0.9145586123572195,0.8435114503816794,0.0073002307223238895,0.024488666161645585
5adb1e7852b33e08616bd00a654e8c55f6ae4fa3ddb4cfc7f18f3d58a0d8b70f,2024,4567748,Sam,Huard,QB,Cal Poly,Utah,passing_yds,2024,0,0,0.8995962318887333,0.8435114503816794,0.8092733804284076,0.7115115669250044
82a4848d8f4248b6affdcc590f157309543f6c9de7406e5c68a02a5d6c0563a0,2024,4429191,Deuce,Hogan,QB,Kentucky,New Mexico State,passing_yds,2024,1,1,0.7595074269552812,0.8435114503816794,0.05783667768966942,0.024488666161645585
41508b840ba4d03b9a5e924b53dd6dade9d5c5a476d84e3b4cb0115ded3a5f0a,2024,4914368,Gavin,Frakes,QB,New Mexico State,Virginia,passing_yds,2024,0,0,0.7552519566209465,0.8435114503816794,0.570405517979768,0.7115115669250044
d309d7dc75f531ddabc73d6f0aa38e9eab3a86df0ca9367d711c1c52d5228271,2024,4362915,Gerry,Bohanon,QB,South Florida,BYU,passing_yds,2024,1,1,0.7595074269552812,0.8435114503816794,0.05783667768966942,0.024488666161645585
096dc1827016944d3ca343960f1853b73b1f46f57b87fc9fcbfb9d97eac6c3f0,2024,4683058,Brendan,Sullivan,QB,Northwestern,Iowa,passing_yds,2024,1,1,0.9368866000215198,0.8435114503816794,0.003983301256843624,0.024488666161645585
9fabdefe9ef37439c1fe09daa35be4f67ed8ba586263a08ca1918ff963a398f2,2024,4360480,Spencer,Petras,QB,Iowa,Utah State,passing_yds,2024,1,1,0.7552519566209465,0.8435114503816794,0.05990160473787507,0.024488666161645585
04fdc34ced96953d9cb7766ffcd843c9fbe0e3a73eaa7d97da2db1d3a03ca5a0,2024,5220225,Reese,Mooney,QB,North Texas,UL Monroe,passing_yds,2024,0,0,0.7509458784862789,0.8435114503816794,0.5639197124155292,0.7115115669250044
309a1df0728992324fc4f9a504084c6de1baffb74a98b20603cc42d07e62f5d8,2024,4683291,Joe,Labas,QB,Iowa,Central Michigan,passing_yds,2024,1,1,0.7552519566209465,0.8435114503816794,0.05990160473787507,0.024488666161645585
9cba3b2a948c18c50c7db0bc27d1a88af9173a428f1d9efda57f3093204e8308,2024,4433932,Mike,Wright,QB,Mississippi State,Northwestern,passing_yds,2024,1,1,0.939815112795678,0.8435114503816794,0.0036222206477969647,0.024488666161645585
8abcceb2c2c5a0456f572f090d779fa34396db558b880ac73349fe165c23e267,2024,4430836,Chubba,Purdy,QB,Nebraska,Nevada,passing_yds,2024,1,1,0.9031786556087142,0.8435114503816794,0.009374372729735962,0.024488666161645585
559608487a5c5e9a55a57738ee61c51f19b1b209c2534adac90c25ece8d646ac,2024,4876244,RJ,Martinez,QB,Baylor,Texas State,passing_yds,2024,1,1,0.8746358453829243,0.8435114503816794,0.01571617126285407,0.024488666161645585
473b1c80f338ae4aa0bdf6098567896fbcac552ec6f5d1e44a71d9a0ef7d1923,2024,4709012,Jase,Bauer,QB,Central Michigan,Sam Houston,passing_yds,2024,1,1,0.9733965187170838,0.8435114503816794,0.0007077452163704742,0.024488666161645585
4a076669edc1a9a2a8f07d976bb1c04ae8d4aacd3f0a71dd84e7f8580a1bcd2e,2024,4605998,Logan,Fife,QB,Fresno State,Montana,passing_yds,2024,1,1,0.9041004759355878,0.8435114503816794,0.009196718715780766,0.024488666161645585
254ca6f940eb97680f7893780af0eb840374b8f974cf001e66ef7f7d85a2a9c1,2024,5057381,Ryder,Burton,QB,BYU,West Virginia,passing_yds,2024,0,0,0.7552519566209465,0.8435114503816794,0.570405517979768,0.7115115669250044
5daf5d5f334d39c3a999892dfbd38a7f3c94209221dc5b2e146f03cd26d0f928,2024,4683501,Emmett,Morehead,QB,Boston College,Old Dominion,passing_yds,2024,0,0,0.8793255752750285,0.8435114503816794,0.7732134673327599,0.7115115669250044
9569180ecb34d4a34902760051c647c5c9a658db5ada91681cd58839ae4c10bb,2024,4431091,Ben,Finley,QB,California,Akron,passing_yds,2024,1,1,0.8903951832546089,0.8435114503816794,0.012013215853790771,0.024488666161645585
aad7146ffa77c12ec760d57b68dc2df362002a488378df9edf2b1910e438adf9,2024,5151339,Anthony,Garcia,QB,San José State,Arizona,passing_yds,2024,0,1,0.7509458784862789,0.8435114503816794,0.5639197124155292,0.7115115669250044
2fe309fc23559b9f0854bcaed82bcc563241603ea2560a1c7d844e2d01cf3810,2024,4569598,Dylan,Morris,QB,Washington,James Madison,passing_yds,2024,1,1,0.8439069141384777,0.8435114503816794,0.02436505145377256,0.024488666161645585
4e72d6bd6a993dcf9b1858a95da6892a1652c6d49a49e95b075fa6bbf3282497,2024,4429088,Drew,Pyne,QB,Arizona State,Missouri,passing_yds,2024,1,1,0.8700453820935774,0.8435114503816794,0.016888202715204293,0.024488666161645585
577466f6ab7e68684991d760659f4350e412874e9cd6f079e8582ab08b8d58f1,2024,4430033,Cooper,Legas,QB,Utah State,Tulsa,passing_yds,2024,1,1,0.935565932386693,0.8435114503816794,0.004151749069196211,0.024488666161645585
b8e65605d13c190bef69be4b8f2c91c15f1d8f456b6566e17c29c2d05bcded07,2024,4781740,Chase,Harrison,QB,Marshall,Ball State,passing_yds,2024,0,0,0.7552519566209465,0.8435114503816794,0.570405517979768,0.7115115669250044
aa885c41f1df9d203711012e0af21fb5583845c46c15975a69cf4c0c9e127df6,2024,4696561,Jacob,Conover,QB,Arizona State,Utah State,passing_yds,2024,1,1,0.7912633243365834,0.8435114503816794,0.04357099976701437,0.024488666161645585
699ab20a494d8bf7817617a2fcc23e4aa3bfe0cffcdace92b4545f17a38c9bb0,2024,4431387,Evan,Simon,QB,Rutgers,Temple,passing_yds,2024,1,1,0.8515517847988868,0.8435114503816794,0.022036872596396008,0.024488666161645585
48f29c7c5d313233e8bc3223918c1577d444bd9838f9d62f700f37501359b6bc,2024,4685698,Destin,Wade,QB,Kentucky,Colorado,passing_yds,2024,0,0,0.7637120554461194,0.8435114503816794,0.5832561036337366,0.7115115669250044
bb8953edaebd0be2444d9ae7df89c07d5131abbb99b506a85613ee4e4ea27557,2024,4432612,Christian,Veilleux,QB,Pittsburgh,Georgia State,passing_yds,2024,1,1,0.8812739934332909,0.8435114503816794,0.014095864635278243,0.024488666161645585
8d39b6200f477efa6871ce22cd8c7920498a029993ef1dc0fbd8abc6964c89dc,2024,4427949,Clifton,McDowell,QB,Temple,McNeese,passing_yds,2024,1,1,0.7509458784862789,0.8435114503816794,0.06202795544297135,0.024488666161645585
1230f9aa7b3a58ea3d471baa2c934872676cacef290f215704fb5396a6b327b1,2024,4690158,Noah,Kim,QB,Michigan State,Coastal Carolina,passing_yds,2024,1,1,0.9049732889525949,0.8435114503816794,0.009030075812487026,0.024488666161645585
7f69f0fee0dd4cd372abfc7d261a614144dac2cd41b61a245e2f60ba3f66691e,2024,4432722,Athan,Kaliakmanis,QB,Minnesota,Rutgers,passing_yds,2024,1,1,0.9304948667736687,0.8435114503816794,0.004830963544810068,0.024488666161645585
3e0bbf64b557dd365b6d4f3f110ed6b682f18a02f1dae3ff6bfd6eef3a18fff6,2024,4432690,Dematrius,Davis,QB,Alabama State,UTSA,passing_yds,2024,0,1,0.9365146422838176,0.8435114503816794,0.8770596752119869,0.7115115669250044
005878fea3c3573e0a72daf5134e8e4d6d197d1b347a416543e34f0b59df80ef,2024,4429209,Beau,Allen,QB,Georgia Southern,Kentucky,passing_yds,2024,0,0,0.7552519566209465,0.8435114503816794,0.570405517979768,0.7115115669250044
d98910e1625bd8d904ba0961f8ddc77e7e9b18061168ac0abe42c1eaf997d14a,2024,4567707,Grayson,James,QB,Florida International,Boston College,passing_yds,2024,1,1,0.8812809685342715,0.8435114503816794,0.01409420843216063,0.024488666161645585
a28b5d4343f8ce1d3cd900a32722ac884fee2c52a3e8cad6359f4372489118bb,2024,4432733,Clay,Millen,QB,Colorado State,Florida,passing_yds,2024,0,0,0.9020136847206437,0.8435114503816794,0.8136286874233128,0.7115115669250044
04fbee6c68b713bf8fd217d97077a8527f99da3a6cef4317dea1ed1042acf00a,2024,5092662,JD,Sherrod,QB,Troy,Kent State,passing_yds,2024,1,1,0.7421830008208243,0.8435114503816794,0.06646960506575507,0.024488666161645585
1756c4a448c15373937c0e95af6d8289b0c37032ac1d31f861ad191290bfbb8c,2024,4574356,Tyler,Huff,QB,Furman,Jacksonville State,passing_yds,2024,1,1,0.9748080039703614,0.8435114503816794,0.000634636663957328,0.024488666161645585
43a362ceba002e1e27f392759d38c90e703e94b43795aaa31dc97f5f0d1ef9ca,2024,4993406,CJ,Tiller,QB,Boise State,Utah State,passing_yds,2024,0,0,0.879407824818947,0.8435114503816794,0.7733581223527918,0.7115115669250044
2bd418a09a67289e63a8176ca965e151452a3be5455c1b520f327241c3e950fb,2024,4710846,Ryan,Jankowski,QB,Akron,Massachusetts,passing_yds,2024,0,0,0.7421830008208243,0.8435114503816794,0.5508356067074037,0.7115115669250044
ab1ee3c0dcd11568a28989b973dcba8a9b18fd458b7e114acc08c15e73f8580b,2024,5123228,Blake,Boda,QB,Coastal Carolina,Arkansas,passing_yds,2024,0,0,0.9151871732312462,0.8435114503816794,0.837567562046999,0.7115115669250044
11e001fb69ba1637ef4c77c3c9d965ea008ac43c35e6096bdd0c036bed96e67e,2024,4432368,Luke,MacPhail,QB,Syracuse,Utah Tech,passing_yds,2024,1,1,0.5229654050624836,0.8435114503816794,0.22756200476720037,0.024488666161645585
5beee7377fc6be1197279422393038fe7a88f2eb12237a0d900b24d10f7b22d7,2024,5083223,Shea,Kuykendall,QB,Northern Colorado,Washington,passing_yds,2024,0,0,0.9069407585745307,0.8435114503816794,0.8225415395637452,0.7115115669250044
f2007574c3a8dec9424d2761c452660552d73ecbf682ff67553f28f05dc17734,2024,5080918,Bryson,Harrison,QB,Georgia State,East Carolina,passing_yds,2024,0,0,0.7421830008208243,0.8435114503816794,0.5508356067074037,0.7115115669250044
83804f3f04265039e800b2910d652ffe7bcd82ac40c1ce2fef8bcc860294a1fd,2024,4568336,Zach,Gibson,QB,Georgia Tech,Georgia State,passing_yds,2024,1,1,0.7465894596546053,0.8435114503816794,0.0642169019581449,0.024488666161645585
765691f0fd15ecfca4fd0a0647da62aa83a327fdb3190c4aee5094e6f3eca815,2024,4881352,Jack,Shields,QB,Old Dominion,Buffalo,passing_yds,2024,0,1,0.868078434668006,0.8435114503816794,0.7535601687356557,0.7115115669250044
d63511add40f1de8b4576e9fe534f66352a3e39e66d7f3ece3c170bd08d64bd8,2024,5104573,Earl,Woods III,QB,Jacksonville State,Kennesaw State,passing_yds,2024,0,0,0.7996068674430854,0.8435114503816794,0.639371142462144,0.7115115669250044
fb762cbb12bdb2e90fb947760237ef802deb70ac73da14387f89252133d964e1,2024,4917860,Drew,Viotto,QB,Minnesota,Eastern Michigan,passing_yds,2024,0,0,0.7509458784862789,0.8435114503816794,0.5639197124155292,0.7115115669250044
5264e225ede469a94e41779320c84de5e90430f0760bc66fb3ffba935fe942ae,2024,4565552,Deacon,Hill,QB,Iowa,Utah Tech,passing_yds,2024,1,1,0.8861177455043323,0.8435114503816794,0.012969167889016024,0.024488666161645585
9c12a1d6f9b0461f695fef36d27f4df2307e2eade8a17b7f011c2566390dd553,2024,5085112,Emmett,Brown,QB,Washington State,San José State,passing_yds,2024,1,1,0.8267389817472451,0.8435114503816794,0.030019380445981455,0.024488666161645585
413d9ba6846511a037255d274eed3255666f72e694af64ac56630696b2a5cedb,2024,4799987,Ryan,Burger,QB,App State,Liberty,passing_yds,2024,1,1,0.8936344751654767,0.8435114503816794,0.011313624873323599,0.024488666161645585
ee21ce55e06f6e7a74665945aa9bf2001cce93121d9a25bc43439ff62a783972,2024,4685697,Zion,Turner,QB,UConn,Jacksonville State,passing_yds,2024,1,1,0.8099791624476217,0.8435114503816794,0.036107918704107345,0.024488666161645585
399a8fe926f7f701838d828024854cdc1e4454aa3b2553031ae9ed898758c02e,2024,4362073,Casey,Thompson,QB,Florida Atlantic,Oklahoma,passing_yds,2024,0,0,0.903736097389385,0.8435114503816794,0.8167389337245959,0.7115115669250044
49673429682cdb18db248a4fde360f48908f223ee6ad9a1fa5318b87b2644e40,2024,4954456,Kasen,Weisman,QB,Colorado,Florida Atlantic,passing_yds,2024,1,1,0.7509458784862789,0.8435114503816794,0.06202795544297135,0.024488666161645585
7e09b4da11931e95dca335feed818e4430755f880583d22e718ba2e1523e0cc4,2024,4429066,Jeff,Sims,QB,Nebraska,Arizona State,passing_yds,2024,1,1,0.9089024807839612,0.8435114503816794,0.00829875800731656,0.024488666161645585
050725dd77e84cf7951a1f0077c4a41db845025ce33f92e258cf2f1f0d4d437e,2024,5220738,Dermaricus,Davis,QB,Washington,UCLA,passing_yds,2024,0,0,0.8588176786988646,0.8435114503816794,0.7375678052457062,0.7115115669250044
3c934874cbe5ce628d11038687f1467132194f6210de9b7c2e793a99559da988,2024,4685740,Max,Johnson,QB,Texas A&M,North Carolina,passing_yds,2024,1,1,0.9343137817894095,0.8435114503816794,0.004314679262809312,0.024488666161645585
069e1675f2a47656066720007eb9526df10be79e1ec231a6ca491c363f59a60a,2024,4870793,Tad,Hudson,QB,North Carolina,Coastal Carolina,passing_yds,2024,1,1,0.7934837359352895,0.8435114503816794,0.042648967323245225,0.024488666161645585
1653ade5ed88dc32602a7a110dbc422d5a12845494ad52adc9e91224dd6dcc27,2024,4685291,Jacurri,Brown,QB,Miami,UCF,passing_yds,2024,1,1,0.9273836507210473,0.8435114503816794,0.005273134182602849,0.024488666161645585
a1ecaa406fb2fbed02ec49881716bdc1e8ec6847be43330bf48b52b9f34667c9,2024,4592531,Ari,Patu,QB,Stanford,North Alabama,passing_yds,2024,1,1,0.8237674837943532,0.8435114503816794,0.031057899768173577,0.024488666161645585
b5bbdf5a6a85754fd9dbcf469f7ad0d4d235d0b498c63efc88971d3e6f261f90,2024,4431948,TJ,Finley,QB,Texas State,Western Kentucky,passing_yds,2024,1,1,0.9750769968889725,0.8435114503816794,0.0006211560840722846,0.024488666161645585
7fc32fd2367508a2ba8c4f43f4669fcf21cecf94f67fbdbcc5c201e6ff436184,2024,4700135,Cam,Fancher,QB,Marshall,Florida Atlantic,passing_yds,2024,1,1,0.9662691624292885,0.8435114503816794,0.001137769403221722,0.024488666161645585
c2d026d71ca88a398ea396fefb96d1cc10b403af5c27aece8a4553189ca4fe01,2024,4685488,MJ,Morris,QB,NC State,Maryland,passing_yds,2024,1,1,0.8979652482023213,0.8435114503816794,0.010411090574413903,0.024488666161645585
7717346cae03439a6d70006d108b06fc1a47c5ce0dd790396ab441dd260d5504,2024,4870909,Jaden,Rashada,QB,Arizona State,Georgia,passing_yds,2024,0,0,0.9415603045854086,0.8435114503816794,0.8865358071709675,0.7115115669250044
70071f6fe3da59b3c29627b4ede6a506046ff7afcd5843c2e4c0af34a6ddefc1,2024,4875866,Reese,Poffenbarger,QB,UAlbany,Miami,passing_yds,2024,1,1,0.9726916988266251,0.8435114503816794,0.0007457433129757492,0.024488666161645585
5490d7424cd3c5845a238b3732625dd4c951d32601ebc9ff2a4c5bfad102d431,2024,5083042,Skyler,Locklear,QB,Austin Peay,UTEP,passing_yds,2024,1,1,0.8441600254382376,0.8435114503816794,0.024286097671410736,0.024488666161645585
a4ff351f0f8338bfcc4117cbf50660849069c32d7853a19821f06a1e41c75f3e,2024,5224199,Jalen,Montgomery,RB,Middle Tennessee,Eastern Kentucky,rushing_yds,2024,1,1,0.9164482460117169,0.9294605809128631,0.006980895594518577,0.0049758096451507335
52410681e4f03074ac139c2395a4efb7b5c483ccaca59ceb558c9385fedb263f,2024,4686606,Isaiah,Johnson,RB,North Texas,Abilene Christian,rushing_yds,2024,1,1,0.9310894805812142,0.9294605809128631,0.004748659686566853,0.0049758096451507335
5901a65e1484f6f314493e517822d7e38b3342a928728e58110a24ce3a6fee6c,2024,4696690,Reggie,Love III,RB,Illinois,Purdue,rushing_yds,2024,1,1,0.9397924964751422,0.9294605809128631,0.003624943480695767,0.0049758096451507335
d0b7d8047d709b68bce05bc887950dcd26d629b705637db41ce8bc013c617506,2024,4697524,Matt,Colombo,RB,USC,San Diego,rushing_yds,2024,1,1,0.9193916950444422,0.9294605809128631,0.006497698827808207,0.0049758096451507335
ae76aa1107b000865413cc252a3a8147f09479efabc7063422520dbeb8552aa2,2024,5158340,Denim,Edwards,RB,Navy,Presbyterian,rushing_yds,2024,1,1,0.9164482460117169,0.9294605809128631,0.006980895594518577,0.0049758096451507335
b97298bb3ac55ea81bd8485b665988bbde130b5b810a6847a0836b5712b7d086,2024,4683219,Patrick,Smith,RB,Vanderbilt,UT Martin,rushing_yds,2024,1,1,0.9308704398736041,0.9294605809128631,0.00477889608326899,0.0049758096451507335
41a61539486a65052639a5f704e27ab1f12a2e15c65b0b4fbb85f863cb0b8ae2,2024,4428320,Courtney,Reese,RB,UNLV,Bethune-Cookman,rushing_yds,2024,1,1,0.931262182050421,0.9294605809128631,0.004724887616469465,0.0049758096451507335
aa74ddc2d61efc33604799db43f5eafeb2d137ab51bf6f0f68c85dc7a527c49c,2024,5147861,Adam,Mohammed,RB,Arizona,Washington,rushing_yds,2024,1,1,0.9164202269840834,0.9294605809128631,0.0069855784573921356,0.0049758096451507335
2ae7f47676a331e16eb5de06cd525d3c54e29309a6d5ed33d1576d0929ab0ba6,2024,4613032,Nate,Noel,RB,App State,Missouri,rushing_yds,2024,1,1,0.9472296961801983,0.9294605809128631,0.0027847049652341828,0.0049758096451507335
8fe11d9d1cffb3f0ee353d7bc2953e7f1b8270eee44f8a155471c1765f1457d4,2024,4941012,London,Montgomery,RB,Penn State,East Carolina,rushing_yds,2024,1,1,0.917030484800362,0.9294605809128631,0.0068839404524629645,0.0049758096451507335
592dac0eae5dad42a7eedeb51d9f5cd7a0957acf8066d5bedf4fb5fbf6679f03,2024,4877713,Braedon,Sloan,RB,Eastern Kentucky,Ball State,rushing_yds,2024,1,1,0.9625223199784014,0.9294605809128631,0.0014045764998013286,0.0049758096451507335
41cb899e740f522109d1b94ba966c457dad441e9fbeefd068023f2f35870d78c,2024,4692058,Al,Wooten II,RB,Mercer,Duke,rushing_yds,2024,1,1,0.9481480534691843,0.9294605809128631,0.002688624359034571,0.0049758096451507335
d835ae7c12bb2cef980f856119ea0bc3bf4c20b50cd6e55bb727665b196f773e,2024,4430565,Will,Nixon,RB,Washington,Syracuse,rushing_yds,2024,1,1,0.9324827056322245,0.9294605809128631,0.004558585038744854,0.0049758096451507335
4efbadd5a1264021c027b5c012bf036b247670d5b2e33d07989864116f044a5f,2024,4366640,Solomon,Vanhorse,RB,James Madison,Indiana,rushing_yds,2024,0,1,0.9173770054738792,0.9294605809128631,0.8415805701722219,0.863896971470877
f0b0b1557946bb5651ee64352b454fb2896a4cd1766ae5dee8ed6ef5be0dfab5,2024,5157269,Jahbari,Kuykendall,RB,Coastal Carolina,Alabama State,rushing_yds,2024,1,1,0.9181213691186337,0.9294605809128631,0.006704110195007025,0.0049758096451507335
139cfcfaa1938eeaed96c7d667646fd1dcfb6e4b12a15b5125e309b68f480dfd,2024,5219119,Jordan,Washington,RB,Arizona,Washington,rushing_yds,2024,1,1,0.9172934662216556,0.9294605809128631,0.006840370729628417,0.0049758096451507335
0a9ec38cf984f72c7f40663366d22eae414227944fdbcedc35dc853fcb907ba4,2024,4918414,Dylan,Edwards,RB,Colorado,Kansas State,rushing_yds,2024,1,1,0.9535290241979408,0.9294605809128631,0.0021595515919955685,0.0049758096451507335
3e426cd7969693e7775ed297822760953d7f0e558bddf8f561e521acc2fce656,2024,4432230,Jalen,Hampton,RB,Elon,Western Kentucky,rushing_yds,2024,1,1,0.944669971729071,0.9294605809128631,0.003061412028461806,0.0049758096451507335
74e8c18913756e8e37055e18bc2a4f4a68d321c2819e3b0b02b191f679f10df7,2024,4426333,John,Emery Jr.,RB,LSU,LSU,rushing_yds,2024,1,1,0.9273551363881135,0.9294605809128631,0.00527727620918959,0.0049758096451507335
ff886a3906c335238a0995f0125cd5a5591b0b4eafdca3cda2c3cbf831b619db,2024,4577880,Jobi,Malary,RB,Portland State,James Madison,rushing_yds,2024,1,1,0.9164572498274121,0.9294605809128631,0.006979391106399443,0.0049758096451507335
197cb87406272d8d466d5575e8430ff64f7a4e2a96953f81bbb4ce80f04a44cf,2024,4875267,George,Hart III,RB,Arizona State,Western Kentucky,rushing_yds,2024,1,1,0.9224438688474074,0.9294605809128631,0.0060149534793581495,0.0049758096451507335
c1f962a2277e1e1d8ea8f527cf0b2f7a5988acda7ca8358e7b63c314e17e2a8f,2024,4701216,Jacques,Badolato-Birdsell,RB,Nevada,Portland State,rushing_yds,2024,1,1,0.9258377536136955,0.9294605809128631,0.00550003878906294,0.0049758096451507335
4e99edf2daffe4c6c228cabd2c79fefa23668e531e88f3b80de01872803b59c9,2024,5082251,Vann,Schield,RB,Colorado State,Northern Colorado,rushing_yds,2024,1,1,0.9375221233525698,0.9294605809128631,0.003903485070371505,0.0049758096451507335
6ab6794a06693a64bf2add4f57584c98d66618dcac3b21f9951e4ab2ca5f9daf,2024,4869960,KZ,Adams,RB,Georgia State,South Carolina State,rushing_yds,2024,1,1,0.9237947904971483,0.9294605809128631,0.005807233955373519,0.0049758096451507335
5b71304a4c715aa0049e0253d47f73c5927a17a7a1bc44e8e41721309e46e03b,2024,4568443,J'Wan,Evans,RB,Jacksonville State,Northern Arizona,rushing_yds,2024,1,1,0.9275586518267785,0.9294605809128631,0.005247748925153895,0.0049758096451507335
8b1a8216572e37c55fe15f9108a2ee4ed641c80b757c8112146bda52f889a811,2024,5082184,Hunter,Roddy,RB,Army,Idaho State,rushing_yds,2024,1,1,0.9161095631825478,0.9294605809128631,0.007037605389422945,0.0049758096451507335
52ab3eb4e25b9f301ab5ade10f9438f1e1da6986d2096a47ef76b53eba27cfeb,2024,4429976,Micah,Kelly,RB,Toledo,Samford,rushing_yds,2024,1,1,0.9217921888212111,0.9294605809128631,0.006116461729377105,0.0049758096451507335
160e1297ae46bbd45da66da93c6314bd9635b6f02460cc5e34bf2a563bb89fc5,2024,5086050,NaQuari,Rogers,RB,Campbell,New Mexico,rushing_yds,2024,1,1,0.9380336495998728,0.9294605809128631,0.003839828581911346,0.0049758096451507335
f5243b4ab740be0abf60de791d101dc9307e711e388c7e65df8b237c45210159,2024,5084178,Jamoni,Jones,RB,New Mexico State,Vanderbilt,rushing_yds,2024,1,1,0.9349160138474687,0.9294605809128631,0.004235925253502887,0.0049758096451507335
fe2c1e0a9e49df73a95aa292d31dbb031d59b3a1f045ac06b4e57427b4450f02,2024,4923252,Dante,Dowdell,RB,Oregon,Nebraska,rushing_yds,2024,1,1,0.9233193464734876,0.9294605809128631,0.005879922625253044,0.0049758096451507335
29e8897184ecac96adf3e268705ee149e5cb7a44ca421bed0547ef841d823da4,2024,4695176,Justice,Jackson,RB,Eastern Washington,Idaho State,rushing_yds,2024,1,1,0.9380810513558918,0.9294605809128631,0.003833956201191707,0.0049758096451507335
d7eda645e4e4ba02d6f8744045278841263fda4329a632789a45d262b885d16e,2024,5085106,Jaydon,Bailey,RB,Utah State,Texas State,rushing_yds,2024,0,0,0.9161095631825478,0.9294605809128631,0.8392567317545185,0.863896971470877
97fe12cfb3cbbc21b25cf0870b98c3bb8cf6586f6591c8ba8dde06173a50e23d,2024,4685350,Trevor,Etienne,RB,Florida,Georgia,rushing_yds,2024,1,1,0.9524183785141069,0.9294605809128631,0.002264010703226801,0.0049758096451507335
9a02c774eefcaef0c4e81c3f3cd6f8d678f098c02921a4b7130ea6fb0413b95a,2024,4683234,La'Vell,Wright,RB,Kentucky,Austin Peay,rushing_yds,2024,1,1,0.9161095631825478,0.9294605809128631,0.007037605389422945,0.0049758096451507335
71d68553f063a3d707e225daa8de42f7f20fef4cfa4afef5c8d5695cb945bcab,2024,4565770,Damien,Moore,RB,Fresno State,Lamar,rushing_yds,2024,1,1,0.9161095631825478,0.9294605809128631,0.007037605389422945,0.0049758096451507335
0a3d870ed04cc11eaf471b48c933e948018c552822931654b2b486c2b75e85a3,2024,4702820,Bryson,Donnell,RB,Texas Tech,UTSA,rushing_yds,2024,1,1,0.9203117293939972,0.9294605809128631,0.0063502204721755315,0.0049758096451507335
6df0fc932e35c239d10e86af6c6cc4a8130986bffc9023d88157c554a2b3c1e6,2024,4428438,Edward,Saydee,RB,Temple,Gardner-Webb,rushing_yds,2024,1,1,0.9403935766336708,0.9294605809128631,0.00355292570652607,0.0049758096451507335
5b86dd2503a52730b0d56a94037a24d63f003b41bbd8afc50f8ffbd4227a36ea,2024,4362313,O'Shaan,Allison,RB,Ohio,Austin Peay,rushing_yds,2024,1,1,0.9376239769624006,0.9294605809128631,0.0038907682499871275,0.0049758096451507335
06c2528ccf889dd0283432aced0d7df2d816a21f2fcb1fcbd256b59bab014709,2024,5151371,Dylan,Kedzior,RB,Buffalo,Bryant,rushing_yds,2024,1,1,0.9161095631825478,0.9294605809128631,0.007037605389422945,0.0049758096451507335
00a57b92782f575021fcb77cc4ed0a956babdc1b687ddf870660c97fe6d0df9e,2024,4688839,Bryson,Moss,RB,Eastern Michigan,Jackson State,rushing_yds,2024,1,1,0.9190885442003945,0.9294605809128631,0.006546663679611508,0.0049758096451507335
813bf543faae9cfcbb26e80eace57cbbb6f0f13dc3f72c93fb4130e37b6d4cde,2024,4686658,Mike,Washington Jr.,RB,Buffalo,New Mexico State,rushing_yds,2024,1,1,0.935606895550029,0.9294605809128631,0.00414647190070488,0.0049758096451507335
65503e81faf03c63391ca3cd06c34fc4dd563938aa22c7b6c5fb32dab619eb90,2024,4683314,Xavier,Coleman,RB,Boston College,Lamar,rushing_yds,2024,1,1,0.9228622148467773,0.9294605809128631,0.00595023789834474,0.0049758096451507335
201fafcf8cdfdb71c2b4c14977f83246dec8b228bf1f8e70ca7136c9e2eba07d,2024,4431074,Jay,Ducker,RB,Memphis,Sam Houston,rushing_yds,2024,1,1,0.9225932040417556,0.9294605809128631,0.005991812060521282,0.0049758096451507335
ae1d4f4a4e42160eefebfda970ba778381718eac81c6815cd387c02b74efac75,2024,4709789,Quintell,Quinn,RB,Ohio,Texas Southern,rushing_yds,2024,1,1,0.9202367626614304,0.9294605809128631,0.006362174030728984,0.0049758096451507335
d8d918392fbfa2f830e281c0b7747a7c72fff92603662ef4561697f6aa82dc38,2024,4431028,Kaedric,Cobbs,RB,UTSA,Bryant,rushing_yds,2024,1,1,0.9209287452200239,0.9294605809128631,0.006252263332479896,0.0049758096451507335
0f65e08fc3f8351ee5d1056472e5be97286c53f9e8683c5f2dcdccdffb953b6c,2024,4870686,Ike,Daniels,RB,Syracuse,Towson,rushing_yds,2024,1,1,0.9235816559000997,0.9294605809128631,0.005839763314970773,0.0049758096451507335
461aba3dedb68dbab4ee68f76174184988adfcf8604beffd98c0c8f1d8c6ec12,2024,4432370,Sammy,Malignaggi,RB,James Madison,Campbell,rushing_yds,2024,1,1,0.9210661619297791,0.9294605809128631,0.006230550792495858,0.0049758096451507335
51fc2d40b59c96f727462100b4c04a0ac9ab8e8a1da9c41151c031e1252d1287,2024,5085441,Tyler,Jordan,RB,Georgia Southern,Western Illinois,rushing_yds,2024,1,1,0.9164482460117169,0.9294605809128631,0.006980895594518577,0.0049758096451507335
ae65898dd9248d5cbb758805e17c99989f4a2823c35b6aac26aa7ef3517d7370,2024,4923282,CJ,Hester,RB,Western Michigan,Massachusetts,rushing_yds,2024,1,1,0.9252622213719187,0.9294605809128631,0.005585735554260084,0.0049758096451507335
64ba5f3cdd28e90bfb9b066d15d3049125c2afa11c9db5655f0982fce6e86303,2024,4808830,Damien,Martinez,RB,Oregon State,Miami,rushing_yds,2024,1,1,0.9528734425246643,0.9294605809128631,0.0022209124194761164,0.0049758096451507335
8867a4f6551dd4549a9f63d8c992d23f463aa8483768e5564fc7e3508154fd5a,2024,4688723,CJ,Evans Jr.,RB,Austin Peay,Tennessee State,rushing_yds,2024,1,1,0.9264324854946819,0.9294605809128631,0.005412179190490184,0.0049758096451507335
759aa5f0706125abae7faf8433511c5eda3fd8b5c3d61be56f0eb342be6e4d94,2024,4432702,Thad,Franklin,RB,UL Monroe,Florida A&M,rushing_yds,2024,1,1,0.9216818522179211,0.9294605809128631,0.006133732272015551,0.0049758096451507335
1d889e2ba8f6431818ace09b195a8a0d3781efffff5101f42927b41e5b7602da,2024,4684926,Andre,Hines Jr.,RB,Boston College,Wagner,rushing_yds,2024,1,1,0.9198561445973846,0.9294605809128631,0.006423037558795321,0.0049758096451507335
b01be326790bd83e24f756eb5e403345d1fec24aab9bc325829852b50cf0d591,2024,4916885,Jaylen,Jenkins,RB,Washington State,Texas State,rushing_yds,2024,1,1,0.9271819773839366,0.9294605809128631,0.0053024644177135215,0.0049758096451507335
3b2a10eaeac2dae619f78cd48e025c99f0dbcb68315d69123825d51bf2256725,2024,4433935,Ethan,Wright,RB,Cincinnati,Youngstown State,rushing_yds,2024,1,1,0.9220750636195835,0.9294605809128631,0.006072295709891964,0.0049758096451507335
2d2482c0a46bbbac4e89fdeba49e2b855e59a3478af03e8e1a3293b3352e8fba,2024,4432677,Iverson,Celestine,RB,Tulane,South Alabama,rushing_yds,2024,1,1,0.9201719471941561,0.9294605809128631,0.0063725180147726065,0.0049758096451507335
21168be7e929cd04690573bc964ee8753ba0bf72c591c665799194493e31ee53,2024,4571875,Qualan,Jones,RB,Baylor,Stephen F. Austin,rushing_yds,2024,1,1,0.9161095631825478,0.9294605809128631,0.007037605389422945,0.0049758096451507335
b8149f9ca2616e08975fcd5f6adb77fb13f9dd2ae6aa06b9f43b9a9ab8ab42b0,2024,4833591,Ky,Woods,RB,Texas,Nevada,rushing_yds,2024,1,1,0.9161095631825478,0.9294605809128631,0.007037605389422945,0.0049758096451507335
4607fe5d85ad5bcc5ae8cba2bd7688c06ac00f1437ca3bfad4eeabd6795edf99,2024,4428803,Jordan,Waters,RB,Duke,NC State,rushing_yds,2024,1,1,0.9511802134498737,0.9294605809128631,0.0023833715587998935,0.0049758096451507335
fae2cbb97853e05d94901d37d1846a400a4359447b3407c406a6b5a682061096,2024,4685702,Quinshon,Judkins,RB,Ole Miss,Ohio State,rushing_yds,2024,1,1,0.9633373151699993,0.9294605809128631,0.001344152458943962,0.0049758096451507335
fd7ddd2970a14673a29e5ae4a45f930325712f87d2f77d627d332ba654c40f60,2024,4899361,Kedrick,Reescano,RB,Ole Miss,Arizona,rushing_yds,2024,1,1,0.9174953991158694,0.9294605809128631,0.0068070091670496815,0.0049758096451507335
a6b5cb58f5c910187353b50294ed5321df3528f90709489a186c8520c2405366,2024,4430893,Chip,Trayanum,RB,Ohio State,Kentucky,rushing_yds,2024,1,1,0.9362926776119543,0.9294605809128631,0.004058622925854384,0.0049758096451507335
960f9807d105b35e3264f578cf090140fa712c2419d8d1953b4d0dcf96538434,2024,4690972,Ja'Quinden,Jackson,RB,Utah,Arkansas,rushing_yds,2024,1,1,0.943237019953639,0.9294605809128631,0.003222035903743582,0.0049758096451507335
105c8a92e222db5681fcf4e0045a4eea34ada404c20a8911ea0f57bdf2b69de8,2024,4601080,Raheim,Sanders,RB,Arkansas,South Carolina,rushing_yds,2024,1,1,0.9349120247275411,0.9294605809128631,0.004236444525068222,0.0049758096451507335
207615ac1794426b55ee70e70d2d718cc7ef7666b9aeaaeece07b06fb4a34aa2,2024,4685723,Roydell,Williams,RB,Alabama,Florida State,rushing_yds,2024,1,1,0.9422499464777733,0.9294605809128631,0.003335068681820052,0.0049758096451507335
a114bc22fcbb28c76c6429713f4278c4a97e273b836db6e1a0af21744ff29390,2024,5153650,Davon,Booth,RB,Utah State,Mississippi State,rushing_yds,2024,1,1,0.94339705940657,0.9294605809128631,0.0032038928838233616,0.0049758096451507335
690ce39be5b613871ea51ea2856853029c328fb3d0e7d8c5bba05a87b382e4fc,2024,4429059,Woody,Marks,RB,Mississippi State,USC,rushing_yds,2024,1,1,0.9494854701800506,0.9294605809128631,0.002551717722930559,0.0049758096451507335
2d6f770daebe7384687cc52139eb4c89db5e8ebfd448d8477f7d7249c17763b4,2024,5151965,Kadarius,Calloway,RB,Old Dominion,California,rushing_yds,2024,1,1,0.9400066206932384,0.9294605809128631,0.0035992055606449743,0.0049758096451507335
e0ebb7059c8f919f02505f3d1a7b50960aafdbba749484e486c7e1d3f4997d2c,2024,4702555,Jonah,Coleman,RB,Arizona,Washington,rushing_yds,2024,1,1,0.9545032555434526,0.9294605809128631,0.0020699537561443757,0.0049758096451507335
88a7c6fb9e334a42300a21f4d2310b0c559984f9fb803524de38303e637a62e3,2024,4603192,Logan,Diggs,RB,LSU,Ole Miss,rushing_yds,2024,1,1,0.9432853363671381,0.9294605809128631,0.003216553070988671,0.0049758096451507335
a173c0767dfa859db01403f8bade121826a7e9420066acde1bb4d2dd8a64580a,2024,4576318,Marcus,Carroll,RB,Georgia State,Missouri,rushing_yds,2024,1,1,0.9632132936025408,0.9294605809128631,0.0013532617675728641,0.0049758096451507335
13d5d6cc89598d6fea98046a832bd9af8031ac1f45e5d5755670b2c65efdff87,2024,4837385,Jordan,McDonald,RB,UCF,Boston College,rushing_yds,2024,1,1,0.927931638412963,0.9294605809128631,0.00519384874183991,0.0049758096451507335
9501b1ca51028f7c3cf31fd4a0490343341f2f0b0c22bfa658d55cb186ac0810,2024,4685494,George,Pettaway,RB,North Carolina,James Madison,rushing_yds,2024,1,1,0.9180669137878337,0.9294605809128631,0.00671303061625028,0.0049758096451507335
5e8cb24b2ac36c8dbaf2740000e451b91344df77a0b6e997fd33b431b71fe343,2024,4575131,Jacory,Croskey-Merritt,RB,New Mexico,Arizona,rushing_yds,2024,1,1,0.9559855914468274,0.9294605809128631,0.0019372681602855954,0.0049758096451507335
992668e4f8cd0affa8ba8a118ec7aa6f6d6c2dbd0ea01e40abdb16880ea4f937,2024,4877529,Sam,Franklin,RB,UT Martin,Oklahoma,rushing_yds,2024,1,1,0.9571442116297598,0.9294605809128631,0.0018366185968348133,0.0049758096451507335
3fd7d35e7eec186c3e30aa02df3a020d4b4a912239c8433d39acd8a4670583bf,2024,4432757,Evan,Pryor,RB,Ohio State,Cincinnati,rushing_yds,2024,1,1,0.9236571172337473,0.9294605809128631,0.0058282357490618,0.0049758096451507335
ad7574ffb46c1ea33f93e69dacea73be6f0d4105468eed12060cf34f69b39ceb,2024,4427630,Oscar,Adaway III,RB,North Texas,South Carolina,rushing_yds,2024,1,1,0.945120836859639,0.9294605809128631,0.003011722546986358,0.0049758096451507335
a34f1c80a8c4c1b336fa96e51417b3d4214215de2fb3ea303b18da62626293d5,2024,4685385,Anthony,Hankerson,RB,Colorado,Oregon State,rushing_yds,2024,1,1,0.9379639703121415,0.9294605809128631,0.0038484689794328593,0.0049758096451507335
229dc0f08ebed9185bc676593246fddc648354207fa8e952ec4337092e0b30b0,2024,4429287,Peny,Boone,RB,Louisville,UCF,rushing_yds,2024,1,1,0.9172934662216556,0.9294605809128631,0.006840370729628417,0.0049758096451507335
00f52fd9e06869961677bac26343ef1caccde36714353e3ffbb8d3e60168c04d,2024,4429212,Rashad,Amos,RB,Miami (OH),Ole Miss,rushing_yds,2024,1,1,0.9516091638886992,0.9294605809128631,0.002341673019550773,0.0049758096451507335
c991665d0a780c60a82bcc964121f2f39ffb7bf3521845033655bc86e7d1e0a3,2024,4431499,Sieh,Bangura,RB,Ohio,Minnesota,rushing_yds,2024,1,1,0.9523958645017621,0.9294605809128631,0.0022661537165345976,0.0049758096451507335
ff842e27024e104b5e04cd078da1a0800adabccbe6a9aa9f55c43ab019dda261,2024,4685268,Raleek,Brown,RB,USC,Arizona State,rushing_yds,2024,1,1,0.9242597765681354,0.9294605809128631,0.005736581445508771,0.0049758096451507335
b8a863d607c1560bad39afd3fa61014ed85647dc496bb7596fa41d5852b73744,2024,5083175,Anthony,Woods,RB,Idaho,Utah,rushing_yds,2024,0,0,0.9578813560730802,0.9294605809128631,0.9175366923124031,0.863896971470877
a740549661479ebe67929464cf0f28e16982c029653e0ff30c80e11c414b511e,2024,5193496,Jay,Harris,RB,Northwest Missouri State,Oregon,rushing_yds,2024,1,1,0.9174350690779777,0.9294605809128631,0.006816967818158319,0.0049758096451507335
1bafadaff92852dcc13a4fa685e412986daed387993650c219138bb5ecd59f5e,2024,4871148,Jaylin,Lucas,RB,Indiana,Florida State,rushing_yds,2024,1,1,0.9498072940705801,0.9294605809128631,0.002519307728517227,0.0049758096451507335
82ebdcd327777253693990c7f055826beabb0ae000efb1db5b3831087fc730bb,2024,5154339,Mario,Anderson,RB,South Carolina,Memphis,rushing_yds,2024,1,1,0.9487361039449281,0.9294605809128631,0.002627987038745213,0.0049758096451507335
57cccbd65cb23790f307940be9db679c8a24a57f8f86f0f2a66c6a0c840dfedd,2024,4676889,Myles,Montgomery,RB,Cincinnati,UCF,rushing_yds,2024,1,1,0.9324717731467566,0.9294605809128631,0.004560061421943109,0.0049758096451507335
822aea233e12d90faaa851bcdc44a85664f8f4116374904b27f5eecb612db8ce,2024,4694583,Quali,Conley,RB,San José State,Arizona,rushing_yds,2024,1,1,0.9560408992617326,0.9294605809128631,0.0019324025377171383,0.0049758096451507335
49cacc3ff78c4e707bd4894e6930e9fe7933c44240c090a33c42b8d5211d4689,2024,4688817,Elijah,Green,RB,North Carolina,Indiana,rushing_yds,2024,1,1,0.9216060517791899,0.9294605809128631,0.006145611117647061,0.0049758096451507335
6291dc6e940c70401a488801bd0ba9bd9b1ea8f36a096a8ead992212aa42f0a7,2024,4696044,Kaelon,Black,RB,James Madison,Indiana,rushing_yds,2024,1,1,0.9529051146338161,0.9294605809128631,0.0022179282276540016,0.0049758096451507335
5f9fd6fd0a1a693f12bed15ddee35ecf8a14710ea552ff108fcfe2fc5a8662e2,2024,4877647,Kylin,James,RB,Central Arkansas,UNLV,rushing_yds,2024,1,1,0.9600431175759327,0.9294605809128631,0.0015965524530507345,0.0049758096451507335
9748870b5c8bbe7b5f6f4bd1cb714903503c982fbb2c500a5176cadeb7638e15,2024,4871053,Hollywood,Smothers,RB,Oklahoma,NC State,rushing_yds,2024,1,1,0.922805949111913,0.9294605809128631,0.0059589214925125575,0.0049758096451507335
5ef9ca3cc82f0fffd4e389c87f8531548956e0bd9b932cb70ba5cbd17bebc4b8,2024,4431310,Henry,Parrish,RB,Miami,Ole Miss,rushing_yds,2024,1,1,0.9406079993807793,0.9294605809128631,0.003527409737553509,0.0049758096451507335
807a28fc9517509deb60ddf0a36afd5ac87e4a94b982857677cb321a225639f0,2024,4900146,Cartevious,Norton,RB,Iowa State,Charlotte,rushing_yds,2024,1,1,0.9329235875070152,0.9294605809128631,0.004499245112929046,0.0049758096451507335
929b8f1b393fe68b9b561680ab7602ec42c6a2435dd4cb07b65080f6e8b5baf4,2024,4683667,Trent,Howland,RB,Indiana,Oklahoma State,rushing_yds,2024,1,1,0.9315061751519637,0.9294605809128631,0.0046914040423134806,0.0049758096451507335
bea374cce03f973c7b65639202f8f4323813a1514315e5149cd373b2ccf1a543,2024,4698727,Dallan,Hayden,RB,Ohio State,Colorado,rushing_yds,2024,1,1,0.9240815948631835,0.9294605809128631,0.005763604238517801,0.0049758096451507335
74050437b40816c1e7bce442a01cbaf0b1a2e3dc1962dba48304c2b0a16e9b00,2024,5081926,Tawee,Walker,RB,Oklahoma,Wisconsin,rushing_yds,2024,1,1,0.9422991255633251,0.9294605809128631,0.0033293909107569267,0.0049758096451507335
2549a33d5f860c2792e7c8976b5d3a2cb891617cbe066e3ba4e0b4fde097f375,2024,4685237,Michael,Allen,RB,NC State,UNLV,rushing_yds,2024,1,1,0.9323663466759288,0.9294605809128631,0.004574311061960651,0.0049758096451507335
3f7072ed680a2185f1ffdeb46b118bf8b7ba7e09e83fc3dd19d1d5decdef45c8,2024,4428783,Treshaun,Ward,RB,Kansas State,Boston College,rushing_yds,2024,1,1,0.9480251805066079,0.9294605809128631,0.0027013818613706923,0.0049758096451507335
7af2548b5deedecd17bea93e7aab6a66bfed058422d6a16afb6b898d58a557fe,2024,4875861,Ayo,Adeyi,RB,North Texas,James Madison,rushing_yds,2024,1,1,0.9442533633971518,0.9294605809128631,0.003107687492530012,0.0049758096451507335
a25a78da15887a3c6a9e0c3edfa2a11bf82d5eb3c8380ba14f0b56d12172e0e7,2024,5089535,Desmond,Reid,RB,Western Carolina,Pittsburgh,rushing_yds,2024,1,1,0.9543370329944145,0.9294605809128631,0.0020851065557531876,0.0049758096451507335
a300e6c814aea4e8dda1de95025c5c1ebdcab4c55557b794ddd3db7a0a9b15c0,2024,5084179,Star,Thomas,RB,New Mexico State,Duke,rushing_yds,2024,1,1,0.9499988358081904,0.9294605809128631,0.002500116420536298,0.0049758096451507335
3da37813c902e315e271be28062c9b6cf7d3b0983d3f3fd2c3fadaca3b2594ee,2024,4911914,Andrew,Paul,RB,Georgia,Jacksonville State,rushing_yds,2024,1,1,0.9273806211794811,0.9294605809128631,0.005273574180278035,0.0049758096451507335
1005bbcf822d9f683042e5c7bafb4ce789df8b09a15892a8d96929ebeaa9689b,2024,4430468,Marquez,Cooper,RB,Ball State,San Diego State,rushing_yds,2024,1,1,0.9524901674916906,0.9294605809128631,0.0022571841849676148,0.0049758096451507335
376a07911f34661afed9df91871fedb1c40736683164ed0f8bb265b782e753e3,2024,4426484,Marcus,Major,RB,Oklahoma,Minnesota,rushing_yds,2024,1,1,0.9365221024985495,0.9294605809128631,0.004029443471204655,0.0049758096451507335
3a007b2d2dcf9e1517cb42dff941abefa4618a998332b23e1e3e0f0a92cf5a6d,2024,5159232,Jawarn,Howell,RB,South Carolina State,South Carolina,rushing_yds,2024,1,1,0.9476408490288758,0.9294605809128631,0.0027414806904169763,0.0049758096451507335
c37252188b9dd31c350d7b5d927048b27ef295a942cd6b7246b9d522f90c3281,2024,4685293,TreVonte',Citizen,RB,Miami,McNeese,rushing_yds,2024,1,1,0.917030484800362,0.9294605809128631,0.0068839404524629645,0.0049758096451507335
2230fcb310649e426dd94f7ff5e11b937d5c51a134f653da62707b64b4986089,2024,4696240,Jaylon,Jackson,RB,Eastern Michigan,Iowa State,rushing_yds,2024,1,1,0.9507050001634016,0.9294605809128631,0.0024299970088902316,0.0049758096451507335
033e14b94549090d39f08db312815c8a1bd1f5eec2646103187a8506e9586ae5,2024,5089859,Floyd,Chalk IV,RB,Grambling,San José State,rushing_yds,2024,1,1,0.9444476638645924,0.9294605809128631,0.0030860620501013077,0.0049758096451507335
b004e9e4aa46fb88b1582ac510ecaf191e2481c154e87e4a7caca671768788f3,2024,5089860,Chance,Williams,RB,Grambling,Cincinnati,rushing_yds,2024,1,1,0.9493434840834595,0.9294605809128631,0.0025660826048027234,0.0049758096451507335
12ec6440561936d7f8730cc5047586bc68e1364340675488f887244207ed9c58,2024,4921292,Isaiah,Augustave,RB,Arkansas,Colorado,rushing_yds,2024,1,1,0.9265582983893564,0.9294605809128631,0.005393683535466805,0.0049758096451507335
9cd0d1ee29388141788d6d48605c7c8d0955cb125d1dba8f34b34b966c990a6a,2024,4684421,Simeon,Price,RB,Mississippi State,Coastal Carolina,rushing_yds,2024,1,1,0.921845910818085,0.9294605809128631,0.006108061655854726,0.0049758096451507335
30fbe65f69b4f9dcf2e4337b980be1aba62b96668d165bf30949b7527951fcb9,2024,4691889,Greg,Desrosiers Jr.,RB,Massachusetts,Memphis,rushing_yds,2024,1,1,0.9422982637862953,0.9294605809128631,0.003329490362075957,0.0049758096451507335
016c1d687d558d5e5f86f12f768d373107d9a1b6bfc8e3b2e4b2c700d19a0e75,2024,4426635,Darwin,Barlow,RB,USC,North Carolina,rushing_yds,2024,1,1,0.9222953483061271,0.9294605809128631,0.0060380128948660985,0.0049758096451507335
8357b6707f6ad00d460d0c9e8d100a22489495178ce07cf85823cbec559d74fd,2024,4430067,Jaren,Mangham,RB,Michigan State,Minnesota,rushing_yds,2024,1,1,0.9276571365588945,0.9294605809128631,0.005233489890858442,0.0049758096451507335
fc817157af7106e18f8f39758706f3fec6f428ec5e1cf2392cc3e51cda0e8512,2024,4426530,Kay'Ron,Lynch-Adams,RB,Massachusetts,Michigan State,rushing_yds,2024,1,1,0.9571930212117579,0.9294605809128631,0.001832437432977012,0.0049758096451507335
ec4f373b058693a36dad66a296b08faffd88bc401914a9f1bb1acb70f78d40e2,2024,4575667,Deion,Hankins,RB,UTEP,Texas State,rushing_yds,2024,1,1,0.9433208665873115,0.9294605809128631,0.0032125241644133406,0.0049758096451507335
046139b983a1595ebe1f09204909e20d5d104424544adbef672db9eb289b781f,2024,4428018,Delbert,Mimms III,RB,NC State,Eastern Michigan,rushing_yds,2024,1,1,0.9373512564724994,0.9294605809128631,0.003924865065574549,0.0049758096451507335
9d7a3ec6e40769efd50319cc5e05fed42a78a05dca5537d407fb20fe929d5717,2024,4690811,Savion,Red,RB,Texas,Nevada,rushing_yds,2024,1,1,0.9241465544477526,0.9294605809128631,0.005753745202147758,0.0049758096451507335
e76c4a0254bea6588395685dddf6f0dcda1249969e66b4a4901528315f79ed6d,2024,4702901,Zach,Evans,RB,Minnesota,North Texas,rushing_yds,2024,1,1,0.9277638625730276,0.9294605809128631,0.005218059550368448,0.0049758096451507335
9782a101b2e0119aa2ee1dc5bd099fcd3669c323c83c079fcd6a93dc8a2b33be,2024,4431560,Antwain,Littleton II,RB,Maryland,Temple,rushing_yds,2024,1,1,0.9307844676972508,0.9294605809128631,0.004790789911952923,0.0049758096451507335
eebb1e414fe2b753b1c7db3b60f69d5b525872ebea12957eb199ccbcba62d81f,2024,4680018,Alton,McCaskill,RB,Colorado,Arizona State,rushing_yds,2024,1,1,0.9237384594044163,0.9294605809128631,0.005815822574011854,0.0049758096451507335
2361ffe733e32a744518f5c49600c164cdab8147dc09236ecb45473a5185e17c,2024,4429618,Justice,Ellison,RB,Wake Forest,Indiana,rushing_yds,2024,1,1,0.9375027975732223,0.9294605809128631,0.003905900311173628,0.0049758096451507335
eb271f1c7889d24146aef0a098869e30b225152cc515c427057c261bc8d2ba4d,2024,4429652,Patrick,Garwo III,RB,Boston College,Nevada,rushing_yds,2024,1,1,0.9287401243359142,0.9294605809128631,0.005077969879660962,0.0049758096451507335
b0ab29805a9b2502332882bf09522cc3f8642a8475fc5f02fb8b5a83816c4028,2024,5152221,Donerio,Davenport,RB,Texas State,Louisiana Tech,rushing_yds,2024,1,1,0.9405186464358595,0.9294605809128631,0.003538031421822293,0.0049758096451507335
b46076abd8b96019b372d6b192556b7fd6fcfaef52d04d173d943e8c3c541a18,2024,4433965,Brandon,Campbell,RB,Houston,Massachusetts,rushing_yds,2024,1,1,0.9232481388990602,0.9294605809128631,0.005890848182457954,0.0049758096451507335
7420b6e48316c94fcf1d806c23e799893b2a3874afbae8780c7a2f7eea4a1b95,2024,4608772,Brian,Brewton,RB,UConn,Middle Tennessee,rushing_yds,2024,0,1,0.9196059832438368,0.9294605809128631,0.8456751644178638,0.863896971470877
623baf49ab4e65caa58d0d83ed8571e57908ce95b42c322294665ebc3bbdee47,2024,4871050,Marquese,Williams,RB,Minnesota,Akron,rushing_yds,2024,1,1,0.9166240981529341,0.9294605809128631,0.0069515410088115655,0.0049758096451507335
a7e280033f599e0e548ff5648a543554b71c061330eec0172a26f8389ec2fac9,2024,4613059,Devontae,Houston,RB,UConn,East Tennessee State,rushing_yds,2024,1,1,0.9289782014162719,0.9294605809128631,0.005044095874067649,0.0049758096451507335
3dd2678854527fe9ce0a87fdd05c57e013e6467a1c3efef987eee79e1684a8b5,2024,4880511,Jordan,Ford,RB,Tulsa,Georgia State,rushing_yds,2024,1,1,0.9318315797622939,0.9294605809128631,0.004646933517704496,0.0049758096451507335
4a4507c4d6a55630e86e470b12004bc34f5e4ebfc3aedf85d97f14115f56185f,2024,4367069,Ty Son,Lawton,RB,James Madison,Indiana,rushing_yds,2024,1,1,0.9481040683323827,0.9294605809128631,0.002693187723650004,0.0049758096451507335
85511c88c7efdd05f0ca738fcf6885be9995c8a80944f33238ddad7ce0ad3860,2024,4568312,Jordan,Houston,RB,NC State,Marshall,rushing_yds,2024,1,1,0.9239694890625565,0.9294605809128631,0.0057806385934087165,0.0049758096451507335
3f25708bdd644d70e1c38c7c49320936a0439df29d8733d0c16ff8d825f31986,2024,4705927,Jevon,Jackson,RB,Austin Peay,UTEP,rushing_yds,2024,1,1,0.9535355606273375,0.9294605809128631,0.0021589441262158324,0.0049758096451507335
f451c0ca2d4c8b6f2e18718138cea9c4f3fd52c1ca2a623cfd12c5dee0a9aa2d,2024,4832874,Bryce,Duke,RB,Virginia Tech,Old Dominion,rushing_yds,2024,1,1,0.9228574022662568,0.9294605809128631,0.005950980385110123,0.0049758096451507335
270278a041387afa4c61689d8332e26acce7edff2c0a2dcd558ca2caf738b565,2024,4429709,Jam,Griffin,RB,Ole Miss,Oregon State,rushing_yds,2024,1,1,0.9206075604981784,0.9294605809128631,0.006303159450050406,0.0049758096451507335
11cbe4e40a14e154d63fd232bf22509f0fb345b426e55634e768c21ff63af882,2024,4912275,Christian,Washington,RB,New Mexico,Coastal Carolina,rushing_yds,2024,1,1,0.9225951878666102,0.9294605809128631,0.005991504941405367,0.0049758096451507335
c9efb72c13459e138f29ccf517c9bf369b3d0eac711f10bb09b9b222ff8dd580,2024,4431483,Sy'veon,Wilkerson,RB,Colorado,Georgia State,rushing_yds,2024,1,1,0.9317818459828089,0.9294605809128631,0.004653716537513208,0.0049758096451507335
3a404801b37eab3c2233e4f754dfc57c63089e58ed2ee0361b8e9461537c0c06,2024,4431286,Armoni,Goodwin,RB,LSU,UAB,rushing_yds,2024,1,1,0.9166240981529341,0.9294605809128631,0.0069515410088115655,0.0049758096451507335
7196496f38325e587a52fcb446208ed04538f49d625d001bb45bb32aa08bd642,2024,5078913,Deago,Benson,RB,Vanderbilt,Stephen F. Austin,rushing_yds,2024,1,1,0.9164202269840834,0.9294605809128631,0.0069855784573921356,0.0049758096451507335
b2b7fbddd2a25b28bbd0eaef16e030ae9ad45eb4f07b915b0cbd20c310c27c19,2024,4431398,Dylan,Downing,RB,Purdue,Miami (OH),rushing_yds,2024,1,1,0.9292662831669422,0.9294605809128631,0.005003258697019211,0.0049758096451507335
859ea6756685ea888f52a0836b84786513f2f4f2681f903e5ad2448731cc357d,2024,4869582,Cam,Barfield,RB,Boston College,Hawai'i,rushing_yds,2024,1,1,0.9224715227539475,0.9294605809128631,0.006010664784091679,0.0049758096451507335
624f70c3073cb1726774a5d42a08e714205455c5cedc9ef5c0504983530bef79,2024,4688818,DJ,Jones,RB,North Carolina,Wyoming,rushing_yds,2024,1,1,0.9164202269840834,0.9294605809128631,0.0069855784573921356,0.0049758096451507335
15e79a9af17399021d727d55cb9605b14f6508533188a72e67ddd598531749a0,2024,4816099,Javen,Jacobs,RB,Arizona State,New Mexico,rushing_yds,2024,1,1,0.9206463992234174,0.9294605809128631,0.0062969939562092505,0.0049758096451507335
f1cbd5b3956a8a1f8c0d13b0eb2766febb5a0096b2c3aa6947a7ecad992ea39d,2024,4430825,EJ,Smith,RB,Stanford,Texas A&M,rushing_yds,2024,1,1,0.9453974894848717,0.9294605809128631,0.002981434154554699,0.0049758096451507335
cc47d0a30f415c02f0fcee873b8447d13d0fb99ab46aa1310431e7a521f36d6b,2024,4684525,Eli,Sanders,RB,Iowa State,New Mexico,rushing_yds,2024,1,1,0.9374806541912102,0.9294605809128631,0.003908668600359045,0.0049758096451507335
cf7ff93a1d958656ad2f52e0c890b9b659e5ad3e81cbc04e4f35fc2076928150,2024,4685828,Stevie,Rocker Jr.,RB,Arizona,Montana,rushing_yds,2024,1,1,0.9164202269840834,0.9294605809128631,0.0069855784573921356,0.0049758096451507335
62a444aded5ff175318304ab7c2110264dfacce773c924bc0e804ba6759aa7f8,2024,4427332,Gerald,Green,RB,East Carolina,Troy,rushing_yds,2024,1,1,0.9295242800560842,0.9294605809128631,0.004966827101613247,0.0049758096451507335
4124ac4e31d944a980e8ed74c5b44e57bc1893b89f53055f69676792b4252dd4,2024,4709392,Anthony,Tyus III,RB,Northwestern,Ohio,rushing_yds,2024,1,1,0.9274900781377761,0.9294605809128631,0.0052576887684658204,0.0049758096451507335
a23e9fa11a45a1a2cd7ea6396c18dc06e5d7a0da6c6d7734cd20d9dc89ee7c6e,2024,4430712,Jordon,Simmons,RB,Michigan State,Akron,rushing_yds,2024,1,1,0.9213108774978767,0.9294605809128631,0.006191978000154174,0.0049758096451507335
adef001d8b5a65a46158f0ace273d1c189b429b2f06bf98f9eee8431c434a52b,2024,4430063,Dominique,Johnson,RB,Arkansas,TCU,rushing_yds,2024,1,1,0.9249641540930483,0.9294605809128631,0.005630378170971796,0.0049758096451507335
34bb364b59e326cc82bd684171008c25d14d20056aef3aa9eea1cfedf604ad58,2024,4920127,Marquez,Taylor,RB,Austin Peay,UTEP,rushing_yds,2024,1,1,0.9160111250408443,0.9294605809128631,0.007054131116904699,0.0049758096451507335
78c3df32ed419c7764fb3702d146e5a799a8701b6aea413e11aba296f823e0ce,2024,4912281,Taven,Curry,RB,UAB,UL Monroe,rushing_yds,2024,1,1,0.9193948356619894,0.9294605809128631,0.006497192517957691,0.0049758096451507335
261fd801458c55b32b217cfa956608d7b0afefb8d275df9c6b62103839c0e1c5,2024,4429259,CJ,Beasley,RB,Coastal Carolina,Georgia State,rushing_yds,2024,1,1,0.9383728454271846,0.9294605809128631,0.003797906180741685,0.0049758096451507335
318ff263d4b96853e808f04620b5ac8ec28f875ae71c34f193e87e06c20af9b7,2024,4571803,Tyler,Purdy,RB,Holy Cross,James Madison,rushing_yds,2024,1,1,0.9405199682007979,0.9294605809128631,0.0035378741828340976,0.0049758096451507335
289841347a9b9cc221164ada1947188256985e1350e32c549c1c710803af40d3,2024,4694074,Coleman,Bennett,RB,Bucknell,Rice,rushing_yds,2024,1,1,0.9541369210764954,0.9294605809128631,0.0021034220083436125,0.0049758096451507335
8e11a1c684239eb3c3506710576ea25b16be181b3b148baf6c30988eb07e78da,2024,4687009,Deston,Hawkins,RB,Syracuse,Nevada,rushing_yds,2024,1,1,0.9160111250408443,0.9294605809128631,0.007054131116904699,0.0049758096451507335
9e7d29f4e1d59fc577ce4dfcce417cc49f7e50c5a477fc62bd03c5aab6eb6ee6,2024,4575831,Ta'ron,Keith,RB,Western Kentucky,South Florida,rushing_yds,2024,1,1,0.9168275171640976,0.9294605809128631,0.0069176619010884784,0.0049758096451507335
2a5b1b205cfe7af19b87292af450cb43d32518326743d483ce214a4d52e24e8d,2024,4428272,Juwaun,Price,RB,Syracuse,North Texas,rushing_yds,2024,1,1,0.927422022188024,0.9294605809128631,0.005267562863275673,0.0049758096451507335
1d0e933ca1175901a281514f74fb5834830f4390c090710a34f299e6ec39d78e,2024,5088888,Torrance,Burgess Jr.,RB,UTEP,Texas State,rushing_yds,2024,1,1,0.9461457485994401,0.9294605809128631,0.0029002803939147063,0.0049758096451507335
a89b9396f108a92b7db77cebd839ec63e9d4bf869df843bf6d6b7cf6df82c887,2024,4685535,CJ,Stokes,RB,Michigan,Charlotte,rushing_yds,2024,1,1,0.9216886846721137,0.9294605809128631,0.006132662108383634,0.0049758096451507335
9cbc0b4a03918d99a226629a6be299097470a5b9ec68c683039a0c1c68f80bdc,2024,4596437,AJ,Green,RB,Arkansas,Oklahoma State,rushing_yds,2024,0,0,0.9333600036900677,0.9294605809128631,0.8711608964883232,0.863896971470877
10ecd5c134f437a0beb03cf9c2bf0b449fab12702e556c37462ce8c38486fe79,2024,5081436,Domonique,Thomas,RB,Georgia State,Ole Miss,rushing_yds,2024,1,1,0.9160111250408443,0.9294605809128631,0.007054131116904699,0.0049758096451507335
39d436561059d6a1fff6c2038a32f6101d6d5f4f6f2e7f6e23c5be0eda7bee52,2024,4685374,Rodney,Hill,RB,Florida A&M,Arkansas,rushing_yds,2024,1,1,0.9168275171640976,0.9294605809128631,0.0069176619010884784,0.0049758096451507335
00d10a007f74d1de1146cc134cae9a397fc43cd1c1ed426f90ace40992c6c1a9,2024,4894661,Durell,Robinson,RB,Charlotte,UConn,rushing_yds,2024,1,1,0.9261414612729018,0.9294605809128631,0.005455083742902271,0.0049758096451507335
091e4a227c44421fa1c32d6035fb757642d508d072c3839257ba3fbebebc5ea0,2024,4873588,CJ,Campbell Jr.,RB,Florida State,Florida Atlantic,rushing_yds,2024,1,1,0.9184693498443397,0.9294605809128631,0.006647246914804671,0.0049758096451507335
25b4cbcf24e73a85fca50c102a63ed0393a3d278526dee443c342c6887ac2672,2024,4826574,Owen,Anderson,TE,Illinois,Massachusetts,receiving_yds,2024,1,1,0.6047604642391625,0.7664233576642335,0.15621429062844233,0.05455804784485058
25e5490567c0ea4624f233549abb3eec074a864d5fd44a5a68513187e74da0c3,2024,4569653,Shane,Calhoun,TE,East Carolina,Texas A&M,receiving_yds,2024,1,1,0.8672606155514035,0.7664233576642335,0.01761974418379229,0.05455804784485058
570cd80f634d17314330365afad2c4f642433e35c7c3633cf88b7c8f6f17f2f3,2024,4832827,Jack,Velling,TE,Oregon State,Michigan State,receiving_yds,2024,1,1,0.8731090745001335,0.7664233576642335,0.01610130697421266,0.05455804784485058
d7ad13ed871604d6102745568cf016a899b123fe9395408cdf1357138bb65bf8,2024,4885048,Carson,Goda,TE,Saint Anselm,Illinois,receiving_yds,2024,1,1,0.6549308177394094,0.7664233576642335,0.11907274054599268,0.05455804784485058
b473201321c002bff1571e0e591852fd36b3029df8939f51874a070c1028c15c,2024,4694741,Mitchell,Bothwell,TE,Villanova,Boise State,receiving_yds,2024,0,0,0.8857275361023084,0.7664233576642335,0.784513268209866,0.5874047631733176
96b7a6d1d82f01436fe8626f947f7350dfeedde00965a5fbd4118b7f63686844,2024,4694468,Jace,Henry,TE,Dartmouth,Nevada,receiving_yds,2024,1,1,0.9086831709084514,0.7664233576642335,0.008338763275335096,0.05455804784485058
c59a7f7dc870cb7fd6d313ae8d4ee87bf15d4193c2f75d0fb06d6add5d583cd0,2024,5078812,Antonio,Ferguson,TE,East Carolina,Florida International,receiving_yds,2024,1,1,0.6047604642391625,0.7664233576642335,0.15621429062844233,0.05455804784485058
e0c68695d7fc17901dad9006e35f436ac167cc355f9e7a40970fbca91f8d4819,2024,4896197,Caleb,Rillos,TE,Air Force,Florida,receiving_yds,2024,0,0,0.884368565686714,0.7664233576642335,0.7821077599747757,0.5874047631733176
6f183c2ed5da04d206915bf022bd0376f0aec9b83dc497ebba02f99382177b78,2024,4573699,Jackson,Hawes,TE,Yale,Georgia Tech,receiving_yds,2024,1,1,0.8847309827017084,0.7664233576642335,0.013286946348913859,0.05455804784485058
9b76669d106a6bdf264ab3f76c78ff55e8c1dbb192afa633f3e98c2358feb0fd,2024,4571942,Payten,Singletary,TE,Cincinnati,South Florida,receiving_yds,2024,1,1,0.8691399549192824,0.7664233576642335,0.017124351398527436,0.05455804784485058
0d804e852c4637464a6ac390e46db36450716ffe29376f12ecbac28004e16447,2024,4431346,Mark,Redman,TE,San Diego State,Louisville,receiving_yds,2024,1,1,0.8926001084057558,0.7664233576642335,0.011534736714455414,0.05455804784485058
b81c5e3a00fcebf618a1eb7e66e1ff2faa6049bcca6485bf129b3655aaa722de,2024,4698237,Justin,Wolf,TE,Wagner,Kansas State,receiving_yds,2024,0,0,0.8657825579561912,0.7664233576642335,0.7495794376611655,0.5874047631733176
ec67ece2f0d7a5cc21d76285093ae5cfe04b717abd293145ec9df622f0a799ad,2024,4683127,Ryan,Hoerstkamp,TE,Missouri,Middle Tennessee,receiving_yds,2024,1,1,0.6047604642391625,0.7664233576642335,0.15621429062844233,0.05455804784485058
21cb5716281f16690c5da7c0e7ffcb03d8cfa81e72c75b42169538778f180e38,2024,4890373,Bauer,Sharp,TE,SE Louisiana,Oklahoma,receiving_yds,2024,1,1,0.8889414906401193,0.7664233576642335,0.01233399250123871,0.05455804784485058
a5becb8b42025131679a47c8f0f806e6ec9b1141da970d2eed9590a5699eb4bb,2024,4685484,Jack,Nickel,TE,Michigan State,UAB,receiving_yds,2024,1,1,0.6047604642391625,0.7664233576642335,0.15621429062844233,0.05455804784485058
6dcb2f9e5cb6f68586838460fee6cfdb58b5862b7f4fcda09bb4d49ee2afb758,2024,4430190,Griffin,Moore,TE,Illinois,Texas State,receiving_yds,2024,0,1,0.8855576355451037,0.7664233576642335,0.7842123258722347,0.5874047631733176
0f95d0e60f9042179b59bbc4b7b0de6e3a1fbacae3188b186b69b820c61f2fd6,2024,4685540,Carsen,Ryan,TE,UCLA,Utah,receiving_yds,2024,1,1,0.8818773511918466,0.7664233576642335,0.013952960161454338,0.05455804784485058
c82e93ec263cb2a81c6c8d6a6e819dd5c0c6e0c816c3510134f4a45784d09a7b,2024,4686817,Drew,Cassens,TE,Northern Illinois,Butler,receiving_yds,2024,1,1,0.6152469008651719,0.7664233576642335,0.14803494729385488,0.05455804784485058
ebea81f9683fbec10c8ab84a529837d0cb0bb24492ca8642134d10c4cc3d4144,2024,5079283,Exavious,Reed,TE,Southern Miss,Tennessee State,receiving_yds,2024,1,1,0.6047604642391625,0.7664233576642335,0.15621429062844233,0.05455804784485058
2309260ed369a60983f00923200ab6061945e5d075cea798d0fe0b951cb79f52,2024,5227899,Aidan,Behymer,TE,Air Force,North Dakota,receiving_yds,2024,1,1,0.5255028998504926,0.7664233576642335,0.22514749805029166,0.05455804784485058
8216c23cfed18e59740c5aaa39629a850b08f220c4eb1e01f15a4421d347a3d0,2024,5219497,Leyton,Cure,TE,Fort Hays,Kansas,receiving_yds,2024,0,0,0.6152469008651719,0.7664233576642335,0.37852874902419864,0.5874047631733176
ad5c735159f9c99e8c7b41720d88ec5562b7bd1cd9b7aae2203e58c5469392c2,2024,4682760,Aaron,Steinfeldt,TE,Indiana,UAlbany,receiving_yds,2024,1,1,0.8587346278702106,0.7664233576642335,0.01995590536296788,0.05455804784485058
c05a535a92bfca7f485b5de214979b00b2a9d6efe79954020d6375c7b9687ef5,2024,5078103,Fin,Jones,TE,Florida Atlantic,South Florida,receiving_yds,2024,0,0,0.6047604642391625,0.7664233576642335,0.3657352191067674,0.5874047631733176
3b154a1fa914758581472259b0ebd075e934a2daabf53f6d80c6e16a96dbbcf9,2024,4714278,Jason,Llewellyn,TE,Oklahoma,Texas Tech,receiving_yds,2024,0,1,0.6047604642391625,0.7664233576642335,0.3657352191067674,0.5874047631733176
866fd035124ba76baa9c7e509c39be42dddaad1e55a224ef458b6bdb3bd60e3d,2024,5093836,Evan,King,TE,Hampton,Buffalo,receiving_yds,2024,1,1,0.8749407374765906,0.7664233576642335,0.015639819142899025,0.05455804784485058
42eabb91dba0803a5bfe699dcb69db2f35ca4c5ee51528d18c17f285e2172cf7,2024,5122077,Charlie,Williams,TE,UNLV,Colorado,receiving_yds,2024,0,0,0.6152469008651719,0.7664233576642335,0.37852874902419864,0.5874047631733176
076f4e3c7d5366f9b3d045f0f03ff0abe74449934a52456be756f9c453f937ce,2024,4686771,Caleb,Fauria,TE,Colorado,Delaware,receiving_yds,2024,1,1,0.6047604642391625,0.7664233576642335,0.15621429062844233,0.05455804784485058
259c89c683dfda93504041334609bbedcc35f665826bec734afc86d42e2b6fe3,2024,4683571,Eni,Falayi,TE,Massachusetts,Utah Tech,receiving_yds,2024,1,1,0.8625621057551246,0.7664233576642335,0.018889174774465556,0.05455804784485058
25a4405dc655d37e27ff3a0e4eec93893df4ae5d4d82bfed1c43002ecb9d4740,2024,4429914,Karter,Johnson,TE,Pittsburgh,Florida A&M,receiving_yds,2024,1,1,0.8882976141930711,0.7664233576642335,0.012477422994959997,0.05455804784485058
81b28754cf56d53db3d9d0dabb0310a4c15bcaaf6938286f5e9327c7f15abbe2,2024,5089179,Bryan,Henry,TE,Houston,Abilene Christian,receiving_yds,2024,1,1,0.8460353194636695,0.7664233576642335,0.023705122852654307,0.05455804784485058
4c05b73dd77c7cc670a86b167e70951feb7e48d1c863c0306ebe7383d4874b29,2024,4696138,Mason,Gilbert,TE,Lafayette,Maine,receiving_yds,2024,1,1,0.8828744651325384,0.7664233576642335,0.013718390917988958,0.05455804784485058
d86055e707c0006b76be84cbd63a376662725dcacb04bab0b8e1fe744db6693d,2024,5080694,Jax,Porter,TE,Alabama,TCU,receiving_yds,2024,0,0,0.6152469008651719,0.7664233576642335,0.37852874902419864,0.5874047631733176
dccd1477313bfc57d3c3276d2db5e2d60bf40a76fae717d95d2fc19ff346e2e9,2024,4875351,Griffin,Waiss,TE,Washington,Stanford,receiving_yds,2024,0,0,0.5255028998504926,0.7664233576642335,0.27615329775127684,0.5874047631733176
32778f9bf7dab64930a6c7164f0d4841ffea2db79be57cbff5601d08e696083c,2024,5077106,Bryce,Harrison,TE,Northern Illinois,Stetson,receiving_yds,2024,1,1,0.5255028998504926,0.7664233576642335,0.22514749805029166,0.05455804784485058
eacb17d61c3f76c23369b539f16340c2e376dc8266e4d0e45562470085b7cb5b,2024,4429445,Logan,Compton,TE,Houston,Incarnate Word,receiving_yds,2024,1,1,0.6047604642391625,0.7664233576642335,0.15621429062844233,0.05455804784485058
8aea4e259581a871dc88ad7e620df067197d96b0df457b4e1c94dcc63e3f72c9,2024,4428216,Alec,Pell,TE,Northern Colorado,Austin Peay,receiving_yds,2024,1,1,0.8606219782298864,0.7664233576642335,0.019426232952550263,0.05455804784485058
c81ed5578ed89f21a422fe3e011e0730cac9bc62c1bee7f6f597fa3e766a3434,2024,4869590,Tyler,Dostin,TE,Kent State,UT Martin,receiving_yds,2024,1,1,0.6047604642391625,0.7664233576642335,0.15621429062844233,0.05455804784485058
65de72c1ed9697cad77edf227ecdd2897a5158ab9ee3b303f952b44126444186,2024,4912052,Justin,Joly,TE,UConn,NC State,receiving_yds,2024,1,1,0.907051023345533,0.7664233576642335,0.00863951226111265,0.05455804784485058
14e06b44337db3ee33f1bc11f39accaa89b54d5cf2c5add526935060667070ee,2024,5150783,Joshua,Smith,TE,North Texas,Morgan State,receiving_yds,2024,1,1,0.6047604642391625,0.7664233576642335,0.15621429062844233,0.05455804784485058
a56285234a89935abf44ada635a49e512b33048967f782a30a030ee4fcb61a9b,2024,4686030,Christian,Pedersen,TE,Florida International,Morehead State,receiving_yds,2024,1,1,0.6047604642391625,0.7664233576642335,0.15621429062844233,0.05455804784485058
c18ed7f7217a846381d69045736e6142d157ce9761581ece34909649f0f3dade,2024,4690984,Jayden,York,TE,Texas Tech,Houston,receiving_yds,2024,1,1,0.8829285754832404,0.7664233576642335,0.013705718438383332,0.05455804784485058
5bc325f13af67658841a61369a9a28b8517c8bc024de28aa1c4e9da0d47a0a22,2024,4879573,Carter,Neuman,TE,Oregon State,Bryant,receiving_yds,2024,1,1,0.5255028998504926,0.7664233576642335,0.22514749805029166,0.05455804784485058
9bc22f11bc9c88b30a3dcda6a92989a4f209bb0e13a2639c3f248609715f38e9,2024,4685573,Holden,Staes,TE,Notre Dame,Tennessee,receiving_yds,2024,1,1,0.839816240974821,0.7664233576642335,0.025658836655436616,0.05455804784485058
d7adbc5155eef611de85623f4a63b5e7c59e31233af9a06371fa6ce17151845a,2024,4871019,Rico,Walker,TE,Maryland,Auburn,receiving_yds,2024,0,0,0.864196244410591,0.7664233576642335,0.7468351488533699,0.5874047631733176
6716c57f4cf8afd2f443860ad908540d17da8d0a90238f81296fc317829a48e0,2024,4683210,Brady,Hunt,TE,Ball State,South Carolina,receiving_yds,2024,1,1,0.5532165144582943,0.7664233576642335,0.19961548295279552,0.05455804784485058
ef6607edb768f88a628452b78797bfc17b4a55ba8bfee65b96fd1af82503e542,2024,4709804,Cole,Rusk,TE,Murray State,Illinois,receiving_yds,2024,0,0,0.8928073140282731,0.7664233576642335,0.7971048999823794,0.5874047631733176
8e4cdcd84dba9fd31fde8b46852181c9907f109ffaed1ee49856a48bd74cc309,2024,4692538,Jalin,Conyers,TE,Arizona State,Texas Tech,receiving_yds,2024,1,1,0.9019844391576249,0.7664233576642335,0.009607050167245328,0.05455804784485058
b7b8083ffa44e6b8a0e3e4583e2c68463ef99c051286dab410f31517af381ea9,2024,4433959,Benjamin,Yurosek,TE,Stanford,Georgia,receiving_yds,2024,1,1,0.8881352862592711,0.7664233576642335,0.012513714180295227,0.05455804784485058
1f3582f579154cf5b8151360de6e6e297bcfe97947d8de2c492c7fbf37ba6c14,2024,4876132,Josh,Cuevas,TE,Washington,Alabama,receiving_yds,2024,1,1,0.8813482649347881,0.7664233576642335,0.014078234233985229,0.05455804784485058
939bab7a634f34a9027ffd448decc98ba215254ef6f43c65d32b2af13e14450d,2024,4429949,Maliq,Carr,TE,Michigan State,Houston,receiving_yds,2024,1,1,0.864029757206879,0.7664233576642335,0.018487906925220267,0.05455804784485058
024568392eaf2ed47d425639dc40c0866dcb2217ed86b11a85589b46c9b94503,2024,4431574,Eli,Stowers,TE,New Mexico State,Vanderbilt,receiving_yds,2024,1,1,0.8706800252900413,0.7664233576642335,0.01672365585898436,0.05455804784485058
c92178d94251b71b975fad05ffd90f48e5858f7f81bda75b00a485830afdd301,2024,4594749,Michael,Trigg,TE,Ole Miss,Baylor,receiving_yds,2024,1,1,0.8400564584252681,0.7664233576642335,0.02558193649146799,0.05455804784485058
002ad8832f022f333a56f5d2fef00d7a8528b0b3276d3f9bc3c35ac1e7d77921,2024,4428050,Kamari,Morales,TE,North Carolina,Boston College,receiving_yds,2024,1,1,0.8816005606607725,0.7664233576642335,0.014018427235843407,0.05455804784485058
fdcce0b0c331c5f201bd0b489ca038a24c6b270a1439ed755c7e57d12b41cb18,2024,4838696,Dae'Quan,Wright,TE,Virginia Tech,Ole Miss,receiving_yds,2024,1,1,0.9049748017784004,0.7664233576642335,0.009029788297054296,0.05455804784485058
402575c78fce3051d58a7b634081134b94eb713fdb9afbcc8fd4d77580a8386e,2024,4880236,Will,Kacmarek,TE,Ohio,Ohio State,receiving_yds,2024,1,1,0.8595759907074468,0.7664233576642335,0.01971890238579506,0.05455804784485058
08fd0df921428e8a4d9b5c6964d8dc403ab3a996b0f6ca76c73474e5ab2f4612,2024,4877773,Johncarlos,Miller II,TE,Elon,Texas Tech,receiving_yds,2024,1,1,0.881552712716785,0.7664233576642335,0.014029759864752456,0.05455804784485058
288616f7d6707a64ffebaa3a09f9facaf8bbe0706da8694194443e96b2a3ddf4,2024,4570417,Garrett,Miller,TE,Purdue,Texas A&M,receiving_yds,2024,0,0,0.8678760766292422,0.7664233576642335,0.7532088843853662,0.5874047631733176
d0bc484bf79e44ed3af07bcee668cedf5800d05c2861d8609d3ede880832a060,2024,4685784,Tre,Watson,TE,Washington,Texas A&M,receiving_yds,2024,1,1,0.5532165144582943,0.7664233576642335,0.19961548295279552,0.05455804784485058
aac81a564958224b26db1ad82c5fbe91d3241bd94f1e9f8becdfa259c23fd519,2024,4685560,Jaleel,Skinner,TE,Miami,Louisville,receiving_yds,2024,1,1,0.8280511387626801,0.7664233576642335,0.029566410880811092,0.05455804784485058
95c102db9778ed32d8a13b6ff4eb12f2df69b0120aff4d46cb73d4cd109f6930,2024,4570286,Tyler,Foster,TE,Ohio,Oklahoma State,receiving_yds,2024,1,1,0.8762357564123116,0.7664233576642335,0.015317587990832682,0.05455804784485058
0e28c5d58b85ed09d85e8236744ac887a625b2873cb5c0e39d9d8e9d66c28bf3,2024,4686446,DeShawn,Hanika,TE,Iowa State,Kansas,receiving_yds,2024,0,0,0.5532165144582943,0.7664233576642335,0.3060485118693842,0.5874047631733176
ef5cd27684fc0e68f838432193152689987d6ae0167d82975d1e64c3b1560da7,2024,4695765,Tyler,Neville,TE,Harvard,Virginia,receiving_yds,2024,1,1,0.8614839074847158,0.7664233576642335,0.019186707885702765,0.05455804784485058
c5f73699988466a8ce4fcb70d1a8d1446e296bd0ab60a43fd228c2393be710c7,2024,4429466,Drake,Dabney,TE,Baylor,TCU,receiving_yds,2024,1,1,0.8906226178651494,0.7664233576642335,0.011963411722673135,0.05455804784485058
9e7d99d594f70ea665a7e20f3d19f5fd25e71792941f2cfe0d8de7bc9fd09022,2024,4429608,Corey,Dyches,TE,Maryland,California,receiving_yds,2024,1,1,0.8970478635400748,0.7664233576642335,0.010599142401663056,0.05455804784485058
77a219bf921606dbd7292c1ade60c7f4112364bd046915673f8d08d3e62b00e7,2024,4612297,Markeston,Douglas,TE,Florida State,Arizona State,receiving_yds,2024,1,1,0.8620729592825128,0.7664233576642335,0.019023868561083367,0.05455804784485058
70671bb9a42c1607fe6637b1df77480309902b644a8f66ec7f253d7b1d3be8ed,2024,4427694,Casey,Kelly,TE,Oregon,East Carolina,receiving_yds,2024,1,1,0.8473619335964143,0.7664233576642335,0.023298379315425433,0.05455804784485058
d686a6fab80c09592124a6ef13e42e40b2db9c3e3f956258dee902f54a6d9339,2024,4869534,Amari,Niblack,TE,Alabama,Texas,receiving_yds,2024,1,1,0.8544874832849069,0.7664233576642335,0.021173892520760258,0.05455804784485058
2b6261173ce2811b4f343b27318526d007f82e4f91d87a6ab6fc4660dbeb8b48,2024,4701588,Michael,Harrison,TE,Colorado,San Diego State,receiving_yds,2024,1,1,0.8629777709906605,0.7664233576642335,0.01877509124268787,0.05455804784485058
adce45e17840374f33e86505c3a23c5f2212ee866625a08af4c900ea9acebba8,2024,4608520,Sam,Olson,TE,San José State,Arizona,receiving_yds,2024,1,1,0.8881588111307459,0.7664233576642335,0.012508451527688166,0.05455804784485058
c2f6a39d7746772fd175b8a8e19bd9e4262bd8c368b1458704960a88ad334c8f,2024,4432531,Jake,Roberts,TE,Baylor,Oklahoma,receiving_yds,2024,1,1,0.8837559852851523,0.7664233576642335,0.013512670957025725,0.05455804784485058
6ae12b09faeee824f21c520273d233e9db600a89e231ef4da3a024e044a4408e,2024,4869745,Kyirin,Heath,TE,Ole Miss,Southern Miss,receiving_yds,2024,1,1,0.8661823336314767,0.7664233576642335,0.017907167832317418,0.05455804784485058
b13d5529a4178aef0bf3acb7e65bad94793d7eefbb3388dd7a44120d183e7502,2024,4431461,Chamon,Metayer,TE,Colorado,Arizona State,receiving_yds,2024,1,1,0.5949625863992969,0.7664233576642335,0.16405530641634702,0.05455804784485058
b96ae3b1151cb1c0e8c7579d5eb7adadbfc8703566137ce581110fd6b77b7784,2024,4567543,Justin,Ball,TE,Vanderbilt,Mississippi State,receiving_yds,2024,1,1,0.8692151162921132,0.7664233576642335,0.017104685806485467,0.05455804784485058
930f47a6ffa2219885fe0fc16735b87daa8bb9ead0003ade0d905b6a40268a04,2024,4688552,Keleki,Latu,TE,Nevada,Washington,receiving_yds,2024,1,1,0.8890323648960211,0.7664233576642335,0.012313816040569808,0.05455804784485058
8d789a301bc320db92521c47edd4db0859c775b6f36063ac15b37663427eb17b,2024,5222380,Conner,Muldowney,TE,Tiffin University,Kent State,receiving_yds,2024,1,1,0.5949625863992969,0.7664233576642335,0.16405530641634702,0.05455804784485058
948ee1089841a27d82832c11b667954e4c2c9a4ef41324ff53ddcb6913b1e528,2024,4431051,Izayah,Cummings,TE,Kentucky,Louisville,receiving_yds,2024,1,1,0.8900388834978263,0.7664233576642335,0.012091447142404609,0.05455804784485058
e569a08d4897f6ce1b6a3af321008b75197949b38c2655ea6dddc435c8284293,2024,4565859,Joe,Royer,TE,Ohio State,Cincinnati,receiving_yds,2024,1,1,0.8455566552359973,0.7664233576642335,0.023852746741892594,0.05455804784485058
8b57dcb21443a8dd63c7ec5b252c6ad96bd5e9662420617074f2961c03f56fc7,2024,4428921,Jude,Wolfe,TE,USC,San Diego State,receiving_yds,2024,1,1,0.8366932956174156,0.7664233576642335,0.02666907969630082,0.05455804784485058
424b58bd4d45ac472caf8b228f507d7e5f35a1b1bf1fcfdb8b55d535624f7335,2024,4431303,Jake,Overman,TE,Oregon State,Pittsburgh,receiving_yds,2024,1,1,0.6153697796371752,0.7664233576642335,0.14794040641635517,0.05455804784485058
1c665055da70a50e409b06724c524d7445a65cf26e649d3a1d545c146661e9e2,2024,4426421,Ryland,Goede,TE,Mississippi State,Georgia Tech,receiving_yds,2024,1,1,0.8725715028421943,0.7664233576642335,0.016238021887896893,0.05455804784485058
689bf9efe11956a2f52ae9b4fa96d944d244777f8edd2244d45c9e4df27e7017,2024,5041960,Jayvontay,Conner,TE,Ole Miss,East Carolina,receiving_yds,2024,1,1,0.8589827427585153,0.7664233576642335,0.019885866839911077,0.05455804784485058
522bc941b0efc672350eb9b96e8326faecd10b9146f74c930d0652cfd4f11e05,2024,4427934,Dominick,Mazotti,TE,San José State,Massachusetts,receiving_yds,2024,1,1,0.8885102800936197,0.7664233576642335,0.012429957644803142,0.05455804784485058
5f1eed350a5675d5e880c486f359a4e46bc53ac08692ac79f0e66a1bb2ccc1a7,2024,5089453,Miles,Kitselman,TE,Alabama,Tennessee,receiving_yds,2024,1,1,0.6153697796371752,0.7664233576642335,0.14794040641635517,0.05455804784485058
f78e9cd4f3f6a6a6d086ea61479635e19b8e80270a1a483835e72dc7e92f00c4,2024,4432260,Matthew,Hibner,TE,Michigan,SMU,receiving_yds,2024,1,1,0.6153697796371752,0.7664233576642335,0.14794040641635517,0.05455804784485058
787cb8027769ffe43da6a631b4d00412726d9952e03f2757ce6abc3dd96f4934,2024,4710718,Andreas,Paaske,TE,Eastern Michigan,Arkansas,receiving_yds,2024,1,1,0.8714604548878422,0.7664233576642335,0.016522414657640455,0.05455804784485058
f4587a9eea32d5e641c2f3aab2a9137eb45639c4f589e4a0c569d1cfacb3b794,2024,4567234,Tyler,Fromm,TE,Auburn,Georgia Southern,receiving_yds,2024,1,1,0.8619358251781105,0.7664233576642335,0.019061716369249262,0.05455804784485058
a741bfcfb21c88419f1e2edefa194ffa3fce3c52ff46a6531b2191cb2db85f1b,2024,5219835,Oscar,Hammond,TE,Central Oklahoma,North Texas,receiving_yds,2024,1,1,0.6353789079278842,0.7664233576642335,0.13294854078386234,0.05455804784485058
16689a1805acf127bf39ffcd85f8f70f801edc2a83829dcce1fa8852dd645f61,2024,4685157,Blake,Smith,TE,Oklahoma,Texas State,receiving_yds,2024,0,0,0.8894010668959528,0.7664233576642335,0.7910342577956591,0.5874047631733176
aa36dda69ff6af7b4344a6298a271ecf355f195a23422f8b6fa2b7efa99cb3a4,2024,4426684,Andrew,Bench,TE,Bowling Green,South Alabama,receiving_yds,2024,1,1,0.8899317457271934,0.7664233576642335,0.012115020598663219,0.05455804784485058
f1fc04f8c405ba198d4dbeba0df7f7c13169f5ee36ef5b1835af10aade2cec36,2024,4877824,Zach,Horton,TE,James Madison,Indiana,receiving_yds,2024,1,1,0.8937679416537023,0.7664233576642335,0.011285250220491193,0.05455804784485058
c5566da82ffaa60e291b185831ebcdf2921ae58807f8325efbfdce7739ad9c41,2024,4569508,Evan,Morris,TE,Michigan State,UCF,receiving_yds,2024,1,1,0.8754708829675606,0.7664233576642335,0.01550750098887899,0.05455804784485058
dc9af026d78b572828fb139a3c2fdbeca83462d04914afb587d4fc09151ca530,2024,4427779,Jaelyn,Lay,TE,Alabama State,Massachusetts,receiving_yds,2024,1,1,0.8918579482915545,0.7664233576642335,0.011694703347712098,0.05455804784485058
6b60ed91f27e7805ba98488a663fb575672b76ae671c787d612b9b69aeeff618,2024,5110569,Anthony,Miller Jr.,TE,Indiana,Tulane,receiving_yds,2024,1,1,0.6353789079278842,0.7664233576642335,0.13294854078386234,0.05455804784485058
a58fe08c4cb8bbd8b9a3372557d1668ca117929dd0f10b43f5126c8c634c6e08,2024,4905244,Andrew,Savaiinaea,TE,Florida,Nevada,receiving_yds,2024,1,1,0.6153697796371752,0.7664233576642335,0.14794040641635517,0.05455804784485058
a6e60e3a2672c810bdb82e87e3c3026ce8aae5ed0239900e12552b41556fa98e,2024,4910711,Justin,Holmes,TE,Kent State,Marshall,receiving_yds,2024,1,1,0.9100072677075445,0.7664233576642335,0.008098691865461567,0.05455804784485058
9d2bf4f90b9dc365239e5e14de989ed724b3b7b34d49ce93e14b25891b10659f,2024,4433846,Hans,Lillis,TE,Boston College,Eastern Michigan,receiving_yds,2024,0,0,0.6739722747750072,0.7664233576642335,0.4542386271653978,0.5874047631733176
271ca938080ef2781024485c22bf1525bd3d634d847a229a97ddf0224ec7d96d,2024,4570038,Sam,Hart,TE,Ohio State,Colorado,receiving_yds,2024,1,1,0.6549308177394094,0.7664233576642335,0.11907274054599268,0.05455804784485058
12958dee06ab50c4ee04d486d3e968066037c432a099896248c1aa57b9c72c07,2024,4691547,Preston,Daniel,TE,Florida State,Miami (OH),receiving_yds,2024,1,1,0.8790460225283506,0.7664233576642335,0.014629864666212265,0.05455804784485058
4cbb2a65d9a45c84508641cf9f0bbf0dab58000db46a70f3195fe7c772726957,2024,4688904,Reece,Adkins,TE,Eastern Kentucky,UCF,receiving_yds,2024,0,0,0.8895856658380569,0.7664233576642335,0.791362656864539,0.5874047631733176
de37ab9c0ca39567a0912d0227cd19a4c321d27ad0d2863fd71b2e8ca7377e2f,2024,4579667,Pat,Conroy,TE,Merrimack,Old Dominion,receiving_yds,2024,1,1,0.6353789079278842,0.7664233576642335,0.13294854078386234,0.05455804784485058
4e7a58767553180e79d03b379a52bc049ac8567288b64ea5a5104f3ea611cce6,2024,4431081,Sage,Ennis,TE,Clemson,Virginia,receiving_yds,2024,1,1,0.8884175393434555,0.7664233576642335,0.01245064552616931,0.05455804784485058
caa7c6ccd47f4103ce11df99943e933f9067bab09e8b9ac3aad71fd6cf64f5dc,2024,5082648,Bryce,Pierre,TE,Arizona State,UCLA,receiving_yds,2024,1,1,0.8900669568213606,0.7664233576642335,0.012085273982516593,0.05455804784485058
da8442aba4b8d83952dc87c1ee4acc79d71ebf13df4cd9b2ae903b7e396ad61e,2024,4684068,Cameron,Harpole,TE,San Diego State,Arizona State,receiving_yds,2024,1,1,0.892144547787585,0.7664233576642335,0.011632798571944535,0.05455804784485058
855811ea82d08d0a53df1c3f290b559c151e817ab1993569c416ad699f48481d,2024,4430598,Chris,Toudle,TE,NC State,Western Michigan,receiving_yds,2024,1,1,0.6549308177394094,0.7664233576642335,0.11907274054599268,0.05455804784485058
00c1fa6af393875c9d3e61ba9a63036e0720e72cef2e0b0fffdf058d6452c5ed,2024,4682613,Fernando,Garza III,TE,Texas A&M,Sam Houston,receiving_yds,2024,1,1,0.6549308177394094,0.7664233576642335,0.11907274054599268,0.05455804784485058
83ce2be273a2e7ae3d5fa7e6272dc025369a57fc57fb10d28d1e8841de5f77d1,2024,4431281,Christian,Moore,TE,Kansas State,UNLV,receiving_yds,2024,1,1,0.8857020685383896,0.7664233576642335,0.013064017136402983,0.05455804784485058
1e48fd3ecdf7a4ec5d60d6c6f8821cef4087b581265f8eff452251832c6098d8,2024,5151194,Elijah,Boyd,TE,UTEP,Bowling Green,receiving_yds,2024,1,1,0.692456401594441,0.7664233576642335,0.09458306492023975,0.05455804784485058
d944ddb27bc4b1d3e4623a22e44a974f30eea0a6eb949680d9e8b95137dd1a6a,2024,5221150,CJ,Kiss,TE,Notre Dame College,Western Kentucky,receiving_yds,2024,0,0,0.6739722747750072,0.7664233576642335,0.4542386271653978,0.5874047631733176
67cb82ce4a2b0ddcf53b0da84aeb412df0c8d00c73a4dbce5ba7a763beb44e01,2024,4875284,Austin,Smith,TE,Memphis,Sam Houston,receiving_yds,2024,0,1,0.692456401594441,0.7664233576642335,0.47949586810912176,0.5874047631733176
96579e0be48a5096dfbff7ef0f120b0843a46d3cb87ce0989f67f479c2db14b6,2024,4575528,Francis,Sherman,TE,Arkansas,Cincinnati,receiving_yds,2024,1,1,0.8965246574049478,0.7664233576642335,0.010707146525163424,0.05455804784485058
28388b61ee02e6442dba15e7e78186ae73b09d01478ea3e67d9259c6a5492adf,2024,4696726,Grant,Norberg,TE,UCLA,San José State,receiving_yds,2024,0,0,0.727598469806743,0.7664233576642335,0.5293995332651139,0.5874047631733176
2a1dd118346654e561de49b6c89aa912dc51605b66a5cfe7199075d26e91c162,2024,5088375,Jake,Bruno,TE,Saint Francis (PA),Ohio,receiving_yds,2024,1,1,0.7103429582398446,0.7664233576642335,0.0839012018412444,0.05455804784485058
e2d367bdeac1072ee8cb42e96748850c35d12653c5d13c16348e2629c448f29c,2024,5082551,Beau,Blankenship,TE,Marshall,Ohio,receiving_yds,2024,0,0,0.727598469806743,0.7664233576642335,0.5293995332651139,0.5874047631733176
426281662467eab7113e8ad68319597a46e5c3761ac8d191eead4fb0c604b132,2024,4695649,Jackson,Manning,TE,Massachusetts,Kennesaw State,receiving_yds,2024,1,1,0.727598469806743,0.7664233576642335,0.07420259365162789,0.05455804784485058
61acb36f5823433659a6ab33bebecc78b37f2154dca929a1b9df476944178bd6,2024,4430183,Logan,Kyle,TE,Vanderbilt,James Madison,receiving_yds,2024,1,1,0.8899143800372153,0.7664233576642335,0.012118843722590651,0.05455804784485058
a2eb38e38c04b46d6f9cffbdeaa1aefda3314350afb72c711ba836dba373cdf3,2024,4869294,Jake,Appleget,TE,Nebraska,Northern Illinois,receiving_yds,2024,1,1,0.6353789079278842,0.7664233576642335,0.13294854078386234,0.05455804784485058
2c15faaa02828ae71622b7b019441d9411c2815bb7fd7c0de8a3579b6ab4c0ff,2024,4685414,Jake,Johnson,TE,Texas A&M,North Carolina,receiving_yds,2024,1,1,0.8514838429285556,0.7664233576642335,0.02205704891126994,0.05455804784485058
56e29a845a3fd5d7fe779ed41c1684c4d1e930cdac091cff67ccca76caafa26e,2024,4695711,Max,Whisner,TE,Missouri,Akron,receiving_yds,2024,0,0,0.6153697796371752,0.7664233576642335,0.37867996569070556,0.5874047631733176
69ff0c17215815755c9f400d1ad4c3f2b5494b1d227ea67aa0165fff1cd1fd4e,2024,4587977,Sam,Brown,WR,Houston,Miami,receiving_yds,2024,1,1,0.9578104810603313,0.859375,0.0017799555083606651,0.019775390625
49ec5a3c2c25cb2cd569cb25a15f780f20aa49bda25da3f9ddd4530621f0ff7e,2024,4429552,Eamonn,Dennis,WR,Michigan,Ohio,receiving_yds,2024,1,1,0.7272214809768786,0.859375,0.07440812044044742,0.019775390625
c88a0dffb3373ea8bae571692fe36c4a6c2fec9a5d3d75506875a15fa716ecb6,2024,5085121,Cole,Pruett,WR,Washington State,Eastern Washington,receiving_yds,2024,1,1,0.8288868200069613,0.859375,0.029279720367330044,0.019775390625
de6a71ae5628ac783dabde141a0932773842d6012193b31403c6f85ab50a563e,2024,4578436,Coleman,Owen,WR,Northern Arizona,Ohio,receiving_yds,2024,1,1,0.9199522319344448,0.859375,0.006407645172276926,0.019775390625
1fb170b65a55f68d0c747eb2bfff3079fc404ec352f0222213b326da93456cc2,2024,4686514,Bryce,Bailey,WR,Middle Tennessee,UT Martin,receiving_yds,2024,1,1,0.8158685038903626,0.859375,0.03390440785957342,0.019775390625
ae0c1569eeb28b420ed24d204c5f78566a014c19bfcefe46550021dbcf637852,2024,4565181,Bralon,Brown,WR,Ole Miss,Marshall,receiving_yds,2024,1,1,0.9079617011206061,0.859375,0.008471048460612631,0.019775390625
26f2c744afb21002ebdee4a61ea15d364a176f5e6414c97ac67436affb85d3b5,2024,4575558,Josh,Kelly,WR,Washington State,Texas Tech,receiving_yds,2024,1,1,0.9377026534205202,0.859375,0.003880959390843827,0.019775390625
331050f3e44a230e6847b2d6102d088cc17f4d578b1dd046dbca30dae65b4373,2024,4693881,Kisean,Johnson,WR,Alabama State,Western Kentucky,receiving_yds,2024,1,1,0.8421728375427138,0.859375,0.02490941320931862,0.019775390625
fde4a5ae1bbba6f6c844eca82da99ef547ce8dc20924cf6d395c8df830225f38,2024,4431094,Christian,Fitzpatrick,WR,Michigan State,Marshall,receiving_yds,2024,1,1,0.9289963657097939,0.859375,0.005041516082417327,0.019775390625
5de107f2b8137a77ce4807c809e26e906f206cab84bd8e087efa1dfde8a94fad,2024,4431142,Jimmy,Holiday,WR,Western Kentucky,Louisiana Tech,receiving_yds,2024,1,1,0.8907055050119359,0.859375,0.011945286634695967,0.019775390625
3f40ec412edf38190b8acfcb18d328e7df0c3f4aa290e39a12078dd9dd81d2ee,2024,4896289,Gavin,Freeman,WR,Oklahoma,Oklahoma State,receiving_yds,2024,1,1,0.9366166054163015,0.859375,0.004017454708952815,0.019775390625
cad4c93941765d4ac15c32beec63df7162451a6139b46f9ecce7519d30dca7b6,2024,4870699,Karmello,English,WR,Michigan,West Georgia,receiving_yds,2024,1,1,0.9027971863379355,0.859375,0.009448386983822036,0.019775390625
6d72f69579575e54204e6e6a96db6a1a681a371ca82e685b67fd2d02fde2f3d3,2024,4879248,Eli,Green,WR,North Dakota State,Iowa State,receiving_yds,2024,1,1,0.9842375860175708,0.859375,0.0002484536945534786,0.019775390625
e0450040ef6afd9a06312d442484ac48e5bfbeec4de631544bfc93e1c81be957,2024,4682509,Malik,McClain,WR,Penn State,Arizona State,receiving_yds,2024,1,1,0.905378066600637,0.859375,0.008953310280233483,0.019775390625
8ff7705a3d8ad9da7261b00351ea3aed0a4df05a5e58e6b52c91ddde61675a59,2024,4695341,Izaiah,Hartrup,WR,Southern Illinois,Ole Miss,receiving_yds,2024,0,0,0.9301436361900983,0.859375,0.865167183944938,0.738525390625
d07191c4bd9618c5b754d536704700f10ae2c1f2f59beb6f236201b358bb349e,2024,5151599,Desna,Washington,WR,New Mexico,Florida International,receiving_yds,2024,1,1,0.8993748829129178,0.859375,0.010125414188789006,0.019775390625
0ba8247b12f50896f880e2af65e80ddb639fd26cbd7fab456012806f4a3fc3b8,2024,4883912,Andrew,McElroy,WR,St. Thomas,Northern Illinois,receiving_yds,2024,1,1,0.7475378048786174,0.859375,0.06373715996550705,0.019775390625
3d63637e807ba2e584e55f470221aa6af377f01289b45995f107302e80d731e3,2024,5220680,Ted,Hurst,WR,Valdosta State,Georgia State,receiving_yds,2024,1,1,0.7475378048786174,0.859375,0.06373715996550705,0.019775390625
f7b17945b25b14b609e839817a191426ee611299833e415ca647769288c2f927,2024,4880664,Jostein,Clarke,WR,UTEP,Bethune-Cookman,receiving_yds,2024,1,1,0.8705173955235119,0.859375,0.01676574486201465,0.019775390625
642788c296256b8e9b607b0f32087e745aca091dd9758d5653e8ad921d1e79bf,2024,4900152,Zyion,Claville,WR,Louisiana Tech,Texas Southern,receiving_yds,2024,1,1,0.7272214809768786,0.859375,0.07440812044044742,0.019775390625
db95fcb74985cb4cfa571755a9a53af6b26414e0a4df7620b6fa296da2f0fec0,2024,4571070,Hayes,Sutton,WR,Duke,Middle Tennessee,receiving_yds,2024,1,1,0.7018219048982287,0.859375,0.08891017639852096,0.019775390625
0f15a866336a1a3656769fdaeceb20d1d95a13a27e794ead2723434468982cf0,2024,4608533,EJ,Horton,WR,West Virginia,Florida Atlantic,receiving_yds,2024,0,0,0.8547647913338241,0.859375,0.7306228485039559,0.738525390625
cf16f1bd07078dbb25e166e30752888da4a14801ae973193f1fda519c5b9e1b3,2024,4870842,Vandrevius,Jacobs,WR,Florida State,South Carolina,receiving_yds,2024,1,1,0.8987827980209921,0.859375,0.010244921976459272,0.019775390625
cb7a6fa655c54657613f2e07fba35e0e8e5052ff4abaa42c0c376dd7bcf0f2d3,2024,4696062,Antwane,Wells Jr.,WR,South Carolina,Ole Miss,receiving_yds,2024,1,1,0.9471217607499572,0.859375,0.0027961081861847623,0.019775390625
8cc6f2ded6db0909e5f1682c5165b9cf99172f56f4cefa27607f8c01a5664dc0,2024,4433940,Abdur-Rahmaan,Yaseen,WR,Purdue,South Florida,receiving_yds,2024,1,1,0.9232270211470042,0.859375,0.005894090281962546,0.019775390625
a699e71b500e295a6b053235f2f1971784219ca7effe23d87fce7725c08bf356,2024,4869655,Jameel,Gardner,WR,Kent State,Jackson State,receiving_yds,2024,1,1,0.9100667747463626,0.859375,0.008087985004521493,0.019775390625
1b521c6ebff28ad47f7545d7b537d1f014100a3f8444b5db65a5a1d66ac5ae1b,2024,5083297,Jacoby,Jones,WR,Ohio,UCF,receiving_yds,2024,1,1,0.915540605304403,0.859375,0.007133389352346646,0.019775390625
c0bd0d5b180d96dd1069783afccfb19eb1ec7d532ca1968812bae224f997cda8,2024,4429247,Jaylon,Barden,WR,Georgia Southern,Samford,receiving_yds,2024,1,1,0.9440177816368709,0.859375,0.00313400877285707,0.019775390625
84dfcbdad75cbb3df9b9bd49abdc611a15f39007d8e86405490ac7183c7eae1c,2024,5151368,Micah,Woods,WR,Buffalo,South Alabama,receiving_yds,2024,0,0,0.8961513380718519,0.859375,0.8030872207279706,0.738525390625
d1a2c3a2d5cee0648d9c6bb089ce7e37a59c02731bb0b78b8b59fad0ade7d8d7,2024,4890060,Jack,Hestera,WR,Charlotte,Utah State,receiving_yds,2024,1,1,0.8745131943716298,0.859375,0.01574693838681237,0.019775390625
0893c4324da60b84ccb857685a60e78f2b7bc65c98cc382c935e8bbcb705db81,2024,4433973,Seven,McGee,WR,Jackson State,UAlbany,receiving_yds,2024,1,1,0.8755045408804849,0.859375,0.015499119341378854,0.019775390625
3f5dbb4c9346a1216dbf032bba4e192c17d1fcf6a2f7941e86903075742713cb,2024,5084552,Tommy,Winton III,WR,East Tennessee State,Tennessee,receiving_yds,2024,0,0,0.9386998379229262,0.859375,0.8811573857165279,0.738525390625
9c44deb9949fadd53323a5cf929c59f8611c6da59c111a632ecf072f21173388,2024,5119743,Keynan,Higgins,WR,San José State,Colorado State,receiving_yds,2024,0,0,0.7418427835144121,0.859375,0.550330715452411,0.738525390625
2444cd300e732da4da7be8676d94a16c1912b2c7742a314a2c693316ece3a148,2024,4888607,Destun,Thomas,WR,Memphis,Kennesaw State,receiving_yds,2024,1,1,0.7272214809768786,0.859375,0.07440812044044742,0.019775390625
76dcc47b8a4b4b526fa98ccdf5ecc83b366cc019375b5e78d288eddde04d0a2c,2024,4700149,Rashad,Rochelle,WR,Rutgers,Indiana State,receiving_yds,2024,1,1,0.7272214809768786,0.859375,0.07440812044044742,0.019775390625
d4a9c7749b20bdd7feb69ad05da4b13741d5bcb277add968d5c47a3a31813722,2024,4683208,Branden,Alvarez,WR,San José State,Portland State,receiving_yds,2024,1,1,0.8868614253405005,0.859375,0.012800337075983144,0.019775390625
fc20b6af7745b0867e3322686d4428fc88ef2c0a68d24b62b089c88ed4084931,2024,4573522,Shawn,Harris,WR,Massachusetts,Rhode Island,receiving_yds,2024,1,1,0.9104963357115718,0.859375,0.008010905921055649,0.019775390625
479003c34d0f5b1fefdb96ef0d2d260fb56c4df1c331c23ca0cdef1e542a0c20,2024,4871071,Quentin,Thomas,WR,Georgia State,Campbell,receiving_yds,2024,1,1,0.7272214809768786,0.859375,0.07440812044044742,0.019775390625
c6947fb2f89eb9c8a0842a8dff610da0bd7734c2e9c590d597897aa8a0d1b8d8,2024,4908401,Delaney,Crawford,WR,Virginia,Ohio,receiving_yds,2024,0,0,0.7272214809768786,0.859375,0.5288510823942045,0.738525390625
92450396b7b633d3b33689f6818569bff60bc9f0917efbd632e9c7b7b4c77183,2024,4696208,Jasiah,Williams,WR,Richmond,Stony Brook,receiving_yds,2024,1,1,0.8881327783189922,0.859375,0.012514275286627746,0.019775390625
032a2faf48c7442ef5233564e18858e9f34e7f4ca496689a5e251c1576e6e418,2024,5138452,Dallas,Sims,WR,Minnesota,Old Dominion,receiving_yds,2024,0,0,0.7272214809768786,0.859375,0.5288510823942045,0.738525390625
5c419470e55591030a94993aee64ef1c7a9949e472abcf71b50f14fdead10013,2024,4703067,Mehki,Wall,WR,Duke,North Carolina Central,receiving_yds,2024,1,1,0.8910038365537086,0.859375,0.011880163646010664,0.019775390625
4e2c1e569bfed6bad7db79c1d9e6644ac92f9a7a1bd4695e84dd1ad3933784c8,2024,4711434,Eian,Pugh,WR,Illinois,Ohio,receiving_yds,2024,1,1,0.7272214809768786,0.859375,0.07440812044044742,0.019775390625
b806ab62a44ea6c4a05335e3d591770c9771794791ba947e01de90cc56750263,2024,4429255,Marquez,Bell,WR,Old Dominion,Florida A&M,receiving_yds,2024,1,1,0.7272214809768786,0.859375,0.07440812044044742,0.019775390625
548e39ab9c08bb5c5b07a9c8a3bdf5725c6e423cf26afda116e3c336bfa6b8e1,2024,4701936,Matthew,Golden,WR,Houston,Texas,receiving_yds,2024,1,1,0.9355897676343717,0.859375,0.004148678033394226,0.019775390625
f597e812fe9f6919832f3a74ae13b0de52f176a186604af1f22510160d721323,2024,4875788,Jalen,Walthall,WR,Hawai'i,Incarnate Word,receiving_yds,2024,1,1,0.8988740843928243,0.859375,0.010226450807389613,0.019775390625
8ab2cd3cd0be96efd9da96b396b94d12893274fecc6e83b84983b3c56d01f64f,2024,4685286,Kareem,Burke,WR,Florida A&M,Arkansas-Pine Bluff,receiving_yds,2024,1,1,0.8818823648280548,0.859375,0.01395177573861274,0.019775390625
0a721253908d025144807a2ef4d639316e2d49e489fe0fc79c03f06658a21fa3,2024,4570636,Malick,Meiga,WR,Penn State,Coastal Carolina,receiving_yds,2024,1,1,0.8994466740622784,0.859375,0.010110971357137673,0.019775390625
3414e42f4472840e68452875284f4a0a44d8a05485b2232fd4fdcb12faed8f39,2024,4869497,Tommy,McIntosh,WR,Wisconsin,Central Michigan,receiving_yds,2024,1,1,0.7272214809768786,0.859375,0.07440812044044742,0.019775390625
f9d5d29a4cb244f9cbd8d91300bf6aa2fc711c7be4c5c00120c87b16fb51635a,2024,4426570,Ezeriah,Anderson,WR,Campbell,UConn,receiving_yds,2024,1,1,0.8865772964418228,0.859375,0.01286470968244614,0.019775390625
3466bf2419f9ae0fbfd5a737072b4d592f35b88b426de304eae08e7a5c6629cd,2024,5151435,Rykin,Maxwell,WR,James Madison,Murray State,receiving_yds,2024,1,1,0.7018219048982287,0.859375,0.08891017639852096,0.019775390625
9ddf150a21c8207590fc31e5088d19804482510d4c5014926ee79d510e36e3e1,2024,4431001,Elijah,Canion,WR,Purdue,Liberty,receiving_yds,2024,1,1,0.8961513380718519,0.859375,0.010784544584266802,0.019775390625
96115d3f25fb648273b191bf67a8307b10a82d8b393b24f6fa823e9adc02d86e,2024,4683536,JJ,Henry,WR,Ole Miss,Abilene Christian,receiving_yds,2024,1,1,0.8920843335978352,0.859375,0.011645791055023313,0.019775390625
8729c576470aab2cf89c1f9eb65a461650351c0204f910c71368a34c8457d6c8,2024,5151406,Artis,Cole,WR,Fresno State,UL Monroe,receiving_yds,2024,1,1,0.8267344678634868,0.859375,0.030020944626549084,0.019775390625
6da52bce71c1a184e0721b34eb9be87991b4bdd376f5819762d89aa3b39513dd,2024,5109793,Zyheem,Coleman-Frazier,WR,Temple,Morgan State,receiving_yds,2024,0,1,0.7018219048982287,0.859375,0.49255398619497837,0.738525390625
4e07e4fa62d0f3aafd5ac3751c0ce2d044d5e565e5b14d5dde1a18dce2038ffc,2024,4429422,Trey,Cleveland,WR,North Texas,Abilene Christian,receiving_yds,2024,1,1,0.8818685491967974,0.859375,0.013955039668869487,0.019775390625
edb884b8b88e369044f51317fe4b6a4a9119765fe93af93c78c7bcbc064b98ad,2024,4873236,Jaylon,Griffin,WR,Tulane,Texas State,receiving_yds,2024,0,0,0.7272214809768786,0.859375,0.5288510823942045,0.738525390625
23924a8892c91c19cd74467732af52404ac70ecc14da107fdea1dec96765e921,2024,5082009,Donovan,Giles,WR,Florida Atlantic,Arkansas-Pine Bluff,receiving_yds,2024,1,1,0.7272214809768786,0.859375,0.07440812044044742,0.019775390625
635b7f7948ef8d1bc5f8d54ded27adf79a63032ef1a7d81bae5fd4c3f5cce91b,2024,4869748,Zavion,Thomas,WR,Mississippi State,LSU,receiving_yds,2024,1,1,0.9714755542835936,0.859375,0.0008136440034282179,0.019775390625
0b0b1039210303cccf428392e6fc55a109e141fe287bbe54e403d2ae5a439b85,2024,4565652,Errol,Rogers Jr.,WR,Liberty,SE Louisiana,receiving_yds,2024,1,1,0.7997390916999578,0.859375,0.0401044313931579,0.019775390625
d0ec19332ce3d2d2674dbb42529578ed69be6b41aae0570ec055f85bb09b8e82,2024,4696725,Bradley,Schlom,WR,UCLA,San Diego,receiving_yds,2024,1,1,0.7272214809768786,0.859375,0.07440812044044742,0.019775390625
8695fc95b36fb60c97c6a66e1816b486fe2b582492f50b577cbbd62df9cd0327,2024,4686999,James,Burns,WR,UConn,Prairie View A&M,receiving_yds,2024,1,1,0.8983696663481702,0.859375,0.010328724718182254,0.019775390625
ed9815bfc13f7ce57001bc5308e41a348d5fc0e00c63abdc444c453c7d61ecb9,2024,4569281,Nick,Rempert,WR,Tulsa,North Texas,receiving_yds,2024,1,1,0.9008498293295946,0.859375,0.009830756343970527,0.019775390625
d20ae850514d5c982986dc92dd6f45ebdb30febefe462c48eda45cd07f628678,2024,5151088,Wesley,Watson,WR,Kansas State,Texas A&M,receiving_yds,2024,0,0,0.7272214809768786,0.859375,0.5288510823942045,0.738525390625
cbe0623d8e5eb3877535f1f07d077a89f46d6d1692a697a2c47f9aa89396aded,2024,5081632,Thai,Chiaokhiao-Bowman,WR,Florida,Rice,receiving_yds,2024,1,1,0.7272214809768786,0.859375,0.07440812044044742,0.019775390625
e1740b7662591d50b633a0c637b944b0be4ae4bbb5875dc2634a6b28b61aa1f0,2024,4696407,Jacari,Carter,WR,Georgia State,UAlbany,receiving_yds,2024,1,1,0.906654991754107,0.859375,0.008713290564425828,0.019775390625
a000b9c3d50a2bd6f3d70bfb30d97e8d8e93d126a6cbae7ab8b324d0956091be,2024,4700137,Tanaka,Scott,WR,Kansas,North Alabama,receiving_yds,2024,1,1,0.8987509700132272,0.859375,0.010251366073262411,0.019775390625
bf21133dd9b29f74339c20920b48b7b3264233879a50dfdddb1d63c429c5aa3a,2024,4432264,Austin,Hill,WR,Ball State,Stetson,receiving_yds,2024,1,1,0.6002405966594955,0.859375,0.15980758055915617,0.019775390625
dfeaaa1a0089c46186a59167ef465808dc0e41fe40105d5e8779cf4a4645d406,2024,4429461,Josh,Crabtree,WR,NC State,Murray State,receiving_yds,2024,1,1,0.7272214809768786,0.859375,0.07440812044044742,0.019775390625
bfad0dd9b316e8548dc4f528e73f63860d09ef88dcefa026167b246222c4e62a,2024,4687373,Jordan,Bly,WR,Old Dominion,Gardner-Webb,receiving_yds,2024,1,1,0.8991845842721118,0.859375,0.01016374804838693,0.019775390625
8c839ed9e2fcdcc17049eaf8c800b91618804ea107842b06bc65633139c6204f,2024,4912111,Sidney,Mbanasor,WR,Utah,Tulane,receiving_yds,2024,0,0,0.7272214809768786,0.859375,0.5288510823942045,0.738525390625
d5b4c10937e0a6b09a31ab191513efdbb0bffa03815e726754350ff27d908a32,2024,4870077,Curtis,Deville,WR,Purdue,McNeese,receiving_yds,2024,1,1,0.8255877933428083,0.859375,0.030419617831030945,0.019775390625
5b7cef370d1ef66a703091aeb74586b30c52eb1feb53af8f6834939ec505b4fc,2024,5084177,Ta'ir,Brooks,WR,New Mexico State,Northern Arizona,receiving_yds,2024,1,1,0.7272214809768786,0.859375,0.07440812044044742,0.019775390625
f8abc93165f2b735deeebea630b50f504fef249cb344df8e54663fb80df25996,2024,4816084,Jaylen,Ward,WR,Middle Tennessee,Florida A&M,receiving_yds,2024,1,1,0.8955787464021967,0.859375,0.010903798202936748,0.019775390625
e3c8d8c6f49acf7830a49a7cfbf65d3107322580713260b67da24cd993d8b5e7,2024,4476461,Stephen,Martin,WR,UCF,Samford,receiving_yds,2024,1,1,0.7018219048982287,0.859375,0.08891017639852096,0.019775390625
3b50bb2427094ba7bbccd0203e5204ec6204e83d624a77e4795f1dd8c23db85b,2024,4709649,Scottie,Alexander,WR,Tulsa,UT Martin,receiving_yds,2024,1,1,0.7272214809768786,0.859375,0.07440812044044742,0.019775390625
e4a28b337a48345520910f929db5a1ff20f0c618ff5cdc18bb31956c38713495,2024,4686328,Malik,Bowen-Sims,WR,Duke,Austin Peay,receiving_yds,2024,1,1,0.9005486563459516,0.859375,0.009890569754595633,0.019775390625
6f5ecd59cd76435a50e1419482d858a04aaa3db3823cf26a8c45713cc19ac320,2024,4690308,Sam,Staruch,WR,Michigan,Massachusetts,receiving_yds,2024,0,0,0.7018219048982287,0.859375,0.49255398619497837,0.738525390625
5e131d2ba09740da6fe254d48af6e62dae146623a4ccf74446dafa959fa1b021,2024,5150636,Devin,Downing,WR,BYU,Southern Utah,receiving_yds,2024,1,1,0.7272214809768786,0.859375,0.07440812044044742,0.019775390625
696a8da7faabd5507639b8a9b0b8a435f0960b69b4366fad39713ce20ede38cd,2024,4685356,Greg,Gaines,WR,Iowa State,Rhode Island,receiving_yds,2024,1,1,0.9388915550598682,0.859375,0.0037342420430011183,0.019775390625
3330f509f2c8c9a6d013859fca6e8ab200a733182e9b6d232ff36ee4d628c520,2024,4923051,Surahz,Buncom,WR,Kansas,Eastern Illinois,receiving_yds,2024,1,1,0.7272214809768786,0.859375,0.07440812044044742,0.019775390625
7e80993c5adec19c664c7e39b3268753f6b52459fb0adbc9e6c9749e2cd6029a,2024,4686820,Billy,Dozier,WR,Northern Illinois,Butler,receiving_yds,2024,1,1,0.8556828968670407,0.859375,0.020827426256689215,0.019775390625
f08fd1b6473ad8dffd0307b09545cf4a733d35ea313dbbe3c40058c1dcaadf47,2024,4808740,Nate,Anderson,WR,Western Michigan,Bucknell,receiving_yds,2024,1,1,0.7272214809768786,0.859375,0.07440812044044742,0.019775390625
093bd60905281fc1117dafc61ec188e6860f260c0078f2b6da5b6546f53e31f5,2024,4528999,Jalen,Rogers,WR,Tulane,Florida A&M,receiving_yds,2024,1,1,0.9099291795750177,0.859375,0.008112752692029403,0.019775390625
5d41cb58591e90924876801f66d972d915749db8db8bbfa51be4e40aa81619cd,2024,4686812,Keion,Battle,WR,Illinois,Western Illinois,receiving_yds,2024,1,1,0.6002405966594955,0.859375,0.15980758055915617,0.019775390625
fd33844ce7fe9c33147745350cd26bc120a5b961f69f0f458867f409790aabc3,2024,4684703,Coen,Sutton,WR,App State,Georgetown,receiving_yds,2024,1,1,0.6002405966594955,0.859375,0.15980758055915617,0.019775390625
ac409b37e937eb5c5c0ccb356d644c024ddde39ab6a78452ee6da77e8bcc7d36,2024,4431501,James,BlackStrain,WR,Georgia Tech,Missouri State,receiving_yds,2024,1,1,0.7272214809768786,0.859375,0.07440812044044742,0.019775390625
fa3951ca8fc254eeba950fdd5a49b7d814630b81feec120ebbe632d7105071dd,2024,4870689,Sawyer,Deerman,WR,Alabama,San José State,receiving_yds,2024,0,0,0.7272214809768786,0.859375,0.5288510823942045,0.738525390625
4f9e85bf9587c7d01d8f09bfe7b2a26da11feeefcc683d4c59b9b41144dc8c9a,2024,4833625,Jordan,Nabors,WR,Baylor,Stephen F. Austin,receiving_yds,2024,1,1,0.9486412504757604,0.859375,0.002637721152693579,0.019775390625
6b858d01387289ba53cc57c874f595623789bda2496c494a1d46a6743b26c111,2024,5027432,Ardell,Banks,WR,Kentucky,Kent State,receiving_yds,2024,1,1,0.7272214809768786,0.859375,0.07440812044044742,0.019775390625
ba931e8dfef3cfb997df728038958bf83fe0e52e7cd19bdf46eee34dd480be3d,2024,5122286,Reece,Thomas,WR,Kansas,Lindenwood,receiving_yds,2024,1,1,0.7018219048982287,0.859375,0.08891017639852096,0.019775390625
c31e9edee2a43a5c2084832cc4c29d47b32d691ed79d193dcfe8bcab54d85ac6,2024,4428219,Brionne,Penny,WR,San Diego State,James Madison,receiving_yds,2024,1,1,0.9047555809952679,0.859375,0.00907149935154898,0.019775390625
9234c4b376c992bb1825e3720138dc8ca3fe2b5bf1dd1d2eaa67bdbc18e8b17c,2024,4874510,Xavier,Loyd,WR,Kansas State,Illinois State,receiving_yds,2024,1,1,0.8762013935755935,0.859375,0.015326094952625113,0.019775390625
9397fb3dd90cb97695c1851c7a654b7bd57018533acfd7deac00a33473a4f329,2024,4875070,Rayf,Vinson,WR,Ole Miss,Samford,receiving_yds,2024,1,1,0.6002405966594955,0.859375,0.15980758055915617,0.019775390625
93530b016e4e57cb1f1a3ffc605a52c52bbd53b0698563fdae2c788672db06c0,2024,4576788,Andre,Johnson,WR,Arizona State,Miami (OH),receiving_yds,2024,1,1,0.9000012768035474,0.859375,0.009999744640920755,0.019775390625
b00dc2312813eb273d1a9db602d9d2490e8f00c664115a8b4a74ad9ca18fa10d,2024,4683111,Jaden,Bradley,WR,Charlotte,UNLV,receiving_yds,2024,1,1,0.7272214809768786,0.859375,0.07440812044044742,0.019775390625
e5a4d95204c652a424ba0c31b6e89f037e8df015d1a3722e49e999c9d443df6c,2024,4705557,Quaron,Adams,WR,Iowa State,South Dakota,receiving_yds,2024,1,1,0.7272214809768786,0.859375,0.07440812044044742,0.019775390625
46cf0c7165978cca6b6aa8ca59a0a898bfcf125b5796b62be85eefd57d776404,2024,4605951,CJ,Daniels,WR,Liberty,LSU,receiving_yds,2024,1,1,0.922735087635885,0.859375,0.005969866682634376,0.019775390625
729ae5f7971e3bccb8b1d21c373a9974b8f30919b5da7c5177d2db254648596b,2024,4683206,Orion,Peters,WR,Washington State,Idaho,receiving_yds,2024,0,1,0.7272214809768786,0.859375,0.5288510823942045,0.738525390625
d25f6dd5d2bc6e7ebcb17b953fcc1d481761f6018758b1cc5932a941ba3a2b74,2024,5220194,Noah,Toster,WR,Chowan,South Alabama,receiving_yds,2024,0,0,0.741258212798201,0.859375,0.5494637380407831,0.738525390625
4ac20602aa74152e8ba00e5d38892ad85b796f3adac0722a3d8b797d88f6917d,2024,4429062,Ze'Vian,Capers,WR,Western Kentucky,Gardner-Webb,receiving_yds,2024,1,1,0.9409667322263623,0.859375,0.0034849267040340127,0.019775390625
2014e4ea7ca4545b6140c7c7f4f198aed534dfd3ec6bb98bad34609e0521d2d6,2024,4685565,Evan,Stewart,WR,Texas A&M,Oregon,receiving_yds,2024,1,1,0.9731050560874408,0.859375,0.0007233380080597052,0.019775390625
7308d78b51b367318e2f02ad92ec4ae60701db6448c259b2fc414f281200cda0,2024,4870619,Jalen,Brown,WR,LSU,Florida State,receiving_yds,2024,1,1,0.8591379899634465,0.859375,0.019842105871538104,0.019775390625
ed21dc7e2f5ef9a0ad0053ec0f8e7d80cfad48b74f96aa9b6452d8543f81cb0c,2024,4576298,Keegan,Wilburn,WR,Ohio,Bryant,receiving_yds,2024,1,1,0.8961513380718519,0.859375,0.010784544584266802,0.019775390625
81f880ba6701835452e78be2177cc35c4e27e31fca5cc6cbdf4d5b2bc3ae3e28,2024,4662406,Javon,Gipson,WR,Baylor,Abilene Christian,receiving_yds,2024,1,1,0.7272214809768786,0.859375,0.07440812044044742,0.019775390625
1131c75965d3bdbf2a2965007fdf94b1c3001bcfeec03c57921da088d2b51007,2024,4870929,Noah,Rogers,WR,Ohio State,NC State,receiving_yds,2024,1,1,0.8611233058106137,0.859375,0.019286736188972326,0.019775390625
1a1c1327420b6583f030342dd250bb2cd7b43c6a8358c339f67411cd276a025a,2024,4578992,Mason,Pierce,WR,Marshall,Incarnate Word,receiving_yds,2024,1,1,0.8931013498186947,0.859375,0.01142732141058508,0.019775390625
558b1647d7252dbe6cd45444fe4cc259cb6b5a523e93c2c9cb17770d3b74810a,2024,4682748,Max,Patterson,WR,Rutgers,Delaware,receiving_yds,2024,1,1,0.8955787464021967,0.859375,0.010903798202936748,0.019775390625
a33df3a610f1aaf6db84630acf5bea4d9fc3c9c3e0467cc6124361c9f5e6b867,2024,4608679,Will,Sheppard,WR,Vanderbilt,Colorado,receiving_yds,2024,1,1,0.9380421566644348,0.859375,0.003838774350794441,0.019775390625
60e7db8210d7ec3f10f2fea144597f8a91bdc69c8a88f8888b051bdbfb5c32c5,2024,5091739,Chris,Brazzell II,WR,Tulane,Tennessee,receiving_yds,2024,1,1,0.9412888613128636,0.859375,0.0034469978059401643,0.019775390625
c10785a2a1d0715f399c29bf0f5524e7db8278773d1435deb44a0d14759ebb6c,2024,5152211,Jacoby,Bellazar,WR,Mississippi State,Grambling,receiving_yds,2024,1,1,0.8908968787490052,0.859375,0.011903491066709262,0.019775390625
9bf72b283ee197ea8ff91ec2818dac9ae1e8ff7f16ee0d4ff9aeae4b910a0301,2024,4683151,Deion,Burks,WR,Purdue,Oklahoma,receiving_yds,2024,1,1,0.957064011254189,0.859375,0.0018434991295804045,0.019775390625
001e121b77948a36ca86d3f57693101165cca8508dc74a59e7e023c95e2a7b77,2024,4430185,Caullin,Lacy,WR,South Alabama,Louisville,receiving_yds,2024,1,1,0.9532190617974321,0.859375,0.0021884561791124767,0.019775390625
abd56b94047c8657d2cfbe4916e626271c048421191d6d3db3f3322bad0a46da,2024,4571935,Jahmal,Banks,WR,Wake Forest,Nebraska,receiving_yds,2024,1,1,0.956363362749637,0.859375,0.0019041561105197715,0.019775390625
ebf95a322161e385c9f4e129f2a4cd70607e6056c87bfe1a4fca6a7918225a2b,2024,5092508,Colbie,Young,WR,Miami,Georgia,receiving_yds,2024,1,1,0.9485602827572744,0.859375,0.002646044510011557,0.019775390625
ba34e6af73df938e94163053180b308bad124aaded82b24ca6e70f5f41f2b2cc,2024,4430870,KeAndre,Lambert-Smith,WR,Penn State,Auburn,receiving_yds,2024,1,1,0.9603644808275797,0.859375,0.0015709743800672933,0.019775390625
46febf95de5eddcdf90a0d96732c52a825ade6fb4503c3fe7d91a5e16c051ee8,2024,4431618,Mario,Williams,WR,USC,Tulane,receiving_yds,2024,1,1,0.9538771235700853,0.859375,0.0021273197301691854,0.019775390625
d4878f8b4833802318516079b821b387add3c53cb6b39b84b4a1a4b0148ba720,2024,4808839,Isaiah,Bond,WR,Alabama,Texas,receiving_yds,2024,1,1,0.97731127720403,0.859375,0.000514778142112369,0.019775390625
ff63bf2ddb1d8baf98c6ff86f857cb567a1612e7aea562345b82334e55a146ed,2024,5078453,London,Humphreys,WR,Vanderbilt,Georgia,receiving_yds,2024,1,1,0.9521379577353181,0.859375,0.0022907750897462,0.019775390625
1e91849b5f06a9f4582a0085046ea37286252e8f43e8f7f5e885817f5798cae7,2024,4912218,Cyrus,Allen,WR,Louisiana Tech,Texas A&M,receiving_yds,2024,1,1,0.9549083155760631,0.859375,0.0020332600041879094,0.019775390625
d8b4c2ef274de3c81381029611f1c1e4bd6935261b7ad9972993f40371004213,2024,4431506,Ja'Corey,Brooks,WR,Alabama,Louisville,receiving_yds,2024,1,1,0.9534535591446445,0.859375,0.0021665711563011105,0.019775390625
69e7ade435eba2d0b30293364a0ddbe3321e31e650d1ab36494dc52252f5706b,2024,4870713,Rico,Flores,WR,Notre Dame,UCLA,receiving_yds,2024,1,1,0.9597661320655133,0.859375,0.0016187641289697162,0.019775390625
528d6791f073548930bc9dccc0dd3d2ac425a05d4358dc57905ec54c706749b6,2024,5150247,Malik,Benson,WR,Alabama,Florida State,receiving_yds,2024,1,1,0.9517677913739927,0.859375,0.002326345948942693,0.019775390625
62ac4d3654cc6aaa2f5f05da2375c79afaa609ab5174fbbba89bc95f8552d5e4,2024,4870809,Braylon,James,WR,Notre Dame,TCU,receiving_yds,2024,1,1,0.9478783544119779,0.859375,0.002716665938803386,0.019775390625
f73fba520a4639cfe0daa40520d2a91bd532d6ce73a9e6fd45b33433f2fd42e3,2024,4940235,Taeshaun,Lyons,WR,Washington,Utah,receiving_yds,2024,1,1,0.8550961937245565,0.859375,0.020997113073111265,0.019775390625
75e64bb1644afef0b8a75fe6e3daea9ef425945be728b870f47a23ed5f790ccd,2024,4685261,Germie,Bernard,WR,Washington,Alabama,receiving_yds,2024,1,1,0.8179281355999306,0.859375,0.03315016380611726,0.019775390625
b2ed61a433ad2905f68f1678c07a0af614f609c198dbcf852c2ce4af51fa0051,2024,4428025,Kris,Mitchell,WR,Florida International,Notre Dame,receiving_yds,2024,1,1,0.9494294127821393,0.859375,0.0025573842915592535,0.019775390625
55e2f011bff437f144638a8ac1fec2e69f7b38fc491c580046f676516735ed0f,2024,4711055,Dorian,Singer,WR,USC,Utah,receiving_yds,2024,1,1,0.9471377771273028,0.859375,0.002794414607042706,0.019775390625
095b7d6d59e27be62e8ad2a6431487327479f3b0983567b5c5af7d16acdd9dd7,2024,4690143,LaJohntay,Wester,WR,Florida Atlantic,Colorado,receiving_yds,2024,1,1,0.8813627064239045,0.859375,0.01407480742706068,0.019775390625
4482df870f429abb3608ca8cbf1498cee478bb3ee8fbb71f8c76f297fe958fc8,2024,4430800,Julian,Fleming,WR,Ohio State,Penn State,receiving_yds,2024,1,1,0.9607770603436611,0.859375,0.0015384389952848058,0.019775390625
303f90b5c6ffa2a60ac6c7574061173cf444a189bb6f0854fa03e5f76ffe88f2,2024,4686271,Robert,Lewis,WR,Georgia State,Auburn,receiving_yds,2024,1,1,0.9164893174709282,0.859375,0.006974034096471416,0.019775390625
31b9377e975f3a0b926d2ff14e497993456af6f0e0411536d02032c12d431889,2024,4685476,Tobias,Merriweather,WR,Notre Dame,California,receiving_yds,2024,1,1,0.9532908552303446,0.859375,0.002181744205112624,0.019775390625
c20c4109c31aafe77497751a44d1397b6ae3c77add694886733e5b4b14b73d96,2024,4775266,Dymere,Miller,WR,Monmouth,Rutgers,receiving_yds,2024,1,1,0.9454726097334397,0.859375,0.002973236289281773,0.019775390625
09c2f9ee6941d078b647b4d3396588338f3a5d15d9aff77d254d047cf2c99296,2024,4921306,Mikey,Matthews,WR,Utah,California,receiving_yds,2024,1,1,0.9663681589370907,0.859375,0.001131100733280791,0.019775390625
ab9d0b88a03400c00f583a14f821a0777ef2365997e2c7087afc2fbf7e708d08,2024,5150378,Zeed,Haynes,WR,Georgia,Syracuse,receiving_yds,2024,1,1,0.9055898950923299,0.859375,0.008913267908677275,0.019775390625
0c9a8b0bd2ce2250bc5b1f1e408620b5db9e0f5989103f55db92babd1b6a401f,2024,4702561,De'Nylon,Morrissette,WR,Georgia,Purdue,receiving_yds,2024,1,1,0.7657627987488256,0.859375,0.05486706644998319,0.019775390625
31ad5e418351b2f2e7e8f1d68431c948f73d5ce8f78e894566064238e0c1faea,2024,4565184,Jerand,Bradley,WR,Texas Tech,Boston College,receiving_yds,2024,1,1,0.8985243082062069,0.859375,0.010297316025028893,0.019775390625
f7a9e2bfded4b050f8a7ecfa7b0a5ee536ec79ae757f69306050b956b06a445a,2024,4590532,Silas,Bolden,WR,Oregon State,Texas,receiving_yds,2024,1,1,0.8775818014589967,0.859375,0.01498621533402451,0.019775390625
5fdb61ad873dc432ad0cd493f248546f14b8e7985a3a977e84bcbc4a6900354b,2024,4429184,Elijhah,Badger,WR,Arizona State,Florida,receiving_yds,2024,1,1,0.9495035635466702,0.859375,0.0025498900944851744,0.019775390625
9a814994eb3c21463be51e6d9261c856749b3cc5448bdd30fe2087f03f8ebfb8,2024,4602185,Eric,McAlister,WR,Boise State,TCU,receiving_yds,2024,1,1,0.913344336373369,0.859375,0.007509204038571822,0.019775390625
d5e3f091e205f982996548d7ab19087baa13e9a7d20c2803fc9bb08103c202d7,2024,4685297,Darrius,Clemons,WR,Michigan,Oregon State,receiving_yds,2024,1,1,0.9130935398235545,0.859375,0.007552732820400115,0.019775390625
7238e620a564d079dfe296a6636e9e31b3c6444964f16cec5febe0fd76241348,2024,4430270,Ja'Mori,Maclin,WR,North Texas,Kentucky,receiving_yds,2024,1,1,0.8575437494834236,0.859375,0.020293783311241573,0.019775390625
9fc4561ef833f9d95710b579b5573d8cc4d8972d1be1482be42f8f95f9b2ada8,2024,4877558,Raphael,Williams Jr.,WR,San Diego State,Pittsburgh,receiving_yds,2024,1,1,0.7657627987488256,0.859375,0.05486706644998319,0.019775390625
6062f2e6e0ca4e3ade5ae0f5d1d4b68265b410e64d2cd5f680254b244b975225,2024,5194576,Jaden,Richardson,WR,Tufts University,USC,receiving_yds,2024,1,1,0.7657627987488256,0.859375,0.05486706644998319,0.019775390625
a152fc37bd52267f7171808d4ec7aa92ef71b5cdb99b68f34121364a0d031c7e,2024,4688541,Kyion,Grayes,WR,Ohio State,California,receiving_yds,2024,1,1,0.7657627987488256,0.859375,0.05486706644998319,0.019775390625
dbe1d51e72da32c72a821b6e1434f5f0ceb9a430621269f898c09db9c2340444,2024,4429963,Jeremiah,Hunter,WR,California,Washington,receiving_yds,2024,1,1,0.9123197685222844,0.859375,0.007687822991985797,0.019775390625
838206f9a872093f5ea8e77ad7dff0ae4344a3ffe0a6eddbed5b7ba356609f95,2024,5158460,Ashton,Cozart,WR,Oregon,SMU,receiving_yds,2024,1,1,0.7657627987488256,0.859375,0.05486706644998319,0.019775390625
38064882f195faf2d848944f5e2c3bb8208492ffb52d547385bef6f26e0a6a0b,2024,5088338,Elijah,Sarratt,WR,James Madison,Indiana,receiving_yds,2024,1,1,0.8409774843879658,0.859375,0.025288160471579654,0.019775390625
85f492150b2711907170d855fdfda28e92d48391c9125fdfbbe5338b4d7d0313,2024,4430804,Chris,Tyree,WR,Notre Dame,Virginia,receiving_yds,2024,1,1,0.9230950565255827,0.859375,0.005914370330803327,0.019775390625
ea318e2221a593b52c6bf61a4b2842d8e6afba2b4754609f4bd7f3df64cc3259,2024,4429757,Javon,Harvey,WR,Old Dominion,Duke,receiving_yds,2024,1,1,0.9104214292558553,0.859375,0.00802432033656373,0.019775390625
d21578dc6df38ff805b4ac5c50ab90089ba173620a4c94077ae146b6b88247e9,2024,4608793,Jabre,Barber,WR,Troy,Texas A&M,receiving_yds,2024,1,1,0.9361238733347911,0.859375,0.004080159557749814,0.019775390625
29a8bf40bba66e5f6ab600955e4ef8ab9ce862ff0ab3a54d00e91733afc5eff3,2024,4428116,Isaiah,Neyor,WR,Texas,Nebraska,receiving_yds,2024,1,1,0.9073132534190769,0.859375,0.008590832991756265,0.019775390625
30abe0281de9dfc0b166ee485dda6ef48188024a8b445957e58bf0f4bacac396,2024,4711421,CJ,Smith,WR,Georgia,Purdue,receiving_yds,2024,1,1,0.9301496510489758,0.859375,0.004879071248579841,0.019775390625
449e492669cb1ed2c23878492273099bb0209d619026ba866d77963e7f729d62,2024,4875687,Tyrin,Smith,WR,UTEP,Cincinnati,receiving_yds,2024,1,1,0.9139233849526818,0.859375,0.007409183658004211,0.019775390625
997bf35e78758843c483e6ae39099ab70242c260e8a1ce3792c213afb3c817e7,2024,4429773,Loic,Fouonji,WR,Texas Tech,Vanderbilt,receiving_yds,2024,1,1,0.8972360152552847,0.859375,0.010560436560612072,0.019775390625
c6d37eaaa263f71eb579c4f35fe07e18f8138c1bcd6dc02751b5357b1365ce78,2024,4879499,Tony,Johnson,WR,Florida Atlantic,Cincinnati,receiving_yds,2024,1,1,0.9328721366451317,0.859375,0.004506150038589872,0.019775390625
9fef9bfc1b6ca18d4280740c54f65fbf4fa7d7438544794dae2b6b5c20c82094,2024,4700453,Jared,Brown,WR,Coastal Carolina,South Carolina,receiving_yds,2024,1,1,0.9940768660527568,0.859375,3.5083515756984785e-05,0.019775390625
fcd3af4589aa11eff340532a162660e2ee189fe2aadbb71ea6d0a1d096c491bb,2024,4714046,Tyrell,Henry,WR,Michigan State,Wisconsin,receiving_yds,2024,1,1,0.9031940223427368,0.859375,0.009371397310178537,0.019775390625
725c74ee40ca7114b24428bf0b5a664b02e56a0178deb8ebe6005a0efdb7eaa0,2024,4685307,Kevin,Coleman,WR,Louisville,Mississippi State,receiving_yds,2024,1,1,0.9474963211784735,0.859375,0.0027566362897940115,0.019775390625
892adcaf8832628fda675c84b2577a15af41b162eb5335f1d160efb58dcc5d94,2024,4592573,Michael,Jackson III,WR,USC,Georgia,receiving_yds,2024,1,1,0.9110395497136435,0.859375,0.0079139617151513,0.019775390625
59232749a81e7d4bf8b39790ede43ec70c9330784c44ba25756f8550e9826649,2024,4870939,Cordale,Russell,WR,TCU,Colorado,receiving_yds,2024,0,0,0.7627897772469756,0.859375,0.5818482442724907,0.738525390625
2090e5f606dab90aa8bb46fcb262c466901bf83042f6b0bbcabd63b41475f29f,2024,5099305,Antonio,Meeks,WR,Tuskegee,Louisville,receiving_yds,2024,1,1,0.9155634028511657,0.859375,0.0071295389380745386,0.019775390625
246480227178fd1591b213ea5572e287c2486710a1ccc858949c0f0eec3c2456,2024,4426892,Dante,Cephas,WR,Penn State,Kansas State,receiving_yds,2024,1,1,0.9070108380732844,0.859375,0.008646984235832931,0.019775390625
61de15f0e19be8773853dfe8a1daa09915cac1c083a2f6d8f11e9c96a8bdc9b5,2024,4879677,Ashtyn,Hawkins,WR,Texas State,Baylor,receiving_yds,2024,1,1,0.9217406276830062,0.859375,0.006124529355449849,0.019775390625
ab296cbb9f82558a32fe87292e4af8d9929f57bb03a7e3d6722eaaa1b3103533,2024,4603190,Casey,Cain,WR,Texas,UNLV,receiving_yds,2024,1,1,0.9064379326492206,0.859375,0.008753860446951787,0.019775390625
f89ca1cc74fbf10a308aee1f2c1fb6311bffc2fd0135e96821534a2db8aa98cb,2024,4869645,Caleb,Douglas,WR,Florida,Texas Tech,receiving_yds,2024,1,1,0.9136845934937812,0.859375,0.007450349400333804,0.019775390625
35070cfc291777c8d131d664c9edbd09b774b0ae645cad250b32ef9317a1be74,2024,4431268,Chimere,Dike,WR,Wisconsin,Florida,receiving_yds,2024,1,1,0.9151603622994797,0.859375,0.007197764125155541,0.019775390625
39ac5a3dc3c518d47f2afc117719a83de683221a7b318765220f64ca47953e79,2024,4689855,Isaiah,Alston,WR,Army,Iowa State,receiving_yds,2024,1,1,0.9049398263421393,0.859375,0.00903643661586263,0.019775390625
f4c0e7c8d234a8ea57342767429a48b4ddf4e3ad68da97cebd6ae04c79bb15ab,2024,4832806,Jonathan,Brady,WR,New Mexico State,California,receiving_yds,2024,1,1,0.8524912741855099,0.859375,0.021758824191414432,0.019775390625
8a0abb0bf0479f145e075c7a05a286e9a5e46db200ad6445916db8ac6856eca8,2024,5082289,Kelly,Akharaiyi,WR,UTEP,Mississippi State,receiving_yds,2024,1,1,0.9074530154941226,0.859375,0.008564944341131111,0.019775390625
30ee5c737c8fff9c2734902bdbacb1eb3310b699f74143664833427cec292fcc,2024,4683719,Jaden,Bray,WR,Oklahoma State,West Virginia,receiving_yds,2024,1,1,0.9168941015516678,0.859375,0.006906590356904498,0.019775390625
0b31d62f69d5f6a7cc431745de5680d7dc065d0a1dab4e1f260160e9ab77fd78,2024,4872957,Raylen,Sharpe,WR,Missouri State,Fresno State,receiving_yds,2024,1,1,0.8999039305198054,0.859375,0.010019223125383937,0.019775390625
aa2c8d032b5b039b439155b21a85b60491a5cd2cacf5f94405ebdb1dda3e708f,2024,4685230,Miles,Cross,WR,Ohio,Indiana,receiving_yds,2024,1,1,0.8975479762022608,0.859375,0.010496417180252522,0.019775390625
913498b5da3ca8d0e4957027ec0083b62f42afae193f4b651953b7a70e534df1,2024,4431210,Beaux,Collins,WR,Clemson,Notre Dame,receiving_yds,2024,1,1,0.921577516243579,0.859375,0.006150085958526119,0.019775390625
38bd20cdcd007444a33cfa08a227df21b8a4c3a8802bd31a5b1b439f1cbbd618,2024,4881836,Mekhi,Mews,WR,Georgia,Houston,receiving_yds,2024,1,1,0.9257361490506858,0.859375,0.005515119557821956,0.019775390625
cb36ced6f3c96caf07e6d043312f47d86e6ae256af48013025fdf03881433140,2024,4888723,Wesley,Grimes,WR,Wake Forest,NC State,receiving_yds,2024,1,1,0.8944835951494751,0.859375,0.011133711692579882,0.019775390625
4811c8666453237250891cc505de860dcd7acd2434afb411cfc002dca844fd7b,2024,4877203,Gage,Larvadain,WR,Miami (OH),South Carolina,receiving_yds,2024,1,1,0.9600570463246724,0.859375,0.001595439548309369,0.019775390625
3793d65735fab595ef819745eba5d4fa0abaa0ad354ce525bc51558cd4e90f3e,2024,4874527,Sam,Jackson V,WR,California,Auburn,receiving_yds,2024,1,1,0.7332668540923665,0.859375,0.07114657112578292,0.019775390625
d8832a8adeba2c1d272682130683c5d884e08ddca021a5dd893e408f05f38783,2024,4912130,Trell,Harris,WR,Kent State,Virginia,receiving_yds,2024,1,1,0.918765528356752,0.859375,0.00659903938315767,0.019775390625
e327e19487440fcde8f98ef1516dc016faa6af4549ea040b3fe81832e7a6ba4d,2024,4567545,Jayden,Harrison,WR,Marshall,Notre Dame,receiving_yds,2024,1,1,0.9380058230158114,0.859375,0.0038432779799469035,0.019775390625
cecdf65aff260faee022dd361ecb1bdaebf204aca84bec09792ad7971bcae288,2024,4877714,Jaden,Smith,WR,Eastern Kentucky,UTEP,receiving_yds,2024,1,1,0.9358918230755372,0.859375,0.0041098583485782245,0.019775390625
365ddedc8ce25511e4ea05aff39354fe3de5917140487332122690e60119f9ec,2024,4685516,Shazz,Preston,WR,Alabama,Tulane,receiving_yds,2024,1,1,0.7627897772469756,0.859375,0.05626868977853945,0.019775390625
98e5938f76c7fbe477cbaa8ec992b134c73dfdf104213db405e7b904cba5ba38,2024,4431338,Ahmari,Huggins-Bruce,WR,Louisville,South Carolina,receiving_yds,2024,0,1,0.86591704180774,0.859375,0.7498123232930674,0.738525390625
bc9624bdb8db0c5507d2c8f5dcf2965efe35506322b4a6fbe271bc158192b0f1,2024,5159143,Trent,Hudson,WR,New Mexico State,Mississippi State,receiving_yds,2024,0,0,0.8799074525149179,0.859375,0.7742371249912925,0.738525390625
58572455de69ba49dc04365033df93f02720d8287883064fe1720a6925b33535,2024,4680024,Da'Wain,Lofton,WR,Virginia Tech,Oklahoma State,receiving_yds,2024,1,1,0.9109542035649973,0.859375,0.007929153862743931,0.019775390625
5c45eb15527f696cd5872167ec83028a63a350a6a05114f35f5fc848bdb7edef,2024,4430656,Myles,Price,WR,Texas Tech,Indiana,receiving_yds,2024,1,1,0.892510454036187,0.859375,0.011554002491506666,0.019775390625
d9d9a66c0881b1001a16981ac5bf92e0b5ec31159926756a09eb8022f9c11b44,2024,4685342,Cristian,Driver,WR,Penn State,Minnesota,receiving_yds,2024,1,1,0.9090083144733333,0.859375,0.008279486834983807,0.019775390625
017bb8b2e6311364fb93932325fb1f98f6e420f1c2e37affd4a1691825d79062,2024,4873168,Jordan,Anthony,WR,Texas A&M,Arkansas,receiving_yds,2024,1,1,0.922987071282196,0.859375,0.005930991189693554,0.019775390625
bbf7d47111f858e320ce70e1dc893a0fdd9399e667e82fe27c36f9608bd816e3,2024,4712578,Jay,Fair,WR,Auburn,USC,receiving_yds,2024,1,1,0.9139284635158891,0.859375,0.0074083093927356375,0.019775390625
35cc5fb92364725e2c033b159b7695c25281b0c227a8954745c1445fc0c3785c,2024,4920229,Jerry,McClure,WR,UCLA,San Diego State,receiving_yds,2024,0,0,0.7567661146213416,0.859375,0.5726949522390815,0.738525390625
e55f1150b078b9d0f95f76887c0e9ed112fcb1408000bb58b73102fe9e4ce830,2024,4567217,Ja'Varrius,Johnson,WR,Auburn,UCF,receiving_yds,2024,1,1,0.7929299577307694,0.859375,0.04287800240538097,0.019775390625
de5cc95e808b6bfd575cd3b12141e68a7302f0a22391abc199b5f298ffc0b144,2024,4605489,Damien,Alford,WR,Syracuse,Utah,receiving_yds,2024,0,1,0.9050552192167096,0.859375,0.8191249498314063,0.738525390625
2d3026e59eeef663f5bfca469877c489cbb8fa529bbf188dd0ac17ae40cfc782,2024,4870901,Khai,Prean,WR,LSU,Tulane,receiving_yds,2024,0,0,0.7597908579358619,0.859375,0.5772821478029131,0.738525390625
927c231103ef0a33f12c899f9509188b4da9bf01c79aa4d7ae05100d17c58cc2,2024,4570738,Ke'Shawn,Williams,WR,Wake Forest,Indiana,receiving_yds,2024,1,1,0.868029570070101,0.859375,0.017416194375882394,0.019775390625
242bcdea52d78805aed6a7ce93071bd06e1eb161e3064a6171d433911d14aed1,2024,4429967,Kris,Hutson,WR,Oregon,Washington State,receiving_yds,2024,1,1,0.9076341148129256,0.859375,0.00853145674639182,0.019775390625
ca099730fd8a1a1d6c6b9af15e7d7f9d856e4c3178775ddf447a4331ddba283a,2024,4685769,Justin,Robinson,WR,Mississippi State,West Virginia,receiving_yds,2024,1,1,0.9202931936774297,0.859375,0.006353174974143737,0.019775390625
b968a70091b0a98c5f07309ba71c3949f633324c2c22523437ba272aa659b90e,2024,4600410,Tre,Shackelford,WR,Austin Peay,Washington State,receiving_yds,2024,1,1,0.8983984498875236,0.859375,0.010322874985258053,0.019775390625
e229c4b4d3e3e959a86906c0769537e385e5c126003615dc9c4b2152f4e43594,2024,4910239,Justus,Ross-Simmons,WR,Colorado State,Syracuse,receiving_yds,2024,1,1,0.9232305764525982,0.859375,0.005893544391800369,0.019775390625
0557fab05dfabd0001c7ea4f9d6bc60a7a95496dc96ed6092b9f92684c5e68f5,2024,4431646,Keontez,Lewis,WR,Wisconsin,Southern Illinois,receiving_yds,2024,1,1,0.9069571645302121,0.859375,0.008656969232258015,0.019775390625
324dc052d7e5b764b7c6b1bf3bc59d976ee4fce04736f48e2b2082aaeccae331,2024,4683412,Marquis,Shoulders,WR,Tulsa,Houston,receiving_yds,2024,1,1,0.895537403504044,0.859375,0.010912434066676923,0.019775390625
fe017e7fc3a9ad22cb0ad2bf3400a4b56a79d50a4f9763d56d70e7ce18097a81,2024,4714290,Fred,Farrier II,WR,UAB,Kentucky,receiving_yds,2024,1,1,0.9247247987999822,0.859375,0.005666355915703168,0.019775390625
95f8f699c363e18349679ac12918d8a76898975b99d160c4c913f0e5bd600256,2024,4602788,Jackson,Meeks,WR,Georgia,Syracuse,receiving_yds,2024,1,1,0.9011011895823142,0.859375,0.009780974702033353,0.019775390625
83369fa1893913fe028f4cd58804ca14e63d5a0467c04bfc1ecd46b683660f6f,2024,4426357,Kyle,Ford,WR,UCLA,USC,receiving_yds,2024,1,1,0.9173662133194509,0.859375,0.006828342701166495,0.019775390625
475e6bf738d14b06ee9654379eff744761f17978de00b40cedda1ff6f2c1fab0,2024,4427225,Zakhari,Franklin,WR,Ole Miss,Illinois,receiving_yds,2024,1,1,0.9026346198346596,0.859375,0.009480017254741253,0.019775390625
f7ae9e91c3ff669c3141ca6186fafec1a691e108b75add809449be9baa137a49,2024,4698677,Nate,Bennett,WR,Portland State,San Diego State,receiving_yds,2024,1,1,0.9184263319460099,0.859375,0.006654263319782571,0.019775390625
d34721aee8c9cf5883b62c2f329da42a07bb3e09aa84a7e6690252d3219e2f15,2024,4685601,Armani,Winfield,WR,Baylor,Colorado State,receiving_yds,2024,1,1,0.9144880996086077,0.859375,0.0073122851085474045,0.019775390625
2e2f0820b5e4065dad556c12ba28347b48a3b91ba94c4ecba1ea21c5d1673fb9,2024,4569372,Dalevon,Campbell,WR,Nevada,South Carolina,receiving_yds,2024,1,1,0.9188235993397013,0.859375,0.00658960802416135,0.019775390625
78eb1c40ebbbcbfb265bbf685202bd836323d5f51493174889077aba4357f9d5,2024,5093009,Carl,Chester,WR,Tulsa,Marshall,receiving_yds,2024,1,1,0.9196193139861624,0.859375,0.006461054684055153,0.019775390625
3da4ddb1e0df7e55c23b011eab85de80f9d469b047b99529942b5b55d861fc5a,2024,4685290,Tychaun,Chapman,WR,North Carolina,Marshall,receiving_yds,2024,1,1,0.9227587888325918,0.859375,0.00596620470260815,0.019775390625
03951333fb064c5a2c0b2c0cd9da2ca3c8529f2a518d97269f538de5120b4dc4,2024,4569452,Winston,Wright Jr.,WR,Florida State,East Carolina,receiving_yds,2024,1,1,0.9108730316000467,0.859375,0.007943616496166268,0.019775390625
df93322a6281c9e9345a1acea3242e11d793c9f4f69542f05100646cc4fe3d65,2024,4695580,Malcolm,Johnson Jr.,WR,Auburn,Bowling Green,receiving_yds,2024,1,1,0.9115436653633606,0.859375,0.007824523137349127,0.019775390625
ea9a298599ea12b230ebb8e92504add728b96da0fd8c303cd8b363e3b2acc5e3,2024,4909483,Jordin,Parker,WR,New Mexico State,Western Michigan,receiving_yds,2024,1,1,0.8729310015315236,0.859375,0.01614653037178166,0.019775390625
08b97ac6699507a595d542e89a97e48abf4eda27db5a63088c0cf67403c76991,2024,4610011,Tar'Varish,Dawson,WR,Colorado,Jacksonville State,receiving_yds,2024,1,1,0.8113138127366435,0.859375,0.03560247726398244,0.019775390625
c480d6a50e618fcf4b2c883d9309a93b57dd06858fa9604cf9cd0f63c82783ab,2024,4684173,O'Mega,Blake,WR,East Carolina,Charlotte,receiving_yds,2024,1,1,0.7537156294784813,0.859375,0.06065599116318073,0.019775390625
ff309cdff2b6dc599776ce612f6b08f81ac4c02dff31417d1fcef6ed9d9a1811,2024,4431525,Dekel,Crowdus,WR,Kentucky,Hawai'i,receiving_yds,2024,1,1,0.7537156294784813,0.859375,0.06065599116318073,0.019775390625
a24393b6304828ce665f3465cdcb3a9998015578a03e0ca550a8ec2297471024,2024,4570683,Kam,Brown,WR,UCLA,Purdue,receiving_yds,2024,1,1,0.9237030092714421,0.859375,0.005821230794233649,0.019775390625
9996bb2dd34717b5090b3a780afde450ea1c15fc3f894160f695f64640f3b628,2024,4427331,Khafre,Brown,WR,South Florida,Arkansas,receiving_yds,2024,1,1,0.9008348617023284,0.859375,0.009833724653596334,0.019775390625
44b06623e7754fc78a516cf1e810dd5ec44ee183f874e1a293dbdaf4f0e38158,2024,4572040,George,Johnson III,WR,Massachusetts,Florida Atlantic,receiving_yds,2024,1,1,0.8999892632779241,0.859375,0.01000214745969239,0.019775390625
7489aa1d192aa4c4d83488451ba84478c8722f6e5a39cff299a9792ae198485d,2024,4685458,Shawn,Miller,WR,Illinois,New Mexico,receiving_yds,2024,1,1,0.7475378048786174,0.859375,0.06373715996550705,0.019775390625
6c89286d863b124aace1dd6ff489cca3225f1209d4299016fc3f9e674f82c4db,2024,4827041,Jacob,Bostick,WR,Iowa,Texas A&M,receiving_yds,2024,1,1,0.7567661146213416,0.859375,0.05916272299639834,0.019775390625
02975e6d3d303332c2d6a10a24a3be123c2f7733c54163f9a2934bddbbc80eb5,2024,4685490,Bugs,Mortimer,WR,UL Monroe,Western Michigan,receiving_yds,2024,1,1,0.9470954878547244,0.859375,0.002798887405329612,0.019775390625
21ca1ec6091723cd14a695e689a4afdef4acb3c7cdba2706927b420e1257fd68,2024,4683153,Skyler,Bell,WR,Wisconsin,UConn,receiving_yds,2024,1,1,0.9194596135974126,0.859375,0.006486753841878089,0.019775390625
8b9a8b2757e912ceadb4231ec8526f052451156bfbb78141473615a16a1f5dd9,2024,4900903,Senika,McKie,WR,UNLV,Coastal Carolina,receiving_yds,2024,1,1,0.915969057063772,0.859375,0.007061199370751612,0.019775390625
924fb74d38091e0519457a314e3c670a0861e6f2a2ec77b12cfd14ddcbb3cca4,2024,4574327,Marlyn,Johnson,WR,Buffalo,Florida Atlantic,receiving_yds,2024,1,1,0.9177238581460055,0.859375,0.006769363518378618,0.019775390625
91343cb5135868cd6509ce69d75b3a59813d2743ea56773df1c8cd0b00cbc439,2024,4891852,Jordan,Smart,WR,North Texas,Ole Miss,receiving_yds,2024,1,1,0.9228542328926737,0.859375,0.005951469382577836,0.019775390625
54bbd34bef62ea6b8f49c803f7372fcddce762266a2fc0202cd183ee5a445bd4,2024,4569086,Charles,Ross,WR,San José State,USC,receiving_yds,2024,1,1,0.9145792856657752,0.859375,0.007296698437369242,0.019775390625
bb82335c2d6de876aec4de15c6d19fc6cbcc49dae9268cddbbd8080abf42efc2,2024,4870631,Derrick,Bohler,WR,Indiana,Stephen F. Austin,receiving_yds,2024,1,1,0.750639493156336,0.859375,0.062180662373328976,0.019775390625
df8de264f8c79ef05dc8a2cad37e44efac3c7f316d1d3cc593a95501b19b04e8,2024,4565879,Diante,Vines,WR,Iowa,Old Dominion,receiving_yds,2024,1,1,0.9206454704244217,0.859375,0.006297141364161333,0.019775390625
98c73fbef7121f3f5dbdf20910878f37fd8aefc542e04fb40268d34696acc3e5,2024,4430846,Porter,Rooks,WR,NC State,Eastern Michigan,receiving_yds,2024,0,0,0.9141465264454375,0.859375,0.8356638718122589,0.738525390625
d7ad3255b4bc370649c17e2de79e3e49909974c336bf0c0a7049d0063e444cfc,2024,4613087,Jamaal,Bell,WR,Nevada,Baylor,receiving_yds,2024,1,1,0.9661048980075725,0.859375,0.0011488779390770635,0.019775390625
b65f8c795a402b9054b27ff7c8e3fbdf39861d04216a857065a872f0d3a3de20,2024,4686357,Gamarion,Carter,WR,Vanderbilt,Middle Tennessee,receiving_yds,2024,1,1,0.8994468935415201,0.859375,0.010110927218450397,0.019775390625
895c5960fe470ef96446c53bc60148bca8a30490ca233bdbc313bcadd89c2654,2024,4700456,Jaden,Williams,WR,Boston College,Texas State,receiving_yds,2024,1,1,0.9140005145861707,0.859375,0.007395911491443437,0.019775390625
c00aeba941fbe1c57c1b4e9de2f697b44274b03605cb829652e98d328578dcfd,2024,4431651,Elijah,Metcalf,WR,Middle Tennessee,Marshall,receiving_yds,2024,1,1,0.914397298535093,0.859375,0.007327822498089992,0.019775390625
4083a0757ac8cae269bc2cbc5af1e2d922485e1504a441a4e6829c5e431f0c57,2024,4360930,Jyaire,Shorter,WR,Auburn,Memphis,receiving_yds,2024,1,1,0.9023225032949547,0.859375,0.009540893362564142,0.019775390625
650d525148006cbdd42bb8cac922bd6e99c7f9ed77cc086f33a234a9870fac17,2024,5121601,Hunter,Summers,WR,Tulane,Arkansas State,receiving_yds,2024,1,1,0.7475378048786174,0.859375,0.06373715996550705,0.019775390625
5e5f5c71c3e3cc45e182b7ffa2168a76543477fbce6fbfe0f61f519d06d71609,2024,4922992,Israel,Polk,WR,Pittsburgh,Akron,receiving_yds,2024,1,1,0.9045001103280493,0.859375,0.00912022892735475,0.019775390625
ff7cce3ac0fced84f6220463f4c24cf0f674b289ec35675cc9e25c8bbc993713,2024,4896389,Louis,Brown IV,WR,Colorado State,San Diego State,receiving_yds,2024,1,1,0.9112538211424336,0.859375,0.007875884261819168,0.019775390625
b7a04cda4d55b62455ea346e050d0045601af5a48a21e06ffb654695d7375f22,2024,4838532,Tyler,Griffin,WR,UCF,UL Monroe,receiving_yds,2024,1,1,0.750639493156336,0.859375,0.062180662373328976,0.019775390625
cfe6508513c35f64bce9b20dcbccfe53c06be5ed45f0e045d367a150ea1e5123,2024,4574651,Solomon,Davis,WR,Valparaiso,Central Michigan,receiving_yds,2024,1,1,0.8891840182934216,0.859375,0.01228018180159271,0.019775390625
d22eb5211697673d7ac2cbef6495d2cd7abe6fdfa1173f742f20ae50223067b9,2024,5153056,DT,Sheffield,WR,Washington State,North Texas,receiving_yds,2024,1,1,0.9126052133746044,0.859375,0.00763784872929842,0.019775390625
b348ffba2207b892d8a767eced9752eb56be5839f57679ff23ca405fcfd6a212,2024,4695707,Juju,Lewis,WR,Georgia Tech,Florida International,receiving_yds,2024,1,1,0.7475378048786174,0.859375,0.06373715996550705,0.019775390625
0eaad92e08f96c934b70f6b8c0d743e8d412c7c47f0ca85f1a64ae4de4fb5a4d,2024,4569181,Kyle,Maxwell,WR,Louisiana Tech,Washington State,receiving_yds,2024,1,1,0.9054426543082941,0.859375,0.008941091624260778,0.019775390625
3ca8048a1400ce418b187da7cda2661cbaf0b7d1eda9ecb4496ffd3a87abe3f6,2024,4430993,LV,Bunkley-Shelton,WR,Oklahoma,Georgia Southern,receiving_yds,2024,1,1,0.9077290548681062,0.859375,0.00851392731553296,0.019775390625
e8d75f9c287e54b18d207c7b31ff91bb13fab35d5a3a4c7ece72d86d5dbf3a3d,2024,4685110,Anthony,Smith,WR,NC State,East Carolina,receiving_yds,2024,1,1,0.9065222934638527,0.859375,0.008738081619258074,0.019775390625
6e2796d22b78532d47f56a51ca4585a229b26eb4cef401330a67a591fe086705,2024,5221077,Andre,Jones,WR,Eastern New Mexico,Coastal Carolina,receiving_yds,2024,0,1,0.750639493156336,0.859375,0.5634596486860011,0.738525390625
7977a012bf50bae2eb0fffc6572e3d648fa8a8511b2cf91d5d4383aae1436596,2024,4899470,Ja'Koby,Banks,WR,Houston,Memphis,receiving_yds,2024,1,1,0.7537156294784813,0.859375,0.06065599116318073,0.019775390625
f7714c4b72db83c77e8ab38d56bc9617790a3806ed03e207835fdede2760b35f,2024,4429133,Malik,Hornsby,WR,Texas State,Arkansas State,receiving_yds,2024,1,1,0.3028366663194079,0.859375,0.4860367138286365,0.019775390625
73db234197efcfc1b643aae512b90bdd3ef7b48ab90b9356211ab8f60a938828,2024,4702790,DJ,Allen,WR,TCU,UTSA,receiving_yds,2024,1,1,0.9090416490046136,0.859375,0.00827342161579991,0.019775390625
0d8ae6b8df24952224b67400e30170614f2be253a03681929189a819337dbee0,2024,5093183,Demarcus,Lacey,WR,North Alabama,Jacksonville State,receiving_yds,2024,1,1,0.9996358977220597,0.859375,1.3257046880128574e-07,0.019775390625
a16316601235b61ff03dc314b880abe598d2a09c8fa062472ca2ce163c4c06f6,2024,4566153,Blaine,Green,WR,Oklahoma State,Stephen F. Austin,receiving_yds,2024,1,1,0.9162698403867191,0.859375,0.0070107396288654955,0.019775390625
f9f7706752b641f0c2050e673b0a06584cbf43a005d8948c59c7c04f705f03bb,2024,4431174,Taji,Johnson,WR,Boston College,Buffalo,receiving_yds,2024,1,1,0.8973445200818441,0.859375,0.010538147557226917,0.019775390625
41663a89114962045b11635de0280b448298f52fd8a63e80fef02247c1a9429d,2024,4685704,Larry,Simmons,WR,Ole Miss,Southern Miss,receiving_yds,2024,1,1,0.7475378048786174,0.859375,0.06373715996550705,0.019775390625
c9f27070cb3bf6fa81ec2f2618bc92afa9d7e6e02b7143b5cc10aa9d77732ef2,2024,4430470,TJ,Sheffield,WR,Purdue,UConn,receiving_yds,2024,1,1,0.9148756117994191,0.859375,0.0072461614665231934,0.019775390625
997f6d6ca3dff5200b40c77c7cdfd56b7c044aa3292ad9b254b4ea7ad3baec0c,2024,4426463,Dannis,Jackson,WR,Missouri,Southern Miss,receiving_yds,2024,1,1,0.7537156294784813,0.859375,0.06065599116318073,0.019775390625
c380e27765659da7d3fbc231b38d753b218a66b5f50a83a5668c9b44f8368a99,2024,4426343,Frank,Ladson Jr.,WR,Miami,Massachusetts,receiving_yds,2024,0,0,0.7537156294784813,0.859375,0.5680872501201433,0.738525390625
263c3c28562d88b10c9209266eefa323128fe0d8a9df185eb155e6e722b55c0e,2024,4879298,Trey,Goodman,WR,Austin Peay,UTEP,receiving_yds,2024,1,1,0.8836424181724105,0.859375,0.013539086848764183,0.019775390625
29c5fd6c7d5be03995a6d31cc383bd2c365504a826aabec81be064fe408fda63,2024,4569001,Cam,Ross,WR,UConn,James Madison,receiving_yds,2024,1,1,0.9324905798145425,0.859375,0.004557521813776652,0.019775390625
eb2e21f455c6769444d63ace515acc92a000055aa73cea5b8ca13732e75cc892,2024,4602966,Jacob,Gill,WR,Northwestern,Iowa,receiving_yds,2024,1,1,0.9032322156846246,0.859375,0.009364004081307005,0.019775390625
12b76686ecc6d7e21ecb8796967b5e2ed44dfe1f01c6d69ea9da064486b5d156,2024,4428163,Donovan,Ollie,WR,Cincinnati,Colorado State,receiving_yds,2024,1,1,0.9032911472668603,0.859375,0.009352602196960097,0.019775390625
99d1da1f99674fcccccec602e82f407c597949612d79db0d1f5a04a922adcf55,2024,4428167,Justin,Olson,WR,Middle Tennessee,Charlotte,receiving_yds,2024,1,1,0.9227080380487118,0.859375,0.00597404738227938,0.019775390625
a9720c7f0e732f281e34decc2b8c3422ad551d48ef1a542edea80d9b0fac3cf5,2024,4888131,Antonio,Jones,WR,Grambling,Temple,receiving_yds,2024,1,1,0.9241460855378251,0.859375,0.005753816339234951,0.019775390625
1b8bd9ed59013da3a52eae9139244ae06d68ffc91a1d6001c7199c469ebd3229,2024,5084310,Kenji,Lewis,WR,Arkansas-Pine Bluff,Northern Illinois,receiving_yds,2024,0,0,0.9067488065435032,0.859375,0.8221933981680674,0.738525390625
590564d3b9b3230e57628e70723cb84c2e7c65f7b4c8ef9d41f597963c291082,2024,5081996,Jeremiah,Aaron,WR,West Virginia,North Texas,receiving_yds,2024,1,1,0.9033990879520266,0.859375,0.00933173620850029,0.019775390625
c49f93a04501e4810d0110113e5a5ccc6b82a50ce799ae8d96efcaa90e60804f,2024,5152414,Beau,Sparks,WR,Utah Tech,Texas State,receiving_yds,2024,1,1,0.8836746973018953,0.859375,0.013531576047805685,0.019775390625
c01201084b121256439f14e7f4d5838a419005067ca7247ed6295583f5c5c809,2024,4570115,Samario,Rudolph,WR,UAB,Jacksonville State,receiving_yds,2024,1,1,0.9055524759604263,0.859375,0.008920334797205848,0.019775390625
d98a36464a9dcefd5238524934943d3e99bc6f6203642c018f5f01e7abfd4d9a,2024,4690159,Sebastian,Brown,WR,Michigan State,Kent State,receiving_yds,2024,0,1,0.7380805511606281,0.859375,0.5447629000015766,0.738525390625
455ca661e38bc7fb3ab64bfe1eaffc047fe265776b3b18193d3d8d6e703f6cb4,2024,4572873,CJ,Charleston,WR,Youngstown State,Michigan,receiving_yds,2024,1,1,0.9101820721373569,0.859375,0.008067260165538957,0.019775390625
9b11bef3371190ab341b29e4933e0bf77c7973337747a6e91b39cf2714449ede,2024,4428719,Milan,Tucker,WR,App State,Florida Atlantic,receiving_yds,2024,1,1,0.7779566085524153,0.859375,0.04930326768554532,0.019775390625
21fcc771750b39d240bb9b57dbb69d6d88ced5327ca0389d792b864eac2d12c0,2024,4430657,Devin,Price,WR,Florida Atlantic,Ole Miss,receiving_yds,2024,0,0,0.8990017346122879,0.859375,0.8082041188359026,0.738525390625
01f53337808921d68ee401ddc11c09b65d60d5025fd2419452e29879c93cf389,2024,4709669,Christian,Moss,WR,Virginia Tech,Kennesaw State,receiving_yds,2024,1,1,0.7444106725400478,0.859375,0.06532590431143069,0.019775390625
e1258e92caf45cb85d219d2090a6673459c00537955992819dc3491aa0a8e1a6,2024,4869733,Zavier,Short,WR,South Carolina,App State,receiving_yds,2024,0,0,0.7444106725400478,0.859375,0.5541472493915263,0.738525390625
e456dbe82d008d37194ccc5a1dc4203a6c0e9529cdc349935306a6c63d247ea5,2024,5103852,Dalton,Carnes,WR,Houston,North Texas,receiving_yds,2024,1,1,0.911121836437529,0.859375,0.007899327958237352,0.019775390625
0e7da0cfca0dd7bdc6acc6b6bfe593529e06d11996ecda2c94f978ba6b1a46c7,2024,4432721,Dino,Kaliakmanis,WR,Minnesota,Rutgers,receiving_yds,2024,0,1,0.7444106725400478,0.859375,0.5541472493915263,0.738525390625
3d8baf213590aaeddad9ff548d2f5fe1487a6bb99a451206e17793f18cc93745,2024,4571114,JJ,Jenkins,WR,Columbia,Buffalo,receiving_yds,2024,1,1,0.8889832669615364,0.859375,0.012324715014533496,0.019775390625
0ea5e512e6aec9dbfffd6fd515c1e573f13e2297fafed1bba214d7b47caaf95b,2024,4686145,Bryce,Childress,WR,Troy,Western Kentucky,receiving_yds,2024,1,1,0.7475378048786174,0.859375,0.06373715996550705,0.019775390625
02ae48e1f3622359961b2f3c91e140070400b058dca933dd6942e448ea2afdaf,2024,4429989,Stanley,King,WR,Northwestern State,Kent State,receiving_yds,2024,1,1,0.901813826636586,0.859375,0.00964052463975038,0.019775390625
5b0a1bf6b36690da76f0e4f108c4157155b6b2770497015a9f06ec326b772523,2024,4898646,Keshawn,Brown,WR,Duquesne,Massachusetts,receiving_yds,2024,1,1,0.9245112042121424,0.859375,0.005698558289500869,0.019775390625
70e5dd9e0917fbea4f872c443b7df70503731ef7f523979001b07473838acc74,2024,4430323,Ja'Shaun,Poke,WR,West Virginia,San Diego State,receiving_yds,2024,1,1,0.9062288658528804,0.859375,0.008793025599237095,0.019775390625
07c721fea5c43977bd090f84a16b9f2310d00a885a683ededf38b1c5d9bc96cc,2024,5081997,Cortez,Braham Jr.,WR,West Virginia,Nevada,receiving_yds,2024,1,1,0.9040404268484735,0.859375,0.009208239679423162,0.019775390625
03528c35083dd1d00aee95f59c5a440b08de910ab013661c3f182d15cc4e405c,2024,4682654,Jeremiah,Ballard,WR,UTEP,Tulsa,receiving_yds,2024,1,1,0.9163944906608696,0.859375,0.006989881191855413,0.019775390625
d4bd6c45aeca5f817fa7da9cb6a4e0d16de61eca44603deabae5ba707f175f37,2024,5152920,TyQuan,Henderson,WR,Southern Miss,Jackson State,receiving_yds,2024,1,1,0.8908599548000109,0.859375,0.011911549466255663,0.019775390625
b2e60db9d2c6f0033eccd01247871476d6977a8684663fa39a82bc08b838a89e,2024,5083747,Justin,Bowick,WR,Eastern Illinois,Ball State,receiving_yds,2024,1,1,0.8913327895273689,0.859375,0.011808562631903097,0.019775390625
7a830933381c094e4f05bbc30c131bd0a5229d0b017858b8d1795e3bf1aace90,2024,4430518,Brannon,Spector,WR,Clemson,Jacksonville State,receiving_yds,2024,0,0,0.9075544881985755,0.859375,0.8236551490493784,0.738525390625
7e2751d28f40bfb5d4e75f967344a7bc8baf1900cde74b1ffab4acf4768497e6,2024,4917048,Dominique,Henry,WR,BYU,Florida Atlantic,receiving_yds,2024,1,1,0.7444106725400478,0.859375,0.06532590431143069,0.019775390625
406a3356eb28b9708389a85a98de69b37c18b3f6e66d64f6b2f84c89d644ddbb,2024,4691714,Reginald,Harden Jr.,WR,Benedict,Arkansas State,receiving_yds,2024,1,1,0.7380805511606281,0.859375,0.06860179768032036,0.019775390625
25a612bb9eb61527cd5e8555a082feed689721c1cc45c2e5984df32c7de5486a,2024,5153727,Ashton,Nickelberry,WR,Austin Peay,UTEP,receiving_yds,2024,1,1,0.7380805511606281,0.859375,0.06860179768032036,0.019775390625
d6ac6fbeb2ee53c097d1db3c91f8722698efcc7214a83b7f51ca4f07fc9edb71,2024,5163021,Jake,Godfrey,WR,New Mexico,UL Monroe,receiving_yds,2024,1,1,0.9030295685842258,0.859375,0.00940326456896137,0.019775390625
c55eaeb745f6018ddf1f7237a662de972af9ca434e467821b383289190c89c0d,2024,5082676,Jake,Parnagian,WR,Washington,Fresno State,receiving_yds,2024,0,0,0.7475378048786174,0.859375,0.5588127697227419,0.738525390625
17b7d892a8b1948f2d674611f51ff6a78f4527125568fef6361b653594572971,2024,4432555,JJ,Sparkman,WR,Texas Tech,UTSA,receiving_yds,2024,1,1,0.9072211681133981,0.859375,0.008607911646242328,0.019775390625
f063e5b7b409e7aa8696a52e30c78e09c02165d52ddcb73c905b79c7ace37269,2024,5178972,Jakobie,Keeney-James,WR,Eastern Washington,Massachusetts,receiving_yds,2024,1,1,0.9085795555379842,0.859375,0.008357697665632517,0.019775390625
cfc5fad594b48c45e870952acc61881804eee422d0aa1f7d1b476cdc07ec4ea8,2024,4611985,Zyell,Griffin,WR,UNLV,Eastern Michigan,receiving_yds,2024,1,1,0.9045969802196638,0.859375,0.009101736183207212,0.019775390625
b715ab7516a1210e03883004f751364b8ebca16c1c128a70dd2b320239391969,2024,4812374,Terrell,Crosby Jr.,WR,Iowa State,Toledo,receiving_yds,2024,1,1,0.7444106725400478,0.859375,0.06532590431143069,0.019775390625
fb439344ec9caf80ff485b83e4e561a19a27b29f82993b9d1c2b9f64344daf25,2024,5220256,Donte,Lee Jr.,WR,Shaw,Liberty,receiving_yds,2024,1,1,0.7380805511606281,0.859375,0.06860179768032036,0.019775390625
87a33ae23dcf3ba2efe6c5c23071429657ab6a2bd34622645701b8abf02cf44b,2024,4608606,Tyson,Mobley,WR,Coastal Carolina,Liberty,receiving_yds,2024,1,1,0.91252215866594,0.859375,0.007652372724466977,0.019775390625
67eed8b8799a733cc2d88bb0b995ef712df7d7eac5d73bf6938c78f71bbdedc7,2024,4701951,Omari,Kelly,WR,Auburn,Middle Tennessee,receiving_yds,2024,1,1,0.9071753414145893,0.859375,0.008616417241498055,0.019775390625
b79caf311422656c234d62ca824f4f589e840c72848786db637f8c24b16e3b08,2024,4431632,Caleb,Coombs,WR,Marshall,Florida Atlantic,receiving_yds,2024,1,1,0.9095723415458897,0.859375,0.008177161413493221,0.019775390625
c90257f06574253f9f288176f9d4efd13740cd085dce8fecd4059344102bf0da,2024,4362188,Sterling,Galban,WR,Jacksonville State,Massachusetts,receiving_yds,2024,1,1,0.9345161399511072,0.859375,0.004288135926902983,0.019775390625
e5fadd97b26bb92fd20da25c408077138c287c701c17f41d77ee3513571515fd,2024,4710843,Jasaiah,Gathings,WR,Akron,UConn,receiving_yds,2024,1,1,0.9252935807603511,0.859375,0.0055810490756101885,0.019775390625
c297981d9ebd245bdc510553aa8b708261df68c738c0392747b99879c48b304f,2024,4833016,Chedon,James,WR,Idaho State,Fresno State,receiving_yds,2024,1,1,0.9033956688413296,0.859375,0.009332396798614057,0.019775390625
448ca01e56b6c1e1d2e3d8ccbec9978da6ca638c692cad3496c2b7fa96a3a265,2024,5092983,Luke,Shields,WR,Virginia Tech,Tennessee Tech,receiving_yds,2024,1,1,0.7018219048982287,0.859375,0.08891017639852096,0.019775390625
ceadc8f51da88088a96560522809a6fe6460ec823facf40068f908378c925eff,2024,4880358,Cam,Pedro,WR,Marshall,Southeast Missouri State,receiving_yds,2024,1,1,0.7272214809768786,0.859375,0.07440812044044742,0.019775390625
dcc8f0587b349cf1f5df92aef54b0d221226c96aa84eae2542d3238752a0ea50,2024,4685358,Kevin,Green Jr.,WR,Arizona,Washington,receiving_yds,2024,0,0,0.916825134926925,0.859375,0.8405683280337741,0.738525390625
5860bcea5e86989498e5d509b92f6f53d5bde613c6872f89568459094f04f900,2024,4870959,Shamar,Porter,WR,Kentucky,UConn,receiving_yds,2024,1,1,0.7537156294784813,0.859375,0.06065599116318073,0.019775390625
6e49aad3336ea0dac6fa59dd88015d7145c056cdc586e744b9d08b6b4af10064,2024,5079499,Audric,Harris,WR,Arizona,Washington,receiving_yds,2024,1,1,0.7657627987488256,0.859375,0.05486706644998319,0.019775390625
8648267860d0efb7be8bf44964df002e7b2d5be9f0ddbbd49ecaa042632a32c9,2024,4870743,William,Fowles,WR,Louisville,App State,receiving_yds,2024,1,1,0.906761512823277,0.859375,0.00869341549100394,0.019775390625
e96f2de3aaa84077a73301942e3b3df7c5853cf173b894fa4fb583e95a6ee0e6,2024,5085609,TreyShun,Hurry,WR,Weber State,San José State,receiving_yds,2024,1,1,0.9360898868439941,0.859375,0.004084502563613481,0.019775390625
19310a51316b5f38b9ed66a509068c0202ced3c2cc11d4ff1c1ee209cb6d04ee,2024,5150377,Tyler,Williams,WR,Georgia,Minnesota,receiving_yds,2024,1,1,0.9510259161874548,0.859375,0.0023984608852782017,0.019775390625
aea7582a7a3afcda9809cbe4cbf11ffab92e01c9f09527772c18fe3c0d881d4e,2024,4892983,Terrell,Timmons Jr.,WR,NC State,Colorado,receiving_yds,2024,1,1,0.9217002203431438,0.859375,0.006130855494312231,0.019775390625
bef6426286409946413d82c7688d18af4a1c380849e4065b36dc71e15ef97787,2024,5151976,Reymello,Murphy,WR,Old Dominion,Arizona,receiving_yds,2024,1,1,0.9085519729410314,0.859375,0.008362741652977852,0.019775390625
1f00bbc6ffd1c11071eb5ebf59953cf4164be68272a3bff49eb01e20cf35713c,2024,5089182,CJ,Nelson,WR,Houston,Eastern Illinois,receiving_yds,2024,1,1,0.7537156294784813,0.859375,0.06065599116318073,0.019775390625
88a91bd41353f3f75e59e62cf6d5cfa303360a6dda7f8df6486e37a7387cc3bc,2024,4912361,Devan,Williams,WR,Tulsa,Houston,receiving_yds,2024,1,1,0.9200318000614972,0.859375,0.006394913001404358,0.019775390625
80f255307435c6d931093ee370745d3f70ef39276c96a5ac0c797c4d74c3ae16,2024,5092666,Trey,Firestone,WR,Purdue,Ball State,receiving_yds,2024,0,0,0.741258212798201,0.859375,0.5494637380407831,0.738525390625
f1898fcfcbe1536d581e5a2c11316c5efb764736b49ff9b26caac4d9a57d171c,2024,5078272,Bryce,Cohoon,WR,Syracuse,Kansas,receiving_yds,2024,0,1,0.750639493156336,0.859375,0.5634596486860011,0.738525390625
c0a950f91c27e707b9056f25c08888cf9f3ce775c90b1a356f62a97cb6b8faa0,2024,4683543,RJ,Garcia II,WR,Kansas State,Bowling Green,receiving_yds,2024,0,0,0.911648865612599,0.859375,0.8311036541727385,0.738525390625
c21f78d207339e6101432e1448e9653ac329b5c212b1f0cec40afb3a5495dbfb,2024,4883774,Jayden,McGowan,WR,Vanderbilt,Boston College,receiving_yds,2024,1,1,0.9873616222049334,0.859375,0.00015972859329083255,0.019775390625
97f8762fff76357f5037886aefc4ccdf82b9dfbf742b28a63b4b3569603c62cb,2024,5083068,Kenny,Odom,WR,Austin Peay,UTEP,receiving_yds,2024,1,1,0.7747957616439782,0.859375,0.05071694897351586,0.019775390625
7dcb1e8cd59d36c7e3772cb9b3b4a45f7810dcd5e45e8a9f580ac6110ad0ea6e,2024,4685364,Andre,Greene Jr.,WR,North Carolina,Virginia,receiving_yds,2024,1,1,0.9137470504673064,0.859375,0.007439571303089386,0.019775390625
0384af05e82bf083e65eb744fbac21e6af406f2ac0497f30576ccbb3f6526310,2024,4700147,Joseph,Griffin Jr.,WR,Boston College,Wisconsin,receiving_yds,2024,0,0,0.9219041805409952,0.859375,0.8499073180989639,0.738525390625
